{
  "初代跑男重聚": {
    "href": "https://s.weibo.com/weibo?q=%23%E5%88%9D%E4%BB%A3%E8%B7%91%E7%94%B7%E9%87%8D%E8%81%9A%23&t=31&band_rank=1&Refer=top",
    "hot": 1888394,
    "zhong": "综艺"
  },
  "王一博从ye到yue": {
    "href": "https://s.weibo.com/weibo?q=%23%E7%8E%8B%E4%B8%80%E5%8D%9A%E4%BB%8Eye%E5%88%B0yue%23&t=31&band_rank=2&Refer=top",
    "hot": 1454524,
    "zhong": "电影"
  },
  "消博会开馆首日有哪些亮点": {
    "href": "https://s.weibo.com/weibo?q=%23%E6%B6%88%E5%8D%9A%E4%BC%9A%E5%BC%80%E9%A6%86%E9%A6%96%E6%97%A5%E6%9C%89%E5%93%AA%E4%BA%9B%E4%BA%AE%E7%82%B9%23&t=31&band_rank=3&Refer=top",
    "hot": 1199669,
    "zhong": ""
  },
  "卫健局回应男生高考体检被要求脱内裤": {
    "href": "https://s.weibo.com/weibo?q=%23%E5%8D%AB%E5%81%A5%E5%B1%80%E5%9B%9E%E5%BA%94%E7%94%B7%E7%94%9F%E9%AB%98%E8%80%83%E4%BD%93%E6%A3%80%E8%A2%AB%E8%A6%81%E6%B1%82%E8%84%B1%E5%86%85%E8%A3%A4%23&t=31&band_rank=4&Refer=top",
    "hot": 1049412,
    "zhong": ""
  },
  "游客举报淄博出租司机不打表多收5元": {
    "href": "https://s.weibo.com/weibo?q=%23%E6%B8%B8%E5%AE%A2%E4%B8%BE%E6%8A%A5%E6%B7%84%E5%8D%9A%E5%87%BA%E7%A7%9F%E5%8F%B8%E6%9C%BA%E4%B8%8D%E6%89%93%E8%A1%A8%E5%A4%9A%E6%94%B65%E5%85%83%23&t=31&band_rank=5&Refer=top",
    "hot": 984145,
    "zhong": ""
  },
  "鹿晗直播": {
    "href": "https://s.weibo.com/weibo?q=%E9%B9%BF%E6%99%97%E7%9B%B4%E6%92%AD&t=31&band_rank=6&Refer=top",
    "hot": 831978,
    "zhong": ""
  },
  "娜扎异域神女造型": {
    "href": "https://s.weibo.com/weibo?q=%23%E5%A8%9C%E6%89%8E%E5%BC%82%E5%9F%9F%E7%A5%9E%E5%A5%B3%E9%80%A0%E5%9E%8B%23&t=31&band_rank=7&Refer=top",
    "hot": 799967,
    "zhong": ""
  },
  "邓超晒跑男合照说weare伐木累": {
    "href": "https://s.weibo.com/weibo?q=%23%E9%82%93%E8%B6%85%E6%99%92%E8%B7%91%E7%94%B7%E5%90%88%E7%85%A7%E8%AF%B4weare%E4%BC%90%E6%9C%A8%E7%B4%AF%23&t=31&band_rank=8&Refer=top",
    "hot": 684085,
    "zhong": "综艺"
  },
  "口腔诊所借杨颖正畸案例宣传被罚": {
    "href": "https://s.weibo.com/weibo?q=%23%E5%8F%A3%E8%85%94%E8%AF%8A%E6%89%80%E5%80%9F%E6%9D%A8%E9%A2%96%E6%AD%A3%E7%95%B8%E6%A1%88%E4%BE%8B%E5%AE%A3%E4%BC%A0%E8%A2%AB%E7%BD%9A%23&t=31&band_rank=9&Refer=top",
    "hot": 576314,
    "zhong": ""
  },
  "BLG晋级MSI": {
    "href": "https://s.weibo.com/weibo?q=%23BLG%E6%99%8B%E7%BA%A7MSI%23&t=31&band_rank=10&Refer=top",
    "hot": 482495,
    "zhong": ""
  },
  "刘亚仁体内检出第5种毒品": {
    "href": "https://s.weibo.com/weibo?q=%23%E5%88%98%E4%BA%9A%E4%BB%81%E4%BD%93%E5%86%85%E6%A3%80%E5%87%BA%E7%AC%AC5%E7%A7%8D%E6%AF%92%E5%93%81%23&t=31&band_rank=11&Refer=top",
    "hot": 475619,
    "zhong": ""
  },
  "长月烬明": {
    "href": "https://s.weibo.com/weibo?q=%E9%95%BF%E6%9C%88%E7%83%AC%E6%98%8E&t=31&band_rank=12&Refer=top",
    "hot": 472985,
    "zhong": "剧集"
  },
  "陈都灵孙千撞衫": {
    "href": "https://s.weibo.com/weibo?q=%23%E9%99%88%E9%83%BD%E7%81%B5%E5%AD%99%E5%8D%83%E6%92%9E%E8%A1%AB%23&t=31&band_rank=13&Refer=top",
    "hot": 461857,
    "zhong": ""
  },
  "马龙1比3林昀儒": {
    "href": "https://s.weibo.com/weibo?q=%23%E9%A9%AC%E9%BE%991%E6%AF%943%E6%9E%97%E6%98%80%E5%84%92%23&t=31&band_rank=14&Refer=top",
    "hot": 443375,
    "zhong": ""
  },
  "王源演唱会广州站许可证": {
    "href": "https://s.weibo.com/weibo?q=%23%E7%8E%8B%E6%BA%90%E6%BC%94%E5%94%B1%E4%BC%9A%E5%B9%BF%E5%B7%9E%E7%AB%99%E8%AE%B8%E5%8F%AF%E8%AF%81%23&t=31&band_rank=15&Refer=top",
    "hot": 430611,
    "zhong": "音乐"
  },
  "男子入职6分钟身亡被认定工亡": {
    "href": "https://s.weibo.com/weibo?q=%23%E7%94%B7%E5%AD%90%E5%85%A5%E8%81%8C6%E5%88%86%E9%92%9F%E8%BA%AB%E4%BA%A1%E8%A2%AB%E8%AE%A4%E5%AE%9A%E5%B7%A5%E4%BA%A1%23&t=31&band_rank=16&Refer=top",
    "hot": 412397,
    "zhong": ""
  },
  "aespa妆造": {
    "href": "https://s.weibo.com/weibo?q=aespa%E5%A6%86%E9%80%A0&t=31&band_rank=17&Refer=top",
    "hot": 394348,
    "zhong": "音乐"
  },
  "刘雯再登美国版VOGUE封面": {
    "href": "https://s.weibo.com/weibo?q=%23%E5%88%98%E9%9B%AF%E5%86%8D%E7%99%BB%E7%BE%8E%E5%9B%BD%E7%89%88VOGUE%E5%B0%81%E9%9D%A2%23&t=31&band_rank=18&Refer=top",
    "hot": 389272,
    "zhong": ""
  },
  "EDG": {
    "href": "https://s.weibo.com/weibo?q=EDG&t=31&band_rank=19&Refer=top",
    "hot": 344452,
    "zhong": ""
  },
  "淄博烧烤的热度能持续多久": {
    "href": "https://s.weibo.com/weibo?q=%23%E6%B7%84%E5%8D%9A%E7%83%A7%E7%83%A4%E7%9A%84%E7%83%AD%E5%BA%A6%E8%83%BD%E6%8C%81%E7%BB%AD%E5%A4%9A%E4%B9%85%23&t=31&band_rank=20&Refer=top",
    "hot": 338865,
    "zhong": "投票"
  },
  "高校图书馆非事业编岗位百人竞争": {
    "href": "https://s.weibo.com/weibo?q=%23%E9%AB%98%E6%A0%A1%E5%9B%BE%E4%B9%A6%E9%A6%86%E9%9D%9E%E4%BA%8B%E4%B8%9A%E7%BC%96%E5%B2%97%E4%BD%8D%E7%99%BE%E4%BA%BA%E7%AB%9E%E4%BA%89%23&t=31&band_rank=21&Refer=top",
    "hot": 337940,
    "zhong": "投票"
  },
  "章若楠齐刘海卷发": {
    "href": "https://s.weibo.com/weibo?q=%23%E7%AB%A0%E8%8B%A5%E6%A5%A0%E9%BD%90%E5%88%98%E6%B5%B7%E5%8D%B7%E5%8F%91%23&t=31&band_rank=22&Refer=top",
    "hot": 335400,
    "zhong": ""
  },
  "真的要开始存钱了": {
    "href": "https://s.weibo.com/weibo?q=%23%E7%9C%9F%E7%9A%84%E8%A6%81%E5%BC%80%E5%A7%8B%E5%AD%98%E9%92%B1%E4%BA%86%23&t=31&band_rank=23&Refer=top",
    "hot": 332328,
    "zhong": ""
  },
  "长月烬明十二神全部陨落": {
    "href": "https://s.weibo.com/weibo?q=%23%E9%95%BF%E6%9C%88%E7%83%AC%E6%98%8E%E5%8D%81%E4%BA%8C%E7%A5%9E%E5%85%A8%E9%83%A8%E9%99%A8%E8%90%BD%23&t=31&band_rank=24&Refer=top",
    "hot": 327078,
    "zhong": "剧集"
  },
  "郑彩率去世": {
    "href": "https://s.weibo.com/weibo?q=%E9%83%91%E5%BD%A9%E7%8E%87%E5%8E%BB%E4%B8%96&t=31&band_rank=25&Refer=top",
    "hot": 325942,
    "zhong": ""
  },
  "韩国男爱豆小卡的手指甲": {
    "href": "https://s.weibo.com/weibo?q=%23%E9%9F%A9%E5%9B%BD%E7%94%B7%E7%88%B1%E8%B1%86%E5%B0%8F%E5%8D%A1%E7%9A%84%E6%89%8B%E6%8C%87%E7%94%B2%23&t=31&band_rank=26&Refer=top",
    "hot": 313630,
    "zhong": ""
  },
  "领馆提醒中国留学生勿代收不明快递": {
    "href": "https://s.weibo.com/weibo?q=%23%E9%A2%86%E9%A6%86%E6%8F%90%E9%86%92%E4%B8%AD%E5%9B%BD%E7%95%99%E5%AD%A6%E7%94%9F%E5%8B%BF%E4%BB%A3%E6%94%B6%E4%B8%8D%E6%98%8E%E5%BF%AB%E9%80%92%23&t=31&band_rank=27&Refer=top",
    "hot": 310706,
    "zhong": ""
  },
  "男子让女店员帮试文胸遭怒怼": {
    "href": "https://s.weibo.com/weibo?q=%23%E7%94%B7%E5%AD%90%E8%AE%A9%E5%A5%B3%E5%BA%97%E5%91%98%E5%B8%AE%E8%AF%95%E6%96%87%E8%83%B8%E9%81%AD%E6%80%92%E6%80%BC%23&t=31&band_rank=28&Refer=top",
    "hot": 306802,
    "zhong": ""
  },
  "丫丫乐乐回国细节披露": {
    "href": "https://s.weibo.com/weibo?q=%23%E4%B8%AB%E4%B8%AB%E4%B9%90%E4%B9%90%E5%9B%9E%E5%9B%BD%E7%BB%86%E8%8A%82%E6%8A%AB%E9%9C%B2%23&t=31&band_rank=29&Refer=top",
    "hot": 300989,
    "zhong": ""
  },
  "你会付费看网文吗": {
    "href": "https://s.weibo.com/weibo?q=%23%E4%BD%A0%E4%BC%9A%E4%BB%98%E8%B4%B9%E7%9C%8B%E7%BD%91%E6%96%87%E5%90%97%23&t=31&band_rank=30&Refer=top",
    "hot": 292710,
    "zhong": "投票"
  },
  "玄彬东京活动生图": {
    "href": "https://s.weibo.com/weibo?q=%23%E7%8E%84%E5%BD%AC%E4%B8%9C%E4%BA%AC%E6%B4%BB%E5%8A%A8%E7%94%9F%E5%9B%BE%23&t=31&band_rank=31&Refer=top",
    "hot": 290405,
    "zhong": ""
  },
  "Ale石头人五杀": {
    "href": "https://s.weibo.com/weibo?q=%23Ale%E7%9F%B3%E5%A4%B4%E4%BA%BA%E4%BA%94%E6%9D%80%23&t=31&band_rank=32&Refer=top",
    "hot": 286522,
    "zhong": ""
  },
  "冯小刚我人就在北京": {
    "href": "https://s.weibo.com/weibo?q=%23%E5%86%AF%E5%B0%8F%E5%88%9A%E6%88%91%E4%BA%BA%E5%B0%B1%E5%9C%A8%E5%8C%97%E4%BA%AC%23&t=31&band_rank=33&Refer=top",
    "hot": 279761,
    "zhong": ""
  },
  "陈晓新剧再穿女装": {
    "href": "https://s.weibo.com/weibo?q=%23%E9%99%88%E6%99%93%E6%96%B0%E5%89%A7%E5%86%8D%E7%A9%BF%E5%A5%B3%E8%A3%85%23&t=31&band_rank=34&Refer=top",
    "hot": 264846,
    "zhong": "剧集"
  },
  "leave": {
    "href": "https://s.weibo.com/weibo?q=leave&t=31&band_rank=35&Refer=top",
    "hot": 235716,
    "zhong": ""
  },
  "魔神是澹台烬": {
    "href": "https://s.weibo.com/weibo?q=%23%E9%AD%94%E7%A5%9E%E6%98%AF%E6%BE%B9%E5%8F%B0%E7%83%AC%23&t=31&band_rank=36&Refer=top",
    "hot": 224423,
    "zhong": "剧集"
  },
  "仅1成多人拒绝下班秒回工作": {
    "href": "https://s.weibo.com/weibo?q=%23%E4%BB%851%E6%88%90%E5%A4%9A%E4%BA%BA%E6%8B%92%E7%BB%9D%E4%B8%8B%E7%8F%AD%E7%A7%92%E5%9B%9E%E5%B7%A5%E4%BD%9C%23&t=31&band_rank=37&Refer=top",
    "hot": 219923,
    "zhong": ""
  },
  "李兰迪露背黑裙": {
    "href": "https://s.weibo.com/weibo?q=%23%E6%9D%8E%E5%85%B0%E8%BF%AA%E9%9C%B2%E8%83%8C%E9%BB%91%E8%A3%99%23&t=31&band_rank=38&Refer=top",
    "hot": 210266,
    "zhong": ""
  },
  "长月烬明近三年仙侠剧第一": {
    "href": "https://s.weibo.com/weibo?q=%23%E9%95%BF%E6%9C%88%E7%83%AC%E6%98%8E%E8%BF%91%E4%B8%89%E5%B9%B4%E4%BB%99%E4%BE%A0%E5%89%A7%E7%AC%AC%E4%B8%80%23&t=31&band_rank=39&Refer=top",
    "hot": 210243,
    "zhong": "剧集"
  },
  "当没车的人去超市购物": {
    "href": "https://s.weibo.com/weibo?q=%23%E5%BD%93%E6%B2%A1%E8%BD%A6%E7%9A%84%E4%BA%BA%E5%8E%BB%E8%B6%85%E5%B8%82%E8%B4%AD%E7%89%A9%23&t=31&band_rank=40&Refer=top",
    "hot": 205484,
    "zhong": ""
  },
  "不要把工作当成天大的事": {
    "href": "https://s.weibo.com/weibo?q=%23%E4%B8%8D%E8%A6%81%E6%8A%8A%E5%B7%A5%E4%BD%9C%E5%BD%93%E6%88%90%E5%A4%A9%E5%A4%A7%E7%9A%84%E4%BA%8B%23&t=31&band_rank=41&Refer=top",
    "hot": 205281,
    "zhong": ""
  },
  "赵露思给手表打码": {
    "href": "https://s.weibo.com/weibo?q=%23%E8%B5%B5%E9%9C%B2%E6%80%9D%E7%BB%99%E6%89%8B%E8%A1%A8%E6%89%93%E7%A0%81%23&t=31&band_rank=42&Refer=top",
    "hot": 197683,
    "zhong": ""
  },
  "李沁刘巧珍人生之路收官视频": {
    "href": "https://s.weibo.com/weibo?q=%23%E6%9D%8E%E6%B2%81%E5%88%98%E5%B7%A7%E7%8F%8D%E4%BA%BA%E7%94%9F%E4%B9%8B%E8%B7%AF%E6%94%B6%E5%AE%98%E8%A7%86%E9%A2%91%23&t=31&band_rank=43&Refer=top",
    "hot": 196318,
    "zhong": "剧集"
  },
  "CBA": {
    "href": "https://s.weibo.com/weibo?q=CBA&t=31&band_rank=44&Refer=top",
    "hot": 194079,
    "zhong": ""
  },
  "龙狮男篮战胜山东男篮": {
    "href": "https://s.weibo.com/weibo?q=%23%E9%BE%99%E7%8B%AE%E7%94%B7%E7%AF%AE%E6%88%98%E8%83%9C%E5%B1%B1%E4%B8%9C%E7%94%B7%E7%AF%AE%23&t=31&band_rank=45&Refer=top",
    "hot": 191826,
    "zhong": ""
  },
  "顾曼丽被抓": {
    "href": "https://s.weibo.com/weibo?q=%23%E9%A1%BE%E6%9B%BC%E4%B8%BD%E8%A2%AB%E6%8A%93%23&t=31&band_rank=46&Refer=top",
    "hot": 188913,
    "zhong": "剧集"
  },
  "欧冠": {
    "href": "https://s.weibo.com/weibo?q=%E6%AC%A7%E5%86%A0&t=31&band_rank=47&Refer=top",
    "hot": 188852,
    "zhong": ""
  },
  "劣质衣服居然有致癌风险": {
    "href": "https://s.weibo.com/weibo?q=%23%E5%8A%A3%E8%B4%A8%E8%A1%A3%E6%9C%8D%E5%B1%85%E7%84%B6%E6%9C%89%E8%87%B4%E7%99%8C%E9%A3%8E%E9%99%A9%23&t=31&band_rank=48&Refer=top",
    "hot": 185505,
    "zhong": ""
  },
  "突发疾病请假回家死亡算不算工伤": {
    "href": "https://s.weibo.com/weibo?q=%23%E7%AA%81%E5%8F%91%E7%96%BE%E7%97%85%E8%AF%B7%E5%81%87%E5%9B%9E%E5%AE%B6%E6%AD%BB%E4%BA%A1%E7%AE%97%E4%B8%8D%E7%AE%97%E5%B7%A5%E4%BC%A4%23&t=31&band_rank=49&Refer=top",
    "hot": 176960,
    "zhong": ""
  },
  "山东事业编": {
    "href": "https://s.weibo.com/weibo?q=%23%E5%B1%B1%E4%B8%9C%E4%BA%8B%E4%B8%9A%E7%BC%96%23&t=31&band_rank=50&Refer=top",
    "hot": 161692,
    "zhong": ""
  }
}