{
  "陈都灵方否认发艳压通稿": {
    "href": "https://s.weibo.com/weibo?q=%23%E9%99%88%E9%83%BD%E7%81%B5%E6%96%B9%E5%90%A6%E8%AE%A4%E5%8F%91%E8%89%B3%E5%8E%8B%E9%80%9A%E7%A8%BF%23&t=31&band_rank=1&Refer=top",
    "hot": 1775311,
    "zhong": ""
  },
  "B太 徐州烧烤": {
    "href": "https://s.weibo.com/weibo?q=B%E5%A4%AA%20%E5%BE%90%E5%B7%9E%E7%83%A7%E7%83%A4&t=31&band_rank=2&Refer=top",
    "hot": 1290474,
    "zhong": ""
  },
  "这个答案写满中国航天的自信和底气": {
    "href": "https://s.weibo.com/weibo?q=%23%E8%BF%99%E4%B8%AA%E7%AD%94%E6%A1%88%E5%86%99%E6%BB%A1%E4%B8%AD%E5%9B%BD%E8%88%AA%E5%A4%A9%E7%9A%84%E8%87%AA%E4%BF%A1%E5%92%8C%E5%BA%95%E6%B0%94%23&t=31&band_rank=3&Refer=top",
    "hot": 1168249,
    "zhong": ""
  },
  "高铁要是提速到800公里": {
    "href": "https://s.weibo.com/weibo?q=%E9%AB%98%E9%93%81%E8%A6%81%E6%98%AF%E6%8F%90%E9%80%9F%E5%88%B0800%E5%85%AC%E9%87%8C&t=31&band_rank=4&Refer=top",
    "hot": 1076433,
    "zhong": ""
  },
  "因为聚餐吃太多被辞退了": {
    "href": "https://s.weibo.com/weibo?q=%23%E5%9B%A0%E4%B8%BA%E8%81%9A%E9%A4%90%E5%90%83%E5%A4%AA%E5%A4%9A%E8%A2%AB%E8%BE%9E%E9%80%80%E4%BA%86%23&t=31&band_rank=5&Refer=top",
    "hot": 789091,
    "zhong": ""
  },
  "腺样体面容": {
    "href": "https://s.weibo.com/weibo?q=%E8%85%BA%E6%A0%B7%E4%BD%93%E9%9D%A2%E5%AE%B9&t=31&band_rank=6&Refer=top",
    "hot": 765192,
    "zhong": ""
  },
  "浙D1026S你被拍下来了": {
    "href": "https://s.weibo.com/weibo?q=%23%E6%B5%99D1026S%E4%BD%A0%E8%A2%AB%E6%8B%8D%E4%B8%8B%E6%9D%A5%E4%BA%86%23&t=31&band_rank=7&Refer=top",
    "hot": 663227,
    "zhong": ""
  },
  "被全网黑但逆风翻盘的明星": {
    "href": "https://s.weibo.com/weibo?q=%23%E8%A2%AB%E5%85%A8%E7%BD%91%E9%BB%91%E4%BD%86%E9%80%86%E9%A3%8E%E7%BF%BB%E7%9B%98%E7%9A%84%E6%98%8E%E6%98%9F%23&t=31&band_rank=8&Refer=top",
    "hot": 559262,
    "zhong": ""
  },
  "刘宪华回向往的生活了": {
    "href": "https://s.weibo.com/weibo?q=%23%E5%88%98%E5%AE%AA%E5%8D%8E%E5%9B%9E%E5%90%91%E5%BE%80%E7%9A%84%E7%94%9F%E6%B4%BB%E4%BA%86%23&t=31&band_rank=9&Refer=top",
    "hot": 445129,
    "zhong": "综艺"
  },
  "卫健委回应从车展回来核酸阳性": {
    "href": "https://s.weibo.com/weibo?q=%23%E5%8D%AB%E5%81%A5%E5%A7%94%E5%9B%9E%E5%BA%94%E4%BB%8E%E8%BD%A6%E5%B1%95%E5%9B%9E%E6%9D%A5%E6%A0%B8%E9%85%B8%E9%98%B3%E6%80%A7%23&t=31&band_rank=10&Refer=top",
    "hot": 405396,
    "zhong": ""
  },
  "张一山 袜子": {
    "href": "https://s.weibo.com/weibo?q=%E5%BC%A0%E4%B8%80%E5%B1%B1%20%E8%A2%9C%E5%AD%90&t=31&band_rank=11&Refer=top",
    "hot": 396046,
    "zhong": ""
  },
  "戚薇刮刮乐中奖": {
    "href": "https://s.weibo.com/weibo?q=%23%E6%88%9A%E8%96%87%E5%88%AE%E5%88%AE%E4%B9%90%E4%B8%AD%E5%A5%96%23&t=31&band_rank=12&Refer=top",
    "hot": 384712,
    "zhong": ""
  },
  "Jennie妈妈和Lisa妈妈手拉手": {
    "href": "https://s.weibo.com/weibo?q=%23Jennie%E5%A6%88%E5%A6%88%E5%92%8CLisa%E5%A6%88%E5%A6%88%E6%89%8B%E6%8B%89%E6%89%8B%23&t=31&band_rank=13&Refer=top",
    "hot": 352227,
    "zhong": "音乐"
  },
  "霍思燕否认嗯哼是腺样体面容": {
    "href": "https://s.weibo.com/weibo?q=%23%E9%9C%8D%E6%80%9D%E7%87%95%E5%90%A6%E8%AE%A4%E5%97%AF%E5%93%BC%E6%98%AF%E8%85%BA%E6%A0%B7%E4%BD%93%E9%9D%A2%E5%AE%B9%23&t=31&band_rank=14&Refer=top",
    "hot": 345220,
    "zhong": ""
  },
  "教师请病假25年退休前编制消失": {
    "href": "https://s.weibo.com/weibo?q=%23%E6%95%99%E5%B8%88%E8%AF%B7%E7%97%85%E5%81%8725%E5%B9%B4%E9%80%80%E4%BC%91%E5%89%8D%E7%BC%96%E5%88%B6%E6%B6%88%E5%A4%B1%23&t=31&band_rank=15&Refer=top",
    "hot": 332238,
    "zhong": ""
  },
  "冷屁股 屁门": {
    "href": "https://s.weibo.com/weibo?q=%E5%86%B7%E5%B1%81%E8%82%A1%20%E5%B1%81%E9%97%A8&t=31&band_rank=16&Refer=top",
    "hot": 324111,
    "zhong": "音乐"
  },
  "巩俐再现经典裸唇": {
    "href": "https://s.weibo.com/weibo?q=%23%E5%B7%A9%E4%BF%90%E5%86%8D%E7%8E%B0%E7%BB%8F%E5%85%B8%E8%A3%B8%E5%94%87%23&t=31&band_rank=17&Refer=top",
    "hot": 323072,
    "zhong": ""
  },
  "曾经的朋友成为了明星": {
    "href": "https://s.weibo.com/weibo?q=%23%E6%9B%BE%E7%BB%8F%E7%9A%84%E6%9C%8B%E5%8F%8B%E6%88%90%E4%B8%BA%E4%BA%86%E6%98%8E%E6%98%9F%23&t=31&band_rank=18&Refer=top",
    "hot": 305850,
    "zhong": ""
  },
  "头像暗示法": {
    "href": "https://s.weibo.com/weibo?q=%E5%A4%B4%E5%83%8F%E6%9A%97%E7%A4%BA%E6%B3%95&t=31&band_rank=19&Refer=top",
    "hot": 284741,
    "zhong": ""
  },
  "上海杭州之间或将建世界首条超级高铁": {
    "href": "https://s.weibo.com/weibo?q=%23%E4%B8%8A%E6%B5%B7%E6%9D%AD%E5%B7%9E%E4%B9%8B%E9%97%B4%E6%88%96%E5%B0%86%E5%BB%BA%E4%B8%96%E7%95%8C%E9%A6%96%E6%9D%A1%E8%B6%85%E7%BA%A7%E9%AB%98%E9%93%81%23&t=31&band_rank=20&Refer=top",
    "hot": 243477,
    "zhong": ""
  },
  "郭珍霓": {
    "href": "https://s.weibo.com/weibo?q=%E9%83%AD%E7%8F%8D%E9%9C%93&t=31&band_rank=21&Refer=top",
    "hot": 243156,
    "zhong": ""
  },
  "易烊千玺的鞋跟": {
    "href": "https://s.weibo.com/weibo?q=%23%E6%98%93%E7%83%8A%E5%8D%83%E7%8E%BA%E7%9A%84%E9%9E%8B%E8%B7%9F%23&t=31&band_rank=22&Refer=top",
    "hot": 239656,
    "zhong": "音乐"
  },
  "女子离婚净身出户事后反悔要财产": {
    "href": "https://s.weibo.com/weibo?q=%23%E5%A5%B3%E5%AD%90%E7%A6%BB%E5%A9%9A%E5%87%80%E8%BA%AB%E5%87%BA%E6%88%B7%E4%BA%8B%E5%90%8E%E5%8F%8D%E6%82%94%E8%A6%81%E8%B4%A2%E4%BA%A7%23&t=31&band_rank=23&Refer=top",
    "hot": 226632,
    "zhong": ""
  },
  "航空公司不再查验来华人员登机前核酸": {
    "href": "https://s.weibo.com/weibo?q=%23%E8%88%AA%E7%A9%BA%E5%85%AC%E5%8F%B8%E4%B8%8D%E5%86%8D%E6%9F%A5%E9%AA%8C%E6%9D%A5%E5%8D%8E%E4%BA%BA%E5%91%98%E7%99%BB%E6%9C%BA%E5%89%8D%E6%A0%B8%E9%85%B8%23&t=31&band_rank=24&Refer=top",
    "hot": 226164,
    "zhong": ""
  },
  "某公司给员工放假玩游戏": {
    "href": "https://s.weibo.com/weibo?q=%23%E6%9F%90%E5%85%AC%E5%8F%B8%E7%BB%99%E5%91%98%E5%B7%A5%E6%94%BE%E5%81%87%E7%8E%A9%E6%B8%B8%E6%88%8F%23&t=31&band_rank=25&Refer=top",
    "hot": 218267,
    "zhong": ""
  },
  "鹿晗衬衫扣子": {
    "href": "https://s.weibo.com/weibo?q=%23%E9%B9%BF%E6%99%97%E8%A1%AC%E8%A1%AB%E6%89%A3%E5%AD%90%23&t=31&band_rank=26&Refer=top",
    "hot": 218219,
    "zhong": ""
  },
  "爱奇艺回应下架灌篮高手国语版": {
    "href": "https://s.weibo.com/weibo?q=%23%E7%88%B1%E5%A5%87%E8%89%BA%E5%9B%9E%E5%BA%94%E4%B8%8B%E6%9E%B6%E7%81%8C%E7%AF%AE%E9%AB%98%E6%89%8B%E5%9B%BD%E8%AF%AD%E7%89%88%23&t=31&band_rank=27&Refer=top",
    "hot": 217486,
    "zhong": "电影"
  },
  "白鹿镜头外给罗云熙搭戏": {
    "href": "https://s.weibo.com/weibo?q=%23%E7%99%BD%E9%B9%BF%E9%95%9C%E5%A4%B4%E5%A4%96%E7%BB%99%E7%BD%97%E4%BA%91%E7%86%99%E6%90%AD%E6%88%8F%23&t=31&band_rank=28&Refer=top",
    "hot": 211353,
    "zhong": "剧集"
  },
  "ChatGPT在会计考试中不如人类": {
    "href": "https://s.weibo.com/weibo?q=%23ChatGPT%E5%9C%A8%E4%BC%9A%E8%AE%A1%E8%80%83%E8%AF%95%E4%B8%AD%E4%B8%8D%E5%A6%82%E4%BA%BA%E7%B1%BB%23&t=31&band_rank=29&Refer=top",
    "hot": 171319,
    "zhong": ""
  },
  "婴儿高铁上哭闹女子和宝妈对骂": {
    "href": "https://s.weibo.com/weibo?q=%23%E5%A9%B4%E5%84%BF%E9%AB%98%E9%93%81%E4%B8%8A%E5%93%AD%E9%97%B9%E5%A5%B3%E5%AD%90%E5%92%8C%E5%AE%9D%E5%A6%88%E5%AF%B9%E9%AA%82%23&t=31&band_rank=30&Refer=top",
    "hot": 167757,
    "zhong": ""
  },
  "男友送花太勤被花店婉拒了": {
    "href": "https://s.weibo.com/weibo?q=%23%E7%94%B7%E5%8F%8B%E9%80%81%E8%8A%B1%E5%A4%AA%E5%8B%A4%E8%A2%AB%E8%8A%B1%E5%BA%97%E5%A9%89%E6%8B%92%E4%BA%86%23&t=31&band_rank=31&Refer=top",
    "hot": 167409,
    "zhong": ""
  },
  "灌篮高手遭遇史上最严重屏摄": {
    "href": "https://s.weibo.com/weibo?q=%23%E7%81%8C%E7%AF%AE%E9%AB%98%E6%89%8B%E9%81%AD%E9%81%87%E5%8F%B2%E4%B8%8A%E6%9C%80%E4%B8%A5%E9%87%8D%E5%B1%8F%E6%91%84%23&t=31&band_rank=32&Refer=top",
    "hot": 166567,
    "zhong": "电影"
  },
  "长月烬明今晚超大悲": {
    "href": "https://s.weibo.com/weibo?q=%23%E9%95%BF%E6%9C%88%E7%83%AC%E6%98%8E%E4%BB%8A%E6%99%9A%E8%B6%85%E5%A4%A7%E6%82%B2%23&t=31&band_rank=33&Refer=top",
    "hot": 165431,
    "zhong": "剧集"
  },
  "当把萌兰介绍给单身闺蜜时": {
    "href": "https://s.weibo.com/weibo?q=%23%E5%BD%93%E6%8A%8A%E8%90%8C%E5%85%B0%E4%BB%8B%E7%BB%8D%E7%BB%99%E5%8D%95%E8%BA%AB%E9%97%BA%E8%9C%9C%E6%97%B6%23&t=31&band_rank=34&Refer=top",
    "hot": 161852,
    "zhong": ""
  },
  "边伯贤连线粉丝抵制黄牛": {
    "href": "https://s.weibo.com/weibo?q=%23%E8%BE%B9%E4%BC%AF%E8%B4%A4%E8%BF%9E%E7%BA%BF%E7%B2%89%E4%B8%9D%E6%8A%B5%E5%88%B6%E9%BB%84%E7%89%9B%23&t=31&band_rank=35&Refer=top",
    "hot": 159787,
    "zhong": ""
  },
  "长空之王近5年五一档预售冠军": {
    "href": "https://s.weibo.com/weibo?q=%23%E9%95%BF%E7%A9%BA%E4%B9%8B%E7%8E%8B%E8%BF%915%E5%B9%B4%E4%BA%94%E4%B8%80%E6%A1%A3%E9%A2%84%E5%94%AE%E5%86%A0%E5%86%9B%23&t=31&band_rank=36&Refer=top",
    "hot": 156574,
    "zhong": "电影"
  },
  "张云龙 竹业男主": {
    "href": "https://s.weibo.com/weibo?q=%E5%BC%A0%E4%BA%91%E9%BE%99%20%E7%AB%B9%E4%B8%9A%E7%94%B7%E4%B8%BB&t=31&band_rank=37&Refer=top",
    "hot": 153395,
    "zhong": "剧集"
  },
  "酒店涨价": {
    "href": "https://s.weibo.com/weibo?q=%E9%85%92%E5%BA%97%E6%B6%A8%E4%BB%B7&t=31&band_rank=38&Refer=top",
    "hot": 143694,
    "zhong": ""
  },
  "詹姆斯": {
    "href": "https://s.weibo.com/weibo?q=%E8%A9%B9%E5%A7%86%E6%96%AF&t=31&band_rank=39&Refer=top",
    "hot": 137905,
    "zhong": ""
  },
  "明日方舟": {
    "href": "https://s.weibo.com/weibo?q=%E6%98%8E%E6%97%A5%E6%96%B9%E8%88%9F&t=31&band_rank=40&Refer=top",
    "hot": 135745,
    "zhong": ""
  },
  "徐明浩孙悟空造型路透": {
    "href": "https://s.weibo.com/weibo?q=%23%E5%BE%90%E6%98%8E%E6%B5%A9%E5%AD%99%E6%82%9F%E7%A9%BA%E9%80%A0%E5%9E%8B%E8%B7%AF%E9%80%8F%23&t=31&band_rank=41&Refer=top",
    "hot": 132080,
    "zhong": "综艺"
  },
  "千万不要在地铁上看恐怖片": {
    "href": "https://s.weibo.com/weibo?q=%23%E5%8D%83%E4%B8%87%E4%B8%8D%E8%A6%81%E5%9C%A8%E5%9C%B0%E9%93%81%E4%B8%8A%E7%9C%8B%E6%81%90%E6%80%96%E7%89%87%23&t=31&band_rank=42&Refer=top",
    "hot": 129430,
    "zhong": ""
  },
  "怎么坐才不伤腰": {
    "href": "https://s.weibo.com/weibo?q=%23%E6%80%8E%E4%B9%88%E5%9D%90%E6%89%8D%E4%B8%8D%E4%BC%A4%E8%85%B0%23&t=31&band_rank=43&Refer=top",
    "hot": 129336,
    "zhong": ""
  },
  "为什么读了研也找不到工作": {
    "href": "https://s.weibo.com/weibo?q=%23%E4%B8%BA%E4%BB%80%E4%B9%88%E8%AF%BB%E4%BA%86%E7%A0%94%E4%B9%9F%E6%89%BE%E4%B8%8D%E5%88%B0%E5%B7%A5%E4%BD%9C%23&t=31&band_rank=44&Refer=top",
    "hot": 128222,
    "zhong": ""
  },
  "青春环游记": {
    "href": "https://s.weibo.com/weibo?q=%E9%9D%92%E6%98%A5%E7%8E%AF%E6%B8%B8%E8%AE%B0&t=31&band_rank=45&Refer=top",
    "hot": 125107,
    "zhong": "综艺"
  },
  "内娱选秀团全部解散": {
    "href": "https://s.weibo.com/weibo?q=%23%E5%86%85%E5%A8%B1%E9%80%89%E7%A7%80%E5%9B%A2%E5%85%A8%E9%83%A8%E8%A7%A3%E6%95%A3%23&t=31&band_rank=46&Refer=top",
    "hot": 121535,
    "zhong": ""
  },
  "刘彰solo后的第一个大动作": {
    "href": "https://s.weibo.com/weibo?q=%23%E5%88%98%E5%BD%B0solo%E5%90%8E%E7%9A%84%E7%AC%AC%E4%B8%80%E4%B8%AA%E5%A4%A7%E5%8A%A8%E4%BD%9C%23&t=31&band_rank=47&Refer=top",
    "hot": 121090,
    "zhong": "音乐"
  },
  "李现为詹姆斯打call": {
    "href": "https://s.weibo.com/weibo?q=%23%E6%9D%8E%E7%8E%B0%E4%B8%BA%E8%A9%B9%E5%A7%86%E6%96%AF%E6%89%93call%23&t=31&band_rank=48&Refer=top",
    "hot": 117536,
    "zhong": ""
  },
  "王俊凯 一起来听千玺的新专辑": {
    "href": "https://s.weibo.com/weibo?q=%E7%8E%8B%E4%BF%8A%E5%87%AF%20%E4%B8%80%E8%B5%B7%E6%9D%A5%E5%90%AC%E5%8D%83%E7%8E%BA%E7%9A%84%E6%96%B0%E4%B8%93%E8%BE%91&t=31&band_rank=49&Refer=top",
    "hot": 116924,
    "zhong": "音乐"
  },
  "KPL春季赛十一周最佳阵容": {
    "href": "https://s.weibo.com/weibo?q=%23KPL%E6%98%A5%E5%AD%A3%E8%B5%9B%E5%8D%81%E4%B8%80%E5%91%A8%E6%9C%80%E4%BD%B3%E9%98%B5%E5%AE%B9%23&t=31&band_rank=50&Refer=top",
    "hot": 111831,
    "zhong": ""
  }
}