{
  "99年女子疑过度劳累宿舍猝死": {
    "href": "https://s.weibo.com/weibo?q=%2399%E5%B9%B4%E5%A5%B3%E5%AD%90%E7%96%91%E8%BF%87%E5%BA%A6%E5%8A%B3%E7%B4%AF%E5%AE%BF%E8%88%8D%E7%8C%9D%E6%AD%BB%23&t=31&band_rank=1&Refer=top",
    "hot": 2409449,
    "zhong": ""
  },
  "谢娜再回应助理打手机事件": {
    "href": "https://s.weibo.com/weibo?q=%E8%B0%A2%E5%A8%9C%E5%86%8D%E5%9B%9E%E5%BA%94%E5%8A%A9%E7%90%86%E6%89%93%E6%89%8B%E6%9C%BA%E4%BA%8B%E4%BB%B6&t=31&band_rank=2&Refer=top",
    "hot": 1724318,
    "zhong": ""
  },
  "行走百县话振兴": {
    "href": "https://s.weibo.com/weibo?q=%23%E8%A1%8C%E8%B5%B0%E7%99%BE%E5%8E%BF%E8%AF%9D%E6%8C%AF%E5%85%B4%23&t=31&band_rank=3&Refer=top",
    "hot": 1258206,
    "zhong": ""
  },
  "梅姨": {
    "href": "https://s.weibo.com/weibo?q=%E6%A2%85%E5%A7%A8&t=31&band_rank=4&Refer=top",
    "hot": 1258195,
    "zhong": ""
  },
  "看着不体面但很赚钱的工作": {
    "href": "https://s.weibo.com/weibo?q=%23%E7%9C%8B%E7%9D%80%E4%B8%8D%E4%BD%93%E9%9D%A2%E4%BD%86%E5%BE%88%E8%B5%9A%E9%92%B1%E7%9A%84%E5%B7%A5%E4%BD%9C%23&t=31&band_rank=5&Refer=top",
    "hot": 1235841,
    "zhong": ""
  },
  "长月烬明 抄袭阴阳师": {
    "href": "https://s.weibo.com/weibo?q=%E9%95%BF%E6%9C%88%E7%83%AC%E6%98%8E%20%E6%8A%84%E8%A2%AD%E9%98%B4%E9%98%B3%E5%B8%88&t=31&band_rank=6&Refer=top",
    "hot": 1206497,
    "zhong": "剧集"
  },
  "面试1小时发现走错反获2家公司offer": {
    "href": "https://s.weibo.com/weibo?q=%23%E9%9D%A2%E8%AF%951%E5%B0%8F%E6%97%B6%E5%8F%91%E7%8E%B0%E8%B5%B0%E9%94%99%E5%8F%8D%E8%8E%B72%E5%AE%B6%E5%85%AC%E5%8F%B8offer%23&t=31&band_rank=7&Refer=top",
    "hot": 937665,
    "zhong": ""
  },
  "肖战周也 徐克新电影": {
    "href": "https://s.weibo.com/weibo?q=%E8%82%96%E6%88%98%E5%91%A8%E4%B9%9F%20%E5%BE%90%E5%85%8B%E6%96%B0%E7%94%B5%E5%BD%B1&t=31&band_rank=8&Refer=top",
    "hot": 872600,
    "zhong": "电影"
  },
  "这竟然是彭昱畅": {
    "href": "https://s.weibo.com/weibo?q=%23%E8%BF%99%E7%AB%9F%E7%84%B6%E6%98%AF%E5%BD%AD%E6%98%B1%E7%95%85%23&t=31&band_rank=9&Refer=top",
    "hot": 718815,
    "zhong": "电影"
  },
  "章凝 冯楚轩": {
    "href": "https://s.weibo.com/weibo?q=%E7%AB%A0%E5%87%9D%20%E5%86%AF%E6%A5%9A%E8%BD%A9&t=31&band_rank=10&Refer=top",
    "hot": 701825,
    "zhong": ""
  },
  "舅舅私吞孤儿外甥女百万遗产救助金": {
    "href": "https://s.weibo.com/weibo?q=%23%E8%88%85%E8%88%85%E7%A7%81%E5%90%9E%E5%AD%A4%E5%84%BF%E5%A4%96%E7%94%A5%E5%A5%B3%E7%99%BE%E4%B8%87%E9%81%97%E4%BA%A7%E6%95%91%E5%8A%A9%E9%87%91%23&t=31&band_rank=11&Refer=top",
    "hot": 689781,
    "zhong": ""
  },
  "奚梦瑶 你们的快乐吵到我学习了": {
    "href": "https://s.weibo.com/weibo?q=%E5%A5%9A%E6%A2%A6%E7%91%B6%20%E4%BD%A0%E4%BB%AC%E7%9A%84%E5%BF%AB%E4%B9%90%E5%90%B5%E5%88%B0%E6%88%91%E5%AD%A6%E4%B9%A0%E4%BA%86&t=31&band_rank=12&Refer=top",
    "hot": 644097,
    "zhong": ""
  },
  "丫丫": {
    "href": "https://s.weibo.com/weibo?q=%E4%B8%AB%E4%B8%AB&t=31&band_rank=13&Refer=top",
    "hot": 566744,
    "zhong": ""
  },
  "新员工交接到一半想离职了": {
    "href": "https://s.weibo.com/weibo?q=%23%E6%96%B0%E5%91%98%E5%B7%A5%E4%BA%A4%E6%8E%A5%E5%88%B0%E4%B8%80%E5%8D%8A%E6%83%B3%E7%A6%BB%E8%81%8C%E4%BA%86%23&t=31&band_rank=14&Refer=top",
    "hot": 494002,
    "zhong": ""
  },
  "淄博烧烤小胖": {
    "href": "https://s.weibo.com/weibo?q=%E6%B7%84%E5%8D%9A%E7%83%A7%E7%83%A4%E5%B0%8F%E8%83%96&t=31&band_rank=15&Refer=top",
    "hot": 488522,
    "zhong": ""
  },
  "B太成都": {
    "href": "https://s.weibo.com/weibo?q=B%E5%A4%AA%E6%88%90%E9%83%BD&t=31&band_rank=16&Refer=top",
    "hot": 389601,
    "zhong": ""
  },
  "这个小县城开了300多家咖啡店": {
    "href": "https://s.weibo.com/weibo?q=%23%E8%BF%99%E4%B8%AA%E5%B0%8F%E5%8E%BF%E5%9F%8E%E5%BC%80%E4%BA%86300%E5%A4%9A%E5%AE%B6%E5%92%96%E5%95%A1%E5%BA%97%23&t=31&band_rank=17&Refer=top",
    "hot": 374999,
    "zhong": ""
  },
  "劳荣枝辩护律师吴丹红被律协调查": {
    "href": "https://s.weibo.com/weibo?q=%23%E5%8A%B3%E8%8D%A3%E6%9E%9D%E8%BE%A9%E6%8A%A4%E5%BE%8B%E5%B8%88%E5%90%B4%E4%B8%B9%E7%BA%A2%E8%A2%AB%E5%BE%8B%E5%8D%8F%E8%B0%83%E6%9F%A5%23&t=31&band_rank=18&Refer=top",
    "hot": 358351,
    "zhong": ""
  },
  "陈翔问路人你喜欢苏醒还是我": {
    "href": "https://s.weibo.com/weibo?q=%23%E9%99%88%E7%BF%94%E9%97%AE%E8%B7%AF%E4%BA%BA%E4%BD%A0%E5%96%9C%E6%AC%A2%E8%8B%8F%E9%86%92%E8%BF%98%E6%98%AF%E6%88%91%23&t=31&band_rank=19&Refer=top",
    "hot": 333048,
    "zhong": ""
  },
  "原来笔记本要一直充电使用": {
    "href": "https://s.weibo.com/weibo?q=%23%E5%8E%9F%E6%9D%A5%E7%AC%94%E8%AE%B0%E6%9C%AC%E8%A6%81%E4%B8%80%E7%9B%B4%E5%85%85%E7%94%B5%E4%BD%BF%E7%94%A8%23&t=31&band_rank=20&Refer=top",
    "hot": 323233,
    "zhong": ""
  },
  "你能否接受对象有过同居史": {
    "href": "https://s.weibo.com/weibo?q=%23%E4%BD%A0%E8%83%BD%E5%90%A6%E6%8E%A5%E5%8F%97%E5%AF%B9%E8%B1%A1%E6%9C%89%E8%BF%87%E5%90%8C%E5%B1%85%E5%8F%B2%23&t=31&band_rank=21&Refer=top",
    "hot": 304241,
    "zhong": ""
  },
  "沈阳一街道沿街店铺被统一规定黑底招牌": {
    "href": "https://s.weibo.com/weibo?q=%23%E6%B2%88%E9%98%B3%E4%B8%80%E8%A1%97%E9%81%93%E6%B2%BF%E8%A1%97%E5%BA%97%E9%93%BA%E8%A2%AB%E7%BB%9F%E4%B8%80%E8%A7%84%E5%AE%9A%E9%BB%91%E5%BA%95%E6%8B%9B%E7%89%8C%23&t=31&band_rank=22&Refer=top",
    "hot": 266794,
    "zhong": ""
  },
  "不建议跟一累就黑脸的人出去玩": {
    "href": "https://s.weibo.com/weibo?q=%23%E4%B8%8D%E5%BB%BA%E8%AE%AE%E8%B7%9F%E4%B8%80%E7%B4%AF%E5%B0%B1%E9%BB%91%E8%84%B8%E7%9A%84%E4%BA%BA%E5%87%BA%E5%8E%BB%E7%8E%A9%23&t=31&band_rank=23&Refer=top",
    "hot": 259383,
    "zhong": ""
  },
  "罗云熙白鹿涨粉情况": {
    "href": "https://s.weibo.com/weibo?q=%23%E7%BD%97%E4%BA%91%E7%86%99%E7%99%BD%E9%B9%BF%E6%B6%A8%E7%B2%89%E6%83%85%E5%86%B5%23&t=31&band_rank=24&Refer=top",
    "hot": 258872,
    "zhong": "剧集"
  },
  "刘涛 韩素希": {
    "href": "https://s.weibo.com/weibo?q=%E5%88%98%E6%B6%9B%20%E9%9F%A9%E7%B4%A0%E5%B8%8C&t=31&band_rank=25&Refer=top",
    "hot": 244361,
    "zhong": ""
  },
  "青岛震感": {
    "href": "https://s.weibo.com/weibo?q=%E9%9D%92%E5%B2%9B%E9%9C%87%E6%84%9F&t=31&band_rank=26&Refer=top",
    "hot": 237025,
    "zhong": ""
  },
  "刘宪华 中国好声音导师": {
    "href": "https://s.weibo.com/weibo?q=%E5%88%98%E5%AE%AA%E5%8D%8E%20%E4%B8%AD%E5%9B%BD%E5%A5%BD%E5%A3%B0%E9%9F%B3%E5%AF%BC%E5%B8%88&t=31&band_rank=27&Refer=top",
    "hot": 225107,
    "zhong": "综艺"
  },
  "B站UP主上传原神未公开角色被判赔6万": {
    "href": "https://s.weibo.com/weibo?q=%23B%E7%AB%99UP%E4%B8%BB%E4%B8%8A%E4%BC%A0%E5%8E%9F%E7%A5%9E%E6%9C%AA%E5%85%AC%E5%BC%80%E8%A7%92%E8%89%B2%E8%A2%AB%E5%88%A4%E8%B5%946%E4%B8%87%23&t=31&band_rank=28&Refer=top",
    "hot": 198158,
    "zhong": ""
  },
  "大熊猫萌兰反向给游客投喂竹子": {
    "href": "https://s.weibo.com/weibo?q=%23%E5%A4%A7%E7%86%8A%E7%8C%AB%E8%90%8C%E5%85%B0%E5%8F%8D%E5%90%91%E7%BB%99%E6%B8%B8%E5%AE%A2%E6%8A%95%E5%96%82%E7%AB%B9%E5%AD%90%23&t=31&band_rank=29&Refer=top",
    "hot": 197745,
    "zhong": ""
  },
  "西安急救中心原主任被开除": {
    "href": "https://s.weibo.com/weibo?q=%23%E8%A5%BF%E5%AE%89%E6%80%A5%E6%95%91%E4%B8%AD%E5%BF%83%E5%8E%9F%E4%B8%BB%E4%BB%BB%E8%A2%AB%E5%BC%80%E9%99%A4%23&t=31&band_rank=30&Refer=top",
    "hot": 196036,
    "zhong": ""
  },
  "郑中基 幼儿园活动": {
    "href": "https://s.weibo.com/weibo?q=%E9%83%91%E4%B8%AD%E5%9F%BA%20%E5%B9%BC%E5%84%BF%E5%9B%AD%E6%B4%BB%E5%8A%A8&t=31&band_rank=31&Refer=top",
    "hot": 193304,
    "zhong": ""
  },
  "长月烬明名场面怎么拍成这样": {
    "href": "https://s.weibo.com/weibo?q=%E9%95%BF%E6%9C%88%E7%83%AC%E6%98%8E%E5%90%8D%E5%9C%BA%E9%9D%A2%E6%80%8E%E4%B9%88%E6%8B%8D%E6%88%90%E8%BF%99%E6%A0%B7&t=31&band_rank=32&Refer=top",
    "hot": 170968,
    "zhong": "剧集"
  },
  "去淄博别老逮着烧烤吃": {
    "href": "https://s.weibo.com/weibo?q=%E5%8E%BB%E6%B7%84%E5%8D%9A%E5%88%AB%E8%80%81%E9%80%AE%E7%9D%80%E7%83%A7%E7%83%A4%E5%90%83&t=31&band_rank=33&Refer=top",
    "hot": 164858,
    "zhong": ""
  },
  "女生两次遭霸凌视频疯传致其抑郁": {
    "href": "https://s.weibo.com/weibo?q=%23%E5%A5%B3%E7%94%9F%E4%B8%A4%E6%AC%A1%E9%81%AD%E9%9C%B8%E5%87%8C%E8%A7%86%E9%A2%91%E7%96%AF%E4%BC%A0%E8%87%B4%E5%85%B6%E6%8A%91%E9%83%81%23&t=31&band_rank=34&Refer=top",
    "hot": 161953,
    "zhong": ""
  },
  "关晓彤虞书欣早期合照": {
    "href": "https://s.weibo.com/weibo?q=%23%E5%85%B3%E6%99%93%E5%BD%A4%E8%99%9E%E4%B9%A6%E6%AC%A3%E6%97%A9%E6%9C%9F%E5%90%88%E7%85%A7%23&t=31&band_rank=35&Refer=top",
    "hot": 159308,
    "zhong": ""
  },
  "戚薇早期跟Lucky很像": {
    "href": "https://s.weibo.com/weibo?q=%23%E6%88%9A%E8%96%87%E6%97%A9%E6%9C%9F%E8%B7%9FLucky%E5%BE%88%E5%83%8F%23&t=31&band_rank=36&Refer=top",
    "hot": 157724,
    "zhong": ""
  },
  "四月底HR才开始急了": {
    "href": "https://s.weibo.com/weibo?q=%23%E5%9B%9B%E6%9C%88%E5%BA%95HR%E6%89%8D%E5%BC%80%E5%A7%8B%E6%80%A5%E4%BA%86%23&t=31&band_rank=37&Refer=top",
    "hot": 155737,
    "zhong": ""
  },
  "教师请病假25年退休前编制消失": {
    "href": "https://s.weibo.com/weibo?q=%23%E6%95%99%E5%B8%88%E8%AF%B7%E7%97%85%E5%81%8725%E5%B9%B4%E9%80%80%E4%BC%91%E5%89%8D%E7%BC%96%E5%88%B6%E6%B6%88%E5%A4%B1%23&t=31&band_rank=38&Refer=top",
    "hot": 154692,
    "zhong": ""
  },
  "内娱哪些演员适合演学霸": {
    "href": "https://s.weibo.com/weibo?q=%23%E5%86%85%E5%A8%B1%E5%93%AA%E4%BA%9B%E6%BC%94%E5%91%98%E9%80%82%E5%90%88%E6%BC%94%E5%AD%A6%E9%9C%B8%23&t=31&band_rank=39&Refer=top",
    "hot": 153248,
    "zhong": ""
  },
  "深圳是全国加班最狠的城市": {
    "href": "https://s.weibo.com/weibo?q=%23%E6%B7%B1%E5%9C%B3%E6%98%AF%E5%85%A8%E5%9B%BD%E5%8A%A0%E7%8F%AD%E6%9C%80%E7%8B%A0%E7%9A%84%E5%9F%8E%E5%B8%82%23&t=31&band_rank=40&Refer=top",
    "hot": 143792,
    "zhong": ""
  },
  "96年的即将迎来人生一万天": {
    "href": "https://s.weibo.com/weibo?q=%2396%E5%B9%B4%E7%9A%84%E5%8D%B3%E5%B0%86%E8%BF%8E%E6%9D%A5%E4%BA%BA%E7%94%9F%E4%B8%80%E4%B8%87%E5%A4%A9%23&t=31&band_rank=41&Refer=top",
    "hot": 138070,
    "zhong": ""
  },
  "当事人回应吐槽软卧3男1女被批": {
    "href": "https://s.weibo.com/weibo?q=%23%E5%BD%93%E4%BA%8B%E4%BA%BA%E5%9B%9E%E5%BA%94%E5%90%90%E6%A7%BD%E8%BD%AF%E5%8D%A73%E7%94%B71%E5%A5%B3%E8%A2%AB%E6%89%B9%23&t=31&band_rank=42&Refer=top",
    "hot": 134615,
    "zhong": ""
  },
  "左然": {
    "href": "https://s.weibo.com/weibo?q=%E5%B7%A6%E7%84%B6&t=31&band_rank=43&Refer=top",
    "hot": 125213,
    "zhong": ""
  },
  "一读就错的山东地名": {
    "href": "https://s.weibo.com/weibo?q=%23%E4%B8%80%E8%AF%BB%E5%B0%B1%E9%94%99%E7%9A%84%E5%B1%B1%E4%B8%9C%E5%9C%B0%E5%90%8D%23&t=31&band_rank=44&Refer=top",
    "hot": 124201,
    "zhong": ""
  },
  "水瓶座藏起来的一面": {
    "href": "https://s.weibo.com/weibo?q=%E6%B0%B4%E7%93%B6%E5%BA%A7%E8%97%8F%E8%B5%B7%E6%9D%A5%E7%9A%84%E4%B8%80%E9%9D%A2&t=31&band_rank=45&Refer=top",
    "hot": 115361,
    "zhong": ""
  },
  "gidle角色概念预告": {
    "href": "https://s.weibo.com/weibo?q=%23gidle%E8%A7%92%E8%89%B2%E6%A6%82%E5%BF%B5%E9%A2%84%E5%91%8A%23&t=31&band_rank=46&Refer=top",
    "hot": 112956,
    "zhong": "音乐"
  },
  "赵丽颖虎狼之路杀青": {
    "href": "https://s.weibo.com/weibo?q=%23%E8%B5%B5%E4%B8%BD%E9%A2%96%E8%99%8E%E7%8B%BC%E4%B9%8B%E8%B7%AF%E6%9D%80%E9%9D%92%23&t=31&band_rank=47&Refer=top",
    "hot": 111272,
    "zhong": "电影"
  },
  "薪资和工作氛围哪个更重要": {
    "href": "https://s.weibo.com/weibo?q=%23%E8%96%AA%E8%B5%84%E5%92%8C%E5%B7%A5%E4%BD%9C%E6%B0%9B%E5%9B%B4%E5%93%AA%E4%B8%AA%E6%9B%B4%E9%87%8D%E8%A6%81%23&t=31&band_rank=48&Refer=top",
    "hot": 107644,
    "zhong": ""
  },
  "声生不息": {
    "href": "https://s.weibo.com/weibo?q=%E5%A3%B0%E7%94%9F%E4%B8%8D%E6%81%AF&t=31&band_rank=49&Refer=top",
    "hot": 105705,
    "zhong": "综艺"
  },
  "高校回应学生停课等刘畊宏被放鸽子": {
    "href": "https://s.weibo.com/weibo?q=%23%E9%AB%98%E6%A0%A1%E5%9B%9E%E5%BA%94%E5%AD%A6%E7%94%9F%E5%81%9C%E8%AF%BE%E7%AD%89%E5%88%98%E7%95%8A%E5%AE%8F%E8%A2%AB%E6%94%BE%E9%B8%BD%E5%AD%90%23&t=31&band_rank=50&Refer=top",
    "hot": 105254,
    "zhong": ""
  }
}