﻿wid,user_name,user_id,gender,publish_time,text,like_count,comment_count,forward_count,status_city,status_country,status_province
4861219633371067,新浪电视,1642592432,f,2023-01-23 23:42:20,#导演付宁去世#23日，付宁导演治丧委员会发布讣告沉痛悼念付宁导演：“著名影视编剧、导演付宁，因突发疾病于2023年1月23日在北京逝世，享年55岁。”🕯️导演一路走好,21058,4252,8319,黄冈,中国,湖北
4861188367720798,新浪电视,1642592432,f,2023-01-23 21:38:06,"#导演付宁去世# @演员钱波 发博称：“毛毛！付宁导演！我无法接受！从你的处女作《鸽子哨》起，我跟你拍过7部戏，你是我的贵人、恩人！你让兄弟们悲痛欲绝……毛毛一路走好🙏💔”多位业内人士向新浪娱乐证实，付宁导演去世消息属实。
据悉，导演付宁2009年独立编剧执导电视剧《鸽子哨》，2013年导演电视剧《兄弟车行》和《全家福》。 他的代表作还有《胡同》《秋蝉》《什刹海》和待播的《梦中的那片海》等。#付宁导演去世#",11213,1547,1267,黄冈,中国,湖北
4861385139818008,新浪娱乐,1642591402,f,2023-01-24 10:40:00,"#肖战任嘉伦赵露思关晓彤悼念导演付宁# #导演付宁去世# 著名影视编剧、导演付宁，因突发疾病于2023年1月23日在北京逝世，享年55岁。肖战、任嘉伦、赵露思、关晓彤等合作过的演员发文悼念。艺人发文悼念付宁

@X玖少年团肖战DAYTOY ：朝夕相处的那几个月，每天在现场都能听见导演您爽朗的笑声，也是您告诉我：“除了戏其他都不叫事儿，要相信自己！”万分感恩所有悉心的指导和帮助。沉痛悼念！

@任嘉伦Allen ：「前段时间还在聊再次合作的事依然清晰记得《秋蝉》拍摄时的点点滴滴，沉痛悼念，付导一路走好」

@赵露思的微博 ：感恩与您的相遇 一路走好

@关晓彤 ：片场的时刻还历历在目，感恩指导，付宁导演，您一路走好！",444,44,2,上海,中国,上海
4861353338603379,路茜亚Phoenix,6216528841,f,2023-01-24 08:33:38,"#导演付宁去世#
付宁导演是新派京味儿影视文化领域的领军人物！多年来，他一直致力于讲述普通老百姓的故事，将镜头对准时代变迁中的北京城，创作了《鸽子哨》《全家福》等多部优秀的影视作品，匠心打造原汁原味的京派烟火人生，以小见大精心展示老北京深厚的文化传承，讴歌新一代北京年轻人奋进昂扬的拼搏精神！

而今，天妒英才，壮志未酬，付导短暂的艺术生命被永远地定格在了才拍摄完成不久的精品大剧《梦中的那片海》~~

希望“那片海”继续承载付导的艺术梦想在未来展翅翱翔，也祝愿天堂无忧，光影无虞，付导一路走好！",2518,84,35,,美国,美国
4861229707300073,李亭哲,1866631171,m,2023-01-24 00:22:22,#导演付宁去世# 惊闻噩耗… 电视剧《秋蝉》导演付宁… 付导…您一路走好前两天刚给您拜年~,3210,574,1022,马鞍山,中国,安徽
4861368761582727,绿茶凌凌七,1845927252,f,2023-01-24 09:34:55,#导演付宁去世# 非常可惜！我朋友说是xg引发的并发症，我姐知道这个消息的时候哭惨了！希望梦中的那片海能取得好成绩我觉得成绩不会差的 导演要在梦中的那片海里安睡,638,56,2,徐州,中国,江苏
4861208635121602,在下姜磊,1827363695,m,2023-01-23 22:58:38,#导演付宁去世# 天呐，这不会是真的吧？去年还在剧组见了付宁导演，他对待工作认真负责，有着极强的编剧天分和导演能力，创作出了很多精品力作，本来还期待着年后要开机的项目。付宁导演一路走好🙏🙏🙏,763,24,1,北京,中国,北京
4861191245012061,神迷影视,3156357163,f,2023-01-23 21:49:32,#导演付宁去世#真的假的？难道梦中的那片海要成他的遗作了吗？太突然了吧，不敢相信,1726,86,2,达州,中国,四川
4861232173549542,资深追剧鹅,1145220862,f,2023-01-24 00:32:10,突传噩耗，肖战李沁主演的待播剧《梦中的那片海》的导演付宁去世。 印象中付导演身体没什么大问题啊，年纪也不大，为什么大过年得忽然就走了呢，太让人遗憾了！ 很多人知道这个消息都非常的意外，付宁的学生也发文悼念。 一向低调的付宁导演，一心扑在作品上的付宁导演，一路走好！ #导演付宁去世#,402,48,39,湛江,中国,广东
4861210287674649,拾荒的村姑,5151179184,f,2023-01-23 23:05:12,演员钱波发文导演付宁去世。 其代表作《胡同》《秋蝉》《什刹海》，待播剧《梦中的那片海》。 #导演付宁去世#,484,26,1,保定,中国,河北
4861339136688991,苏州公安,1806686502,m,2023-01-24 07:37:12,【#导演付宁去世#电视剧胡同付老师的作品】讲的是祖孙三代接力“居委会主任”，扎根基为人民服务的故事，三代薪火相传，不一样的时代却有同样的使命！为人民服务的精神永在！艺术永在！纪念付导！（视频来源:电视剧胡同官方账号） 苏州公安的微博视频,158,31,28,苏州,中国,江苏
4861364054525747,蒋亦凡,2834968711,m,2023-01-24 09:16:13,"#导演付宁去世#
从事影视编剧、导演工作20年余年，他先后创作了《鸽子哨》《兄弟车行》《全家福》《别叫我兄弟》《魔都风云》《秋蝉》《风再起时》《什刹海》《胡同》《梦中的那片海》等10部电视剧，其中《全家福》曾获得飞天奖优秀电视剧奖。

这些片子一部都没看过，但从影片评分来看，付宁导演的作品有不少都是8分以上的佳作。和肖战、关晓彤等都有合作过，是电影界的损失，缅怀付宁导演。",51,9,0,上海,中国,上海
4861357578780821,今天来爱哪个哥哥,3979866498,f,2023-01-24 08:50:28,"导演付宁因突发疾病去世，享年55岁。
肖战、任嘉伦、李沁、《梦中的那片海》官博发文悼念。 #导演付宁去世#",141,23,4,泰州,中国,江苏
4861379666511647,圈内妹妹,1916193382,f,2023-01-24 10:18:15,"娱乐圈突然传来一则噩耗，年仅55岁的著名导演付宁，因突发疾病去世！

付宁导演的离世，发生得太过突然，令很多圈内好友始料不及，直到现在都不敢相信。。

付宁生前有过不少优秀的代表作，《全家福》曾拿下飞天奖优秀电视剧奖，《秋蝉》《什刹海》更是让不少网友连连夸赞。

对于付宁的离世，圈内好友钱波，直呼无法接受，悲痛欲绝，钱波还表示付宁是自己恩人、贵人，足见二人生前的关系真的非常好，付宁也曾是钱波的伯乐。

而付宁的另一位好友刘欢则表示，三十那天他还跟付宁打电话，怎么短短两天，说走就走了呢？足见付宁的离世，确实十分突然，连身边人都猝不及防。

不少网友看后，纷纷表示：

他导演的《秋蝉》不错，一路走好
看过鸽子哨，什刹海，这两部剧都很好看，是真实，接地气的平民化剧目，天妒英才啊
很有才华的一个导演，这个年纪正是大展鸿图的时候，可惜了
又失去一个接地气的好导演，一路走好

付宁的突然离世，也让我们看到，明天和意外真的不知道哪个会先到，唯有珍惜生命中的每一刻才是最重要的事儿。

世事难料，人生无常，斯人已去，作品永存！

付宁导演一路走好！#导演付宁去世#",59,33,34,湛江,中国,广东
4861349076929777,三联生活周刊,1191965271,m,2023-01-24 08:16:42,#导演付宁去世#23日，付宁导演治丧委员会发布讣告沉痛悼念付宁导演：“著名影视编剧、导演付宁，因突发疾病于2023年1月23日在北京逝世，享年55岁。”据悉，导演付宁2009年独立编剧执导电视剧《鸽子哨》，2013年导演电视剧《兄弟车行》和《全家福》， 他的代表作还有《胡同》《秋蝉》《什刹海》和待播的《梦中的那片海》等。#付宁导演去世#,64,30,5,成都,中国,四川
4861432754078843,一起去看日落吧_-,6653692665,f,2023-01-24 13:49:12,"#导演付宁去世#
每去世一位伟人我就觉得好可惜，但也尊重生命
愿一路走好 不管在哪里都快乐",1,0,0,庆阳,中国,甘肃
4861432330719371,浮云Hhy,1866239914,f,2023-01-24 13:47:31,#导演付宁去世#每每看到这种消息的时候，我就会职业病发作，很想知道死亡原因，是心梗，脑梗，还是肺梗？怎么可以预防？抢救是否及时？,0,0,0,杭州,中国,浙江
4861430518253146,纾妤念晗,7495407794,f,2023-01-24 13:40:19,"#导演付宁去世#付导一路走好
感谢您拍了那么多的好作品
真的很喜欢《什刹海》的庄晓晓和《胡同》的林悦",0,1,0,达州,中国,四川
4861426194189087,封3号注意你的话,7580963317,m,2023-01-24 13:23:08,#导演付宁去世#洛杉矶“小台北”蒙特利公园市（Monterey Park）爆发10死枪击案，来自中国的移民Huu Can Tran在和警方对峙中自尽身亡，3位认识他的人接受媒体采访时，谈到了凶嫌过去曾是那间舞厅的常客，甚至会在那里与他的前妻结识，而财产纪录也没有特别的债务，个性并不暴力但容易动怒，好面子不喜欢别人说他坏话。,1,0,0,北京,中国,北京
4861422574502394,不吃野猫,1961039375,m,2023-01-24 13:08:45,#导演付宁去世#竟然是真的……一路走好🙏,2,1,0,广安,中国,四川
4861421064033377,倾听花开的声音1920,7777156318,f,2023-01-24 13:02:45,"肖战#导演付宁去世##肖战肖春生# xz#肖战梦中的那片海#
导演一路走好！
惊鸿素影录的微博视频",2,2,0,咸阳,中国,陕西
4861420867159697,呆桃赞妹,6004901117,f,2023-01-24 13:01:58,#导演付宁去世# 作品是导演艺术生命的延续，只要还有他的作品在，大众就不会忘记他。我一定守护好梦海,8,0,0,周口,中国,河南
4861334813147350,新闻晨报,1314608344,m,2023-01-24 07:20:01,"【#导演付宁去世# 曾执导《胡同》《梦中的那片海》】1月23日，演员钱波发文透露导演付宁去世，随后付宁导演治丧委员会发布讣告沉痛悼念付宁导演：“著名影视编剧、导演付宁，因突发疾病于2023年1月23日在北京逝世，享年55岁。”

据悉，导演付宁2009年独立编剧执导电视剧《鸽子哨》，他的代表作还有《全家福》《胡同》《秋蝉》《什刹海》和待播剧《梦中的那片海》等，其中《全家福》曾获得飞天奖优秀电视剧奖。

而付宁执导的新剧《梦中的那片海》还没有播出，这部剧成为了他职业生涯的遗作，而这部剧也是云集了很多的一线明星，包括肖战和李沁。

演员肖战@X玖少年团肖战DAYTOY 在自己的社交媒体中写道“相处的几个月，每天都能在片场听到导演您爽朗的笑声，也是您告诉我：除了戏其他都不叫事，要相信自己。万分感恩所有悉心的照顾和帮助。沉痛悼念！”

而除了肖战之外，另一位演员@李沁 同样是更新了自己的社交媒体，李沁写道“沉痛悼念，一路走好！”（综合新浪娱乐）",56,20,7,上海,中国,上海
4861375577588074,唯爱411的511,6608916500,f,2023-01-24 10:02:00,"#导演付宁去世#
有种说法叫“未尽的遗憾”，
一如留在火车上永远到不了延安的叶冲。
付宁导演的剧我只看过《秋蝉》，
但我喜爱他的叙事方法和拍摄手段，
遗憾有时更令人痛惜。

事有未竞，梦终残缺，
天堂之国，您们安息！",56,2,0,广安,中国,四川
4861419294298891,锦衣婆婆,6172293076,f,2023-01-24 12:55:43,#导演付宁去世#太年轻了太可惜了，一路走好,1,0,0,沧州,中国,河北
4861419159552190,昊悦也许战在益起,6463789003,f,2023-01-24 12:55:10,#导演付宁去世#和家人一起追了一部京味儿的电视剧。导演一路走好。,0,0,0,广州,中国,广东
4861208635121602,在下姜磊,1827363695,m,2023-01-23 22:58:38,#导演付宁去世# 天呐，这不会是真的吧？去年还在剧组见了付宁导演，他对待工作认真负责，有着极强的编剧天分和导演能力，创作出了很多精品力作，本来还期待着年后要开机的项目。付宁导演一路走好🙏🙏🙏,763,24,1,北京,中国,北京
4861416647954506,陆逸双厨,6626558973,m,2023-01-24 12:45:12,"#导演付宁去世#
希望大家来看我们无名啊，王一博梁朝伟周迅主演，非常好看，不看吃亏",11,18,2,,中国,安徽
4861188367720798,新浪电视,1642592432,f,2023-01-23 21:38:06,"#导演付宁去世# @演员钱波 发博称：“毛毛！付宁导演！我无法接受！从你的处女作《鸽子哨》起，我跟你拍过7部戏，你是我的贵人、恩人！你让兄弟们悲痛欲绝……毛毛一路走好🙏💔”多位业内人士向新浪娱乐证实，付宁导演去世消息属实。
据悉，导演付宁2009年独立编剧执导电视剧《鸽子哨》，2013年导演电视剧《兄弟车行》和《全家福》。 他的代表作还有《胡同》《秋蝉》《什刹海》和待播的《梦中的那片海》等。#付宁导演去世#",11213,1547,1267,黄冈,中国,湖北
4861415766888508,第五建利,6493289401,m,2023-01-24 12:41:42,#导演付宁去世# 最寒的冬！,3,0,0,咸阳,中国,陕西
4861415704233109,大款來來蘿,2002739265,f,2023-01-24 12:41:27,#导演付宁去世#如此年轻，太可惜了。,1,0,0,惠州,中国,广东
4861345525401059,漠宏庵,5172829747,m,2023-01-24 08:02:35,#导演付宁去世#作品是导演内心世界的真实再现；付宁先生《梦中的那片海》上映之后，一定会如约而至，分享付导辛勤付出的精典之作。请付导一路走好🙏,241,3,1,常德,中国,湖南
4861403364069698,演员孙广亮,2299698202,m,2023-01-24 11:52:25,很荣幸我和我的父母都参演了《胡同》，我和您最后一次合作就是《梦中的那片海》定格在2022.5.6，感觉是有日子没见，没想到是您永远的离开了我们！您的专业，您的性格，您的为人，都感染着我！沉痛悼念付宁导演，一路走好🕯🕯🕯能够在另一个世界继续自己热爱的事业#沉痛悼念##导演付宁去世#,22,1,0,北京,中国,北京
4861345084999255,招财笔记哥,2196298074,m,2023-01-24 08:00:50,"#导演付宁去世#
看到这个热搜我第一个反应是疫情。
春节期间到处逛完全没有疫情的任何消息，感觉病毒就这么快速消失了。
全国90%的人现在都是体内抗体浓度最高的时候，问题不大。但等6个月后抗体逐渐消失的时候，有没有第二波才是最关键的，现在专家也都不敢出来说话，信息真空了。",87,3,0,广州,中国,广东
4861364054525747,蒋亦凡,2834968711,m,2023-01-24 09:16:13,"#导演付宁去世#
从事影视编剧、导演工作20年余年，他先后创作了《鸽子哨》《兄弟车行》《全家福》《别叫我兄弟》《魔都风云》《秋蝉》《风再起时》《什刹海》《胡同》《梦中的那片海》等10部电视剧，其中《全家福》曾获得飞天奖优秀电视剧奖。

这些片子一部都没看过，但从影片评分来看，付宁导演的作品有不少都是8分以上的佳作。和肖战、关晓彤等都有合作过，是电影界的损失，缅怀付宁导演。",51,9,0,上海,中国,上海
4861413624124429,妤妤爱吃鱼吖,6602114539,f,2023-01-24 12:33:11,#导演付宁去世#真的好可惜，这样一个好导演，失去了他真的是演艺界莫大的损失。付宁导演一路走好,6,0,0,安康,中国,陕西
4861410100380686,原来是迪迦凯a,7621874466,f,2023-01-24 12:19:11,#导演付宁去世#唉，可惜了，一路走好,1,0,0,玉林,中国,广西
4861407079694692,温柔的夜11,1514696174,m,2023-01-24 12:07:10,#导演付宁去世#唉，英年早逝，一路走好🙏,3,0,0,南昌,中国,江西
4861407017833082,默默_maria,3616282490,f,2023-01-24 12:06:56,"#导演付宁去世#

世事无常 付导一路走好
难忘《秋蝉》

北城殇_的微博视频",2,1,0,东营,中国,山东
4861405226340426,任嘉伦_de嘉人,5798277357,f,2023-01-24 11:59:49,#导演付宁去世#导演一路走好，太突然了！很喜欢你导演的秋蝉！,3,0,0,乌兰察布,中国,内蒙古
4861402605683861,南呶呶DAYTOY,3738873587,f,2023-01-24 11:49:24,#导演付宁去世#付导您一路走好，哀悼！,2,0,0,保山,中国,云南
4861401485021336,劳资就吥,2283831161,f,2023-01-24 11:44:57,#导演付宁去世#！！！？？？怎么这么突然？看过付导的作品，真的是好导演。唉。。世事无常付导一路走好！,0,0,0,开封,中国,河南
4861401460638395,给杜甫的一壶酒,7626443677,m,2023-01-24 11:44:51,#导演付宁去世#人生无常，感谢遇见！,3,0,0,黔东南苗族侗族自治州,中国,贵州
4861240373417150,肖肖吃彬吗,5998166519,f,2023-01-24 01:04:45,#导演付宁去世#“除了戏其他都不叫事儿，要相信自己！”您一定是位很好很好的人，我相信梦海会交出最闪亮的成绩单。万分感恩，沉痛悼念😭,533,7,0,朔州,中国,山西
4861358842053092,泡一杯茶茶喝,7465873789,f,2023-01-24 08:55:30,#导演付宁去世#导演一路走好，很喜欢您导的《秋蝉》,34,0,0,日照,中国,山东
4861399489315461,1003号星星多糖-,6898817863,f,2023-01-24 11:37:01,#导演付宁去世#他的作品很好，也是个很好的导演，他的作品《秋蝉》《什刹海》《胡同》我都挺喜欢的，还有未播作品《梦中那片海》也挺期待的。影视圈真的少了一位很好的导演，太可惜了…付宁导演一路走好,7,0,0,永州,中国,湖南
4861348033594529,鲜知知,1256773011,m,2023-01-24 08:12:33,#导演付宁去世#他才55岁，才华横溢，真是可惜！愿逝去的人，到四维世界活得更精彩，愿活着的，好好保重，珍惜每一寸光阴，爱值得爱的人，快乐幸福。,22,7,2,成都,中国,四川
4861234249728698,看电影,1769684987,m,2023-01-24 00:40:25,"#导演付宁去世# 著名影视编剧、导演付宁，因突发疾病于2023年1月23日在北京逝世，享年55岁，治丧委员会发布讣告，共寄哀思。

付宁导演出身文艺世家，毕业于北京电影学院，从事影视编剧、导演工作20余年，先后创作了《鸽子哨》《全家福》《秋蝉》《什刹海》《胡同》《梦中的那片海》等作品，更凭《全家福》获得飞天奖优秀电视剧奖，一路走好。",67,26,8,上海,中国,上海
4861395621647721,远去背影,2295238983,m,2023-01-24 11:21:39,"#导演付宁去世#
看官方消息，付宁是突然去世，说明不是感染，估计心脑血管面大！
看他拍的关于北京的电视剧，他的作品韵味最足，且都正能量！
付宁老弟一路走好🙏",1,0,0,北京,中国,北京
4861395604606750,勇气可嘉0411,7481840665,f,2023-01-24 11:21:35,#导演付宁去世#可惜了，世事无常，一路走好,4,0,0,汉中,中国,陕西
4861395215057152,伊澜岑波,7407051132,f,2023-01-24 11:20:01,#导演付宁去世#这是梦中的那片海的导演，好遗憾。京味电视剧他拍得很好。付导一路走好。,8,0,0,太原,中国,山西
4861395050955311,雨为裳,1879919364,f,2023-01-24 11:19:23,昨晚上久久不能入睡，明白世事无常 还是无法接受，好像大声哭一会儿！付宁导演 您一路走好！#导演付宁去世#,1,0,0,金华,中国,浙江
4861394450907676,想钻圆子的被窝,7657817784,f,2023-01-24 11:16:59,#导演付宁去世#导演一路走好,0,0,0,济南,中国,山东
4861393948642850,鞠九欣ye,7749134420,f,2023-01-24 11:15:00,#导演付宁去世#默哀，祝您一路走好,0,0,0,沧州,中国,河北
4861393617291898,阿狸one1,5516822530,f,2023-01-24 11:13:41,#导演付宁去世# 他作品真的很优秀啊,2,0,0,柳州,中国,广西
4861393462105573,小茄今天醉奶了嘛,7348069739,f,2023-01-24 11:13:04,#导演付宁去世#很喜欢您的作品 祝您一路走好,5,0,0,天津,中国,天津
4861392357955339,开心荷包蛋-Y,7192836285,f,2023-01-24 11:08:41,"#导演付宁去世#一路走好
《什刹海》真的很好看。",0,0,0,上饶,中国,江西
4861390890731237,rjlykywan,7224383318,f,2023-01-24 11:02:51,#导演付宁去世#一路走好谢谢你镜头下有血有肉的田枣！,2,0,0,荆门,中国,湖北
4861298916983095,委鬼梗王,5124163474,f,2023-01-24 04:57:23,#导演付宁去世#太突然了《梦中那片海》还没播出 太遗憾了 导演 ，因突发疾病，不是新冠就是中风or心脏病，一路走好🙏,62,11,0,广州,中国,广东
