{
  "假球": {
    "href": "https://s.weibo.com/weibo?q=%E5%81%87%E7%90%83&t=31&band_rank=1&Refer=top",
    "hot": 3466779,
    "zhong": ""
  },
  "刘恋 薛凯琪": {
    "href": "https://s.weibo.com/weibo?q=%E5%88%98%E6%81%8B%20%E8%96%9B%E5%87%AF%E7%90%AA&t=31&band_rank=2&Refer=top",
    "hot": 2131451,
    "zhong": "音乐"
  },
  "中国昆明与老挝万象的双向奔赴": {
    "href": "https://s.weibo.com/weibo?q=%23%E4%B8%AD%E5%9B%BD%E6%98%86%E6%98%8E%E4%B8%8E%E8%80%81%E6%8C%9D%E4%B8%87%E8%B1%A1%E7%9A%84%E5%8F%8C%E5%90%91%E5%A5%94%E8%B5%B4%23&t=31&band_rank=3&Refer=top",
    "hot": 1662515,
    "zhong": ""
  },
  "泫雅泰国泼水节 舞台上的野马": {
    "href": "https://s.weibo.com/weibo?q=%E6%B3%AB%E9%9B%85%E6%B3%B0%E5%9B%BD%E6%B3%BC%E6%B0%B4%E8%8A%82%20%E8%88%9E%E5%8F%B0%E4%B8%8A%E7%9A%84%E9%87%8E%E9%A9%AC&t=31&band_rank=4&Refer=top",
    "hot": 1241988,
    "zhong": "音乐"
  },
  "建议微信出个头像屏蔽功能": {
    "href": "https://s.weibo.com/weibo?q=%23%E5%BB%BA%E8%AE%AE%E5%BE%AE%E4%BF%A1%E5%87%BA%E4%B8%AA%E5%A4%B4%E5%83%8F%E5%B1%8F%E8%94%BD%E5%8A%9F%E8%83%BD%23&t=31&band_rank=5&Refer=top",
    "hot": 1030952,
    "zhong": ""
  },
  "忽然发现家里有点钱": {
    "href": "https://s.weibo.com/weibo?q=%23%E5%BF%BD%E7%84%B6%E5%8F%91%E7%8E%B0%E5%AE%B6%E9%87%8C%E6%9C%89%E7%82%B9%E9%92%B1%23&t=31&band_rank=6&Refer=top",
    "hot": 921562,
    "zhong": ""
  },
  "李楠": {
    "href": "https://s.weibo.com/weibo?q=%E6%9D%8E%E6%A5%A0&t=31&band_rank=7&Refer=top",
    "hot": 792472,
    "zhong": ""
  },
  "安徽亳州失联爷孙遗体已找到": {
    "href": "https://s.weibo.com/weibo?q=%23%E5%AE%89%E5%BE%BD%E4%BA%B3%E5%B7%9E%E5%A4%B1%E8%81%94%E7%88%B7%E5%AD%99%E9%81%97%E4%BD%93%E5%B7%B2%E6%89%BE%E5%88%B0%23&t=31&band_rank=8&Refer=top",
    "hot": 768423,
    "zhong": ""
  },
  "医院回应护士上班戴美甲给患者扎针": {
    "href": "https://s.weibo.com/weibo?q=%23%E5%8C%BB%E9%99%A2%E5%9B%9E%E5%BA%94%E6%8A%A4%E5%A3%AB%E4%B8%8A%E7%8F%AD%E6%88%B4%E7%BE%8E%E7%94%B2%E7%BB%99%E6%82%A3%E8%80%85%E6%89%8E%E9%92%88%23&t=31&band_rank=9&Refer=top",
    "hot": 603675,
    "zhong": ""
  },
  "女儿发现做月嫂的妈妈存款近500万": {
    "href": "https://s.weibo.com/weibo?q=%23%E5%A5%B3%E5%84%BF%E5%8F%91%E7%8E%B0%E5%81%9A%E6%9C%88%E5%AB%82%E7%9A%84%E5%A6%88%E5%A6%88%E5%AD%98%E6%AC%BE%E8%BF%91500%E4%B8%87%23&t=31&band_rank=10&Refer=top",
    "hot": 540637,
    "zhong": ""
  },
  "许超医生 麻烦网红不要去碰瓷医院": {
    "href": "https://s.weibo.com/weibo?q=%E8%AE%B8%E8%B6%85%E5%8C%BB%E7%94%9F%20%E9%BA%BB%E7%83%A6%E7%BD%91%E7%BA%A2%E4%B8%8D%E8%A6%81%E5%8E%BB%E7%A2%B0%E7%93%B7%E5%8C%BB%E9%99%A2&t=31&band_rank=11&Refer=top",
    "hot": 538423,
    "zhong": ""
  },
  "传说中杨紫的朋友圈": {
    "href": "https://s.weibo.com/weibo?q=%23%E4%BC%A0%E8%AF%B4%E4%B8%AD%E6%9D%A8%E7%B4%AB%E7%9A%84%E6%9C%8B%E5%8F%8B%E5%9C%88%23&t=31&band_rank=12&Refer=top",
    "hot": 538249,
    "zhong": ""
  },
  "24岁的周雨彤": {
    "href": "https://s.weibo.com/weibo?q=%2324%E5%B2%81%E7%9A%84%E5%91%A8%E9%9B%A8%E5%BD%A4%23&t=31&band_rank=13&Refer=top",
    "hot": 538180,
    "zhong": ""
  },
  "樊振东比赛": {
    "href": "https://s.weibo.com/weibo?q=%E6%A8%8A%E6%8C%AF%E4%B8%9C%E6%AF%94%E8%B5%9B&t=31&band_rank=14&Refer=top",
    "hot": 535616,
    "zhong": ""
  },
  "柯南 处处吻": {
    "href": "https://s.weibo.com/weibo?q=%E6%9F%AF%E5%8D%97%20%E5%A4%84%E5%A4%84%E5%90%BB&t=31&band_rank=15&Refer=top",
    "hot": 485185,
    "zhong": "电影"
  },
  "中国成功实施陆基中段反导拦截技术试验": {
    "href": "https://s.weibo.com/weibo?q=%23%E4%B8%AD%E5%9B%BD%E6%88%90%E5%8A%9F%E5%AE%9E%E6%96%BD%E9%99%86%E5%9F%BA%E4%B8%AD%E6%AE%B5%E5%8F%8D%E5%AF%BC%E6%8B%A6%E6%88%AA%E6%8A%80%E6%9C%AF%E8%AF%95%E9%AA%8C%23&t=31&band_rank=16&Refer=top",
    "hot": 454917,
    "zhong": ""
  },
  "女子举报继父上班时间家中约会女性": {
    "href": "https://s.weibo.com/weibo?q=%23%E5%A5%B3%E5%AD%90%E4%B8%BE%E6%8A%A5%E7%BB%A7%E7%88%B6%E4%B8%8A%E7%8F%AD%E6%97%B6%E9%97%B4%E5%AE%B6%E4%B8%AD%E7%BA%A6%E4%BC%9A%E5%A5%B3%E6%80%A7%23&t=31&band_rank=17&Refer=top",
    "hot": 371562,
    "zhong": ""
  },
  "刘昊然周冬雨 燃冬": {
    "href": "https://s.weibo.com/weibo?q=%E5%88%98%E6%98%8A%E7%84%B6%E5%91%A8%E5%86%AC%E9%9B%A8%20%E7%87%83%E5%86%AC&t=31&band_rank=18&Refer=top",
    "hot": 324791,
    "zhong": "盛典"
  },
  "陈梦VS孙颖莎": {
    "href": "https://s.weibo.com/weibo?q=%E9%99%88%E6%A2%A6VS%E5%AD%99%E9%A2%96%E8%8E%8E&t=31&band_rank=19&Refer=top",
    "hot": 281972,
    "zhong": ""
  },
  "女孩离家出走被男子收留后被性侵": {
    "href": "https://s.weibo.com/weibo?q=%23%E5%A5%B3%E5%AD%A9%E7%A6%BB%E5%AE%B6%E5%87%BA%E8%B5%B0%E8%A2%AB%E7%94%B7%E5%AD%90%E6%94%B6%E7%95%99%E5%90%8E%E8%A2%AB%E6%80%A7%E4%BE%B5%23&t=31&band_rank=20&Refer=top",
    "hot": 278955,
    "zhong": ""
  },
  "范丞丞把郭麒麟五官认成宋雨琦": {
    "href": "https://s.weibo.com/weibo?q=%23%E8%8C%83%E4%B8%9E%E4%B8%9E%E6%8A%8A%E9%83%AD%E9%BA%92%E9%BA%9F%E4%BA%94%E5%AE%98%E8%AE%A4%E6%88%90%E5%AE%8B%E9%9B%A8%E7%90%A6%23&t=31&band_rank=21&Refer=top",
    "hot": 260111,
    "zhong": "综艺"
  },
  "曲婉婷名下两套房产被法拍": {
    "href": "https://s.weibo.com/weibo?q=%23%E6%9B%B2%E5%A9%89%E5%A9%B7%E5%90%8D%E4%B8%8B%E4%B8%A4%E5%A5%97%E6%88%BF%E4%BA%A7%E8%A2%AB%E6%B3%95%E6%8B%8D%23&t=31&band_rank=22&Refer=top",
    "hot": 243989,
    "zhong": ""
  },
  "江苏男篮最后时刻连续失误": {
    "href": "https://s.weibo.com/weibo?q=%23%E6%B1%9F%E8%8B%8F%E7%94%B7%E7%AF%AE%E6%9C%80%E5%90%8E%E6%97%B6%E5%88%BB%E8%BF%9E%E7%BB%AD%E5%A4%B1%E8%AF%AF%23&t=31&band_rank=23&Refer=top",
    "hot": 243848,
    "zhong": ""
  },
  "孙珍妮追星成功白鹿": {
    "href": "https://s.weibo.com/weibo?q=%23%E5%AD%99%E7%8F%8D%E5%A6%AE%E8%BF%BD%E6%98%9F%E6%88%90%E5%8A%9F%E7%99%BD%E9%B9%BF%23&t=31&band_rank=24&Refer=top",
    "hot": 239060,
    "zhong": "剧集"
  },
  "为什么广东胖子少": {
    "href": "https://s.weibo.com/weibo?q=%23%E4%B8%BA%E4%BB%80%E4%B9%88%E5%B9%BF%E4%B8%9C%E8%83%96%E5%AD%90%E5%B0%91%23&t=31&band_rank=25&Refer=top",
    "hot": 238728,
    "zhong": ""
  },
  "胡歌新电影": {
    "href": "https://s.weibo.com/weibo?q=%E8%83%A1%E6%AD%8C%E6%96%B0%E7%94%B5%E5%BD%B1&t=31&band_rank=26&Refer=top",
    "hot": 224339,
    "zhong": "电影"
  },
  "好友赚了2000万我却失眠了": {
    "href": "https://s.weibo.com/weibo?q=%23%E5%A5%BD%E5%8F%8B%E8%B5%9A%E4%BA%862000%E4%B8%87%E6%88%91%E5%8D%B4%E5%A4%B1%E7%9C%A0%E4%BA%86%23&t=31&band_rank=27&Refer=top",
    "hot": 224263,
    "zhong": ""
  },
  "薛之谦粤语口音走丢两年还没回来": {
    "href": "https://s.weibo.com/weibo?q=%23%E8%96%9B%E4%B9%8B%E8%B0%A6%E7%B2%A4%E8%AF%AD%E5%8F%A3%E9%9F%B3%E8%B5%B0%E4%B8%A2%E4%B8%A4%E5%B9%B4%E8%BF%98%E6%B2%A1%E5%9B%9E%E6%9D%A5%23&t=31&band_rank=28&Refer=top",
    "hot": 213780,
    "zhong": "音乐"
  },
  "陈都灵演技": {
    "href": "https://s.weibo.com/weibo?q=%E9%99%88%E9%83%BD%E7%81%B5%E6%BC%94%E6%8A%80&t=31&band_rank=29&Refer=top",
    "hot": 210599,
    "zhong": "剧集"
  },
  "徐明浩青春环游记跳hot": {
    "href": "https://s.weibo.com/weibo?q=%23%E5%BE%90%E6%98%8E%E6%B5%A9%E9%9D%92%E6%98%A5%E7%8E%AF%E6%B8%B8%E8%AE%B0%E8%B7%B3hot%23&t=31&band_rank=30&Refer=top",
    "hot": 204888,
    "zhong": "综艺"
  },
  "女心理咨询师卧底约死群8年": {
    "href": "https://s.weibo.com/weibo?q=%23%E5%A5%B3%E5%BF%83%E7%90%86%E5%92%A8%E8%AF%A2%E5%B8%88%E5%8D%A7%E5%BA%95%E7%BA%A6%E6%AD%BB%E7%BE%A48%E5%B9%B4%23&t=31&band_rank=31&Refer=top",
    "hot": 199905,
    "zhong": ""
  },
  "希望五年后的今天": {
    "href": "https://s.weibo.com/weibo?q=%E5%B8%8C%E6%9C%9B%E4%BA%94%E5%B9%B4%E5%90%8E%E7%9A%84%E4%BB%8A%E5%A4%A9&t=31&band_rank=32&Refer=top",
    "hot": 197051,
    "zhong": ""
  },
  "音悦台向EXO和粉丝道歉": {
    "href": "https://s.weibo.com/weibo?q=%23%E9%9F%B3%E6%82%A6%E5%8F%B0%E5%90%91EXO%E5%92%8C%E7%B2%89%E4%B8%9D%E9%81%93%E6%AD%89%23&t=31&band_rank=33&Refer=top",
    "hot": 189179,
    "zhong": "音乐"
  },
  "南京红山动物园否认网红猴被霸凌": {
    "href": "https://s.weibo.com/weibo?q=%23%E5%8D%97%E4%BA%AC%E7%BA%A2%E5%B1%B1%E5%8A%A8%E7%89%A9%E5%9B%AD%E5%90%A6%E8%AE%A4%E7%BD%91%E7%BA%A2%E7%8C%B4%E8%A2%AB%E9%9C%B8%E5%87%8C%23&t=31&band_rank=34&Refer=top",
    "hot": 186864,
    "zhong": ""
  },
  "如果长月烬明没有神魔大战": {
    "href": "https://s.weibo.com/weibo?q=%23%E5%A6%82%E6%9E%9C%E9%95%BF%E6%9C%88%E7%83%AC%E6%98%8E%E6%B2%A1%E6%9C%89%E7%A5%9E%E9%AD%94%E5%A4%A7%E6%88%98%23&t=31&band_rank=35&Refer=top",
    "hot": 186859,
    "zhong": "剧集"
  },
  "怪盗基德 服部平次": {
    "href": "https://s.weibo.com/weibo?q=%E6%80%AA%E7%9B%97%E5%9F%BA%E5%BE%B7%20%E6%9C%8D%E9%83%A8%E5%B9%B3%E6%AC%A1&t=31&band_rank=36&Refer=top",
    "hot": 186848,
    "zhong": "电影"
  },
  "鹿晗给宝石老舅的歌即兴编舞": {
    "href": "https://s.weibo.com/weibo?q=%23%E9%B9%BF%E6%99%97%E7%BB%99%E5%AE%9D%E7%9F%B3%E8%80%81%E8%88%85%E7%9A%84%E6%AD%8C%E5%8D%B3%E5%85%B4%E7%BC%96%E8%88%9E%23&t=31&band_rank=37&Refer=top",
    "hot": 186843,
    "zhong": "综艺"
  },
  "吴磊 常熟": {
    "href": "https://s.weibo.com/weibo?q=%E5%90%B4%E7%A3%8A%20%E5%B8%B8%E7%86%9F&t=31&band_rank=38&Refer=top",
    "hot": 186834,
    "zhong": "剧集"
  },
  "五哈 小婉": {
    "href": "https://s.weibo.com/weibo?q=%E4%BA%94%E5%93%88%20%E5%B0%8F%E5%A9%89&t=31&band_rank=39&Refer=top",
    "hot": 186823,
    "zhong": "综艺"
  },
  "北京WB": {
    "href": "https://s.weibo.com/weibo?q=%E5%8C%97%E4%BA%ACWB&t=31&band_rank=40&Refer=top",
    "hot": 186820,
    "zhong": ""
  },
  "陈鑫海可爱": {
    "href": "https://s.weibo.com/weibo?q=%E9%99%88%E9%91%AB%E6%B5%B7%E5%8F%AF%E7%88%B1&t=31&band_rank=41&Refer=top",
    "hot": 186804,
    "zhong": "剧集"
  },
  "孙颖莎晋级冠军赛决赛": {
    "href": "https://s.weibo.com/weibo?q=%23%E5%AD%99%E9%A2%96%E8%8E%8E%E6%99%8B%E7%BA%A7%E5%86%A0%E5%86%9B%E8%B5%9B%E5%86%B3%E8%B5%9B%23&t=31&band_rank=42&Refer=top",
    "hot": 186803,
    "zhong": ""
  },
  "王者荣耀": {
    "href": "https://s.weibo.com/weibo?q=%E7%8E%8B%E8%80%85%E8%8D%A3%E8%80%80&t=31&band_rank=43&Refer=top",
    "hot": 186793,
    "zhong": ""
  },
  "李晨把张彬彬五官认成苏醒": {
    "href": "https://s.weibo.com/weibo?q=%23%E6%9D%8E%E6%99%A8%E6%8A%8A%E5%BC%A0%E5%BD%AC%E5%BD%AC%E4%BA%94%E5%AE%98%E8%AE%A4%E6%88%90%E8%8B%8F%E9%86%92%23&t=31&band_rank=44&Refer=top",
    "hot": 186781,
    "zhong": "综艺"
  },
  "CBA": {
    "href": "https://s.weibo.com/weibo?q=CBA&t=31&band_rank=45&Refer=top",
    "hot": 186773,
    "zhong": ""
  },
  "LPL": {
    "href": "https://s.weibo.com/weibo?q=LPL&t=31&band_rank=46&Refer=top",
    "hot": 186768,
    "zhong": ""
  },
  "吉安失踪4年童家姐弟疑似被找到": {
    "href": "https://s.weibo.com/weibo?q=%23%E5%90%89%E5%AE%89%E5%A4%B1%E8%B8%AA4%E5%B9%B4%E7%AB%A5%E5%AE%B6%E5%A7%90%E5%BC%9F%E7%96%91%E4%BC%BC%E8%A2%AB%E6%89%BE%E5%88%B0%23&t=31&band_rank=47&Refer=top",
    "hot": 186750,
    "zhong": ""
  },
  "代号鸢": {
    "href": "https://s.weibo.com/weibo?q=%E4%BB%A3%E5%8F%B7%E9%B8%A2&t=31&band_rank=48&Refer=top",
    "hot": 186741,
    "zhong": ""
  },
  "李楠用人": {
    "href": "https://s.weibo.com/weibo?q=%23%E6%9D%8E%E6%A5%A0%E7%94%A8%E4%BA%BA%23&t=31&band_rank=49&Refer=top",
    "hot": 186739,
    "zhong": ""
  },
  "江苏肯帝亚": {
    "href": "https://s.weibo.com/weibo?q=%E6%B1%9F%E8%8B%8F%E8%82%AF%E5%B8%9D%E4%BA%9A&t=31&band_rank=50&Refer=top",
    "hot": 186730,
    "zhong": ""
  }
}