{
  "今年五一连休五天": {
    "href": "https://s.weibo.com/weibo?q=%23%E4%BB%8A%E5%B9%B4%E4%BA%94%E4%B8%80%E8%BF%9E%E4%BC%91%E4%BA%94%E5%A4%A9%23&t=31&band_rank=1&Refer=top",
    "hot": 2970044,
    "zhong": ""
  },
  "周杰伦起诉网易不正当竞争": {
    "href": "https://s.weibo.com/weibo?q=%23%E5%91%A8%E6%9D%B0%E4%BC%A6%E8%B5%B7%E8%AF%89%E7%BD%91%E6%98%93%E4%B8%8D%E6%AD%A3%E5%BD%93%E7%AB%9E%E4%BA%89%23&t=31&band_rank=2&Refer=top",
    "hot": 2199703,
    "zhong": ""
  },
  "这些旅游专列已发车": {
    "href": "https://s.weibo.com/weibo?q=%23%E8%BF%99%E4%BA%9B%E6%97%85%E6%B8%B8%E4%B8%93%E5%88%97%E5%B7%B2%E5%8F%91%E8%BD%A6%23&t=31&band_rank=3&Refer=top",
    "hot": 960584,
    "zhong": ""
  },
  "面试时撒过最大的谎是什么": {
    "href": "https://s.weibo.com/weibo?q=%23%E9%9D%A2%E8%AF%95%E6%97%B6%E6%92%92%E8%BF%87%E6%9C%80%E5%A4%A7%E7%9A%84%E8%B0%8E%E6%98%AF%E4%BB%80%E4%B9%88%23&t=31&band_rank=4&Refer=top",
    "hot": 899114,
    "zhong": ""
  },
  "五一调休": {
    "href": "https://s.weibo.com/weibo?q=%E4%BA%94%E4%B8%80%E8%B0%83%E4%BC%91&t=31&band_rank=5&Refer=top",
    "hot": 766265,
    "zhong": ""
  },
  "极限挑战第九季阵容官宣": {
    "href": "https://s.weibo.com/weibo?q=%23%E6%9E%81%E9%99%90%E6%8C%91%E6%88%98%E7%AC%AC%E4%B9%9D%E5%AD%A3%E9%98%B5%E5%AE%B9%E5%AE%98%E5%AE%A3%23&t=31&band_rank=6&Refer=top",
    "hot": 719409,
    "zhong": "综艺"
  },
  "在杭州西湖遭遇划船刺客": {
    "href": "https://s.weibo.com/weibo?q=%23%E5%9C%A8%E6%9D%AD%E5%B7%9E%E8%A5%BF%E6%B9%96%E9%81%AD%E9%81%87%E5%88%92%E8%88%B9%E5%88%BA%E5%AE%A2%23&t=31&band_rank=7&Refer=top",
    "hot": 655314,
    "zhong": ""
  },
  "军队文职": {
    "href": "https://s.weibo.com/weibo?q=%E5%86%9B%E9%98%9F%E6%96%87%E8%81%8C&t=31&band_rank=8&Refer=top",
    "hot": 636529,
    "zhong": ""
  },
  "30元竹筒奶茶是智商税吗": {
    "href": "https://s.weibo.com/weibo?q=%2330%E5%85%83%E7%AB%B9%E7%AD%92%E5%A5%B6%E8%8C%B6%E6%98%AF%E6%99%BA%E5%95%86%E7%A8%8E%E5%90%97%23&t=31&band_rank=9&Refer=top",
    "hot": 622786,
    "zhong": ""
  },
  "KnowKnow跳水压倒一片观众": {
    "href": "https://s.weibo.com/weibo?q=%23KnowKnow%E8%B7%B3%E6%B0%B4%E5%8E%8B%E5%80%92%E4%B8%80%E7%89%87%E8%A7%82%E4%BC%97%23&t=31&band_rank=10&Refer=top",
    "hot": 571832,
    "zhong": ""
  },
  "iPhone15ProMax预计售价2万块": {
    "href": "https://s.weibo.com/weibo?q=%23iPhone15ProMax%E9%A2%84%E8%AE%A1%E5%94%AE%E4%BB%B72%E4%B8%87%E5%9D%97%23&t=31&band_rank=11&Refer=top",
    "hot": 571400,
    "zhong": ""
  },
  "韩国称美国监听自己不会动摇韩美同盟": {
    "href": "https://s.weibo.com/weibo?q=%23%E9%9F%A9%E5%9B%BD%E7%A7%B0%E7%BE%8E%E5%9B%BD%E7%9B%91%E5%90%AC%E8%87%AA%E5%B7%B1%E4%B8%8D%E4%BC%9A%E5%8A%A8%E6%91%87%E9%9F%A9%E7%BE%8E%E5%90%8C%E7%9B%9F%23&t=31&band_rank=12&Refer=top",
    "hot": 530171,
    "zhong": ""
  },
  "Kpop圈首位印度成员ARIA": {
    "href": "https://s.weibo.com/weibo?q=%23Kpop%E5%9C%88%E9%A6%96%E4%BD%8D%E5%8D%B0%E5%BA%A6%E6%88%90%E5%91%98ARIA%23&t=31&band_rank=13&Refer=top",
    "hot": 511073,
    "zhong": ""
  },
  "骆驼被景区人员轮番棒打惨叫下跪": {
    "href": "https://s.weibo.com/weibo?q=%23%E9%AA%86%E9%A9%BC%E8%A2%AB%E6%99%AF%E5%8C%BA%E4%BA%BA%E5%91%98%E8%BD%AE%E7%95%AA%E6%A3%92%E6%89%93%E6%83%A8%E5%8F%AB%E4%B8%8B%E8%B7%AA%23&t=31&band_rank=14&Refer=top",
    "hot": 388569,
    "zhong": ""
  },
  "2万块的iPhone15你会买吗": {
    "href": "https://s.weibo.com/weibo?q=%232%E4%B8%87%E5%9D%97%E7%9A%84iPhone15%E4%BD%A0%E4%BC%9A%E4%B9%B0%E5%90%97%23&t=31&band_rank=15&Refer=top",
    "hot": 378574,
    "zhong": ""
  },
  "林俊杰 听说最近很多人想帮我理财": {
    "href": "https://s.weibo.com/weibo?q=%E6%9E%97%E4%BF%8A%E6%9D%B0%20%E5%90%AC%E8%AF%B4%E6%9C%80%E8%BF%91%E5%BE%88%E5%A4%9A%E4%BA%BA%E6%83%B3%E5%B8%AE%E6%88%91%E7%90%86%E8%B4%A2&t=31&band_rank=16&Refer=top",
    "hot": 364662,
    "zhong": ""
  },
  "辞职带来的快乐是一时的": {
    "href": "https://s.weibo.com/weibo?q=%23%E8%BE%9E%E8%81%8C%E5%B8%A6%E6%9D%A5%E7%9A%84%E5%BF%AB%E4%B9%90%E6%98%AF%E4%B8%80%E6%97%B6%E7%9A%84%23&t=31&band_rank=17&Refer=top",
    "hot": 353302,
    "zhong": ""
  },
  "华为连发三款手机新品": {
    "href": "https://s.weibo.com/weibo?q=%23%E5%8D%8E%E4%B8%BA%E8%BF%9E%E5%8F%91%E4%B8%89%E6%AC%BE%E6%89%8B%E6%9C%BA%E6%96%B0%E5%93%81%23&t=31&band_rank=18&Refer=top",
    "hot": 341463,
    "zhong": ""
  },
  "冥夜天欢VS冥夜桑酒": {
    "href": "https://s.weibo.com/weibo?q=%23%E5%86%A5%E5%A4%9C%E5%A4%A9%E6%AC%A2VS%E5%86%A5%E5%A4%9C%E6%A1%91%E9%85%92%23&t=31&band_rank=19&Refer=top",
    "hot": 340650,
    "zhong": "剧集"
  },
  "熊猫也有平替": {
    "href": "https://s.weibo.com/weibo?q=%E7%86%8A%E7%8C%AB%E4%B9%9F%E6%9C%89%E5%B9%B3%E6%9B%BF&t=31&band_rank=20&Refer=top",
    "hot": 298144,
    "zhong": ""
  },
  "宋三川尿检结果异常": {
    "href": "https://s.weibo.com/weibo?q=%23%E5%AE%8B%E4%B8%89%E5%B7%9D%E5%B0%BF%E6%A3%80%E7%BB%93%E6%9E%9C%E5%BC%82%E5%B8%B8%23&t=31&band_rank=21&Refer=top",
    "hot": 294875,
    "zhong": "剧集"
  },
  "神隐": {
    "href": "https://s.weibo.com/weibo?q=%E7%A5%9E%E9%9A%90&t=31&band_rank=22&Refer=top",
    "hot": 290052,
    "zhong": "剧集"
  },
  "许嵩说我的外壳是冷的内心是热烈的": {
    "href": "https://s.weibo.com/weibo?q=%23%E8%AE%B8%E5%B5%A9%E8%AF%B4%E6%88%91%E7%9A%84%E5%A4%96%E5%A3%B3%E6%98%AF%E5%86%B7%E7%9A%84%E5%86%85%E5%BF%83%E6%98%AF%E7%83%AD%E7%83%88%E7%9A%84%23&t=31&band_rank=23&Refer=top",
    "hot": 282831,
    "zhong": "音乐"
  },
  "李兰迪被鸟屎砸中": {
    "href": "https://s.weibo.com/weibo?q=%23%E6%9D%8E%E5%85%B0%E8%BF%AA%E8%A2%AB%E9%B8%9F%E5%B1%8E%E7%A0%B8%E4%B8%AD%23&t=31&band_rank=24&Refer=top",
    "hot": 275815,
    "zhong": ""
  },
  "张彬彬代旭新剧官宣杀青": {
    "href": "https://s.weibo.com/weibo?q=%23%E5%BC%A0%E5%BD%AC%E5%BD%AC%E4%BB%A3%E6%97%AD%E6%96%B0%E5%89%A7%E5%AE%98%E5%AE%A3%E6%9D%80%E9%9D%92%23&t=31&band_rank=25&Refer=top",
    "hot": 254454,
    "zhong": "剧集"
  },
  "苏州新晋网红竹筒奶茶": {
    "href": "https://s.weibo.com/weibo?q=%23%E8%8B%8F%E5%B7%9E%E6%96%B0%E6%99%8B%E7%BD%91%E7%BA%A2%E7%AB%B9%E7%AD%92%E5%A5%B6%E8%8C%B6%23&t=31&band_rank=26&Refer=top",
    "hot": 238501,
    "zhong": ""
  },
  "淄博烧烤到底好不好吃": {
    "href": "https://s.weibo.com/weibo?q=%23%E6%B7%84%E5%8D%9A%E7%83%A7%E7%83%A4%E5%88%B0%E5%BA%95%E5%A5%BD%E4%B8%8D%E5%A5%BD%E5%90%83%23&t=31&band_rank=27&Refer=top",
    "hot": 235671,
    "zhong": "投票"
  },
  "车银优演唱会用粉丝手机自拍": {
    "href": "https://s.weibo.com/weibo?q=%23%E8%BD%A6%E9%93%B6%E4%BC%98%E6%BC%94%E5%94%B1%E4%BC%9A%E7%94%A8%E7%B2%89%E4%B8%9D%E6%89%8B%E6%9C%BA%E8%87%AA%E6%8B%8D%23&t=31&band_rank=28&Refer=top",
    "hot": 232341,
    "zhong": "音乐"
  },
  "易烊千玺对镜头打招呼": {
    "href": "https://s.weibo.com/weibo?q=%23%E6%98%93%E7%83%8A%E5%8D%83%E7%8E%BA%E5%AF%B9%E9%95%9C%E5%A4%B4%E6%89%93%E6%8B%9B%E5%91%BC%23&t=31&band_rank=29&Refer=top",
    "hot": 227353,
    "zhong": "盛典"
  },
  "官方回应男子骂剖腹产妻子她疼她死": {
    "href": "https://s.weibo.com/weibo?q=%23%E5%AE%98%E6%96%B9%E5%9B%9E%E5%BA%94%E7%94%B7%E5%AD%90%E9%AA%82%E5%89%96%E8%85%B9%E4%BA%A7%E5%A6%BB%E5%AD%90%E5%A5%B9%E7%96%BC%E5%A5%B9%E6%AD%BB%23&t=31&band_rank=30&Refer=top",
    "hot": 224571,
    "zhong": ""
  },
  "李坤城去世": {
    "href": "https://s.weibo.com/weibo?q=%23%E6%9D%8E%E5%9D%A4%E5%9F%8E%E5%8E%BB%E4%B8%96%23&t=31&band_rank=31&Refer=top",
    "hot": 224501,
    "zhong": ""
  },
  "张译神补刀苏有朋": {
    "href": "https://s.weibo.com/weibo?q=%23%E5%BC%A0%E8%AF%91%E7%A5%9E%E8%A1%A5%E5%88%80%E8%8B%8F%E6%9C%89%E6%9C%8B%23&t=31&band_rank=32&Refer=top",
    "hot": 224212,
    "zhong": ""
  },
  "为什么五一要调休": {
    "href": "https://s.weibo.com/weibo?q=%23%E4%B8%BA%E4%BB%80%E4%B9%88%E4%BA%94%E4%B8%80%E8%A6%81%E8%B0%83%E4%BC%91%23&t=31&band_rank=33&Refer=top",
    "hot": 216272,
    "zhong": ""
  },
  "神隐全员动物设定": {
    "href": "https://s.weibo.com/weibo?q=%23%E7%A5%9E%E9%9A%90%E5%85%A8%E5%91%98%E5%8A%A8%E7%89%A9%E8%AE%BE%E5%AE%9A%23&t=31&band_rank=34&Refer=top",
    "hot": 210492,
    "zhong": "剧集"
  },
  "爸爸抽烟甩手时不慎烫伤孩子眼睛": {
    "href": "https://s.weibo.com/weibo?q=%23%E7%88%B8%E7%88%B8%E6%8A%BD%E7%83%9F%E7%94%A9%E6%89%8B%E6%97%B6%E4%B8%8D%E6%85%8E%E7%83%AB%E4%BC%A4%E5%AD%A9%E5%AD%90%E7%9C%BC%E7%9D%9B%23&t=31&band_rank=35&Refer=top",
    "hot": 201586,
    "zhong": ""
  },
  "投资者对苹果头显缺乏信心原因": {
    "href": "https://s.weibo.com/weibo?q=%23%E6%8A%95%E8%B5%84%E8%80%85%E5%AF%B9%E8%8B%B9%E6%9E%9C%E5%A4%B4%E6%98%BE%E7%BC%BA%E4%B9%8F%E4%BF%A1%E5%BF%83%E5%8E%9F%E5%9B%A0%23&t=31&band_rank=36&Refer=top",
    "hot": 196619,
    "zhong": ""
  },
  "周雨彤签约壹心": {
    "href": "https://s.weibo.com/weibo?q=%23%E5%91%A8%E9%9B%A8%E5%BD%A4%E7%AD%BE%E7%BA%A6%E5%A3%B9%E5%BF%83%23&t=31&band_rank=37&Refer=top",
    "hot": 194957,
    "zhong": ""
  },
  "苹果去年在爱尔兰利润增至693亿美元": {
    "href": "https://s.weibo.com/weibo?q=%23%E8%8B%B9%E6%9E%9C%E5%8E%BB%E5%B9%B4%E5%9C%A8%E7%88%B1%E5%B0%94%E5%85%B0%E5%88%A9%E6%B6%A6%E5%A2%9E%E8%87%B3693%E4%BA%BF%E7%BE%8E%E5%85%83%23&t=31&band_rank=38&Refer=top",
    "hot": 192218,
    "zhong": ""
  },
  "林俊德去世前曾一次次拒绝儿子探望": {
    "href": "https://s.weibo.com/weibo?q=%23%E6%9E%97%E4%BF%8A%E5%BE%B7%E5%8E%BB%E4%B8%96%E5%89%8D%E6%9B%BE%E4%B8%80%E6%AC%A1%E6%AC%A1%E6%8B%92%E7%BB%9D%E5%84%BF%E5%AD%90%E6%8E%A2%E6%9C%9B%23&t=31&band_rank=39&Refer=top",
    "hot": 190109,
    "zhong": ""
  },
  "沈月回应青环比划猜有剧本": {
    "href": "https://s.weibo.com/weibo?q=%23%E6%B2%88%E6%9C%88%E5%9B%9E%E5%BA%94%E9%9D%92%E7%8E%AF%E6%AF%94%E5%88%92%E7%8C%9C%E6%9C%89%E5%89%A7%E6%9C%AC%23&t=31&band_rank=40&Refer=top",
    "hot": 186755,
    "zhong": "综艺"
  },
  "淄博宣传": {
    "href": "https://s.weibo.com/weibo?q=%E6%B7%84%E5%8D%9A%E5%AE%A3%E4%BC%A0&t=31&band_rank=41&Refer=top",
    "hot": 179447,
    "zhong": ""
  },
  "想念澹台烬": {
    "href": "https://s.weibo.com/weibo?q=%23%E6%83%B3%E5%BF%B5%E6%BE%B9%E5%8F%B0%E7%83%AC%23&t=31&band_rank=42&Refer=top",
    "hot": 175173,
    "zhong": "剧集"
  },
  "范丞丞小鬼同框热聊": {
    "href": "https://s.weibo.com/weibo?q=%23%E8%8C%83%E4%B8%9E%E4%B8%9E%E5%B0%8F%E9%AC%BC%E5%90%8C%E6%A1%86%E7%83%AD%E8%81%8A%23&t=31&band_rank=43&Refer=top",
    "hot": 157497,
    "zhong": "音乐"
  },
  "重庆姐弟坠亡案": {
    "href": "https://s.weibo.com/weibo?q=%E9%87%8D%E5%BA%86%E5%A7%90%E5%BC%9F%E5%9D%A0%E4%BA%A1%E6%A1%88&t=31&band_rank=44&Refer=top",
    "hot": 156999,
    "zhong": ""
  },
  "罗云熙白鹿新剧情感特辑": {
    "href": "https://s.weibo.com/weibo?q=%23%E7%BD%97%E4%BA%91%E7%86%99%E7%99%BD%E9%B9%BF%E6%96%B0%E5%89%A7%E6%83%85%E6%84%9F%E7%89%B9%E8%BE%91%23&t=31&band_rank=45&Refer=top",
    "hot": 153317,
    "zhong": "剧集"
  },
  "山西晋城为改善空气禁止露天烧烤": {
    "href": "https://s.weibo.com/weibo?q=%23%E5%B1%B1%E8%A5%BF%E6%99%8B%E5%9F%8E%E4%B8%BA%E6%94%B9%E5%96%84%E7%A9%BA%E6%B0%94%E7%A6%81%E6%AD%A2%E9%9C%B2%E5%A4%A9%E7%83%A7%E7%83%A4%23&t=31&band_rank=46&Refer=top",
    "hot": 153148,
    "zhong": ""
  },
  "在美流浪32年老人回国后续": {
    "href": "https://s.weibo.com/weibo?q=%23%E5%9C%A8%E7%BE%8E%E6%B5%81%E6%B5%AA32%E5%B9%B4%E8%80%81%E4%BA%BA%E5%9B%9E%E5%9B%BD%E5%90%8E%E7%BB%AD%23&t=31&band_rank=47&Refer=top",
    "hot": 151790,
    "zhong": ""
  },
  "戈贝尔道歉": {
    "href": "https://s.weibo.com/weibo?q=%23%E6%88%88%E8%B4%9D%E5%B0%94%E9%81%93%E6%AD%89%23&t=31&band_rank=48&Refer=top",
    "hot": 151356,
    "zhong": ""
  },
  "惊天救援王千源人物预告": {
    "href": "https://s.weibo.com/weibo?q=%23%E6%83%8A%E5%A4%A9%E6%95%91%E6%8F%B4%E7%8E%8B%E5%8D%83%E6%BA%90%E4%BA%BA%E7%89%A9%E9%A2%84%E5%91%8A%23&t=31&band_rank=49&Refer=top",
    "hot": 149653,
    "zhong": "电影"
  },
  "徐明浩机场出发图": {
    "href": "https://s.weibo.com/weibo?q=%23%E5%BE%90%E6%98%8E%E6%B5%A9%E6%9C%BA%E5%9C%BA%E5%87%BA%E5%8F%91%E5%9B%BE%23&t=31&band_rank=50&Refer=top",
    "hot": 148601,
    "zhong": ""
  }
}