{
  "游客吐槽甘孜一公厕需凭空瓶进入": {
    "href": "https://s.weibo.com/weibo?q=%23%E6%B8%B8%E5%AE%A2%E5%90%90%E6%A7%BD%E7%94%98%E5%AD%9C%E4%B8%80%E5%85%AC%E5%8E%95%E9%9C%80%E5%87%AD%E7%A9%BA%E7%93%B6%E8%BF%9B%E5%85%A5%23&t=31&band_rank=1&Refer=top",
    "hot": 1493516,
    "zhong": ""
  },
  "长月烬明化妆师": {
    "href": "https://s.weibo.com/weibo?q=%E9%95%BF%E6%9C%88%E7%83%AC%E6%98%8E%E5%8C%96%E5%A6%86%E5%B8%88&t=31&band_rank=2&Refer=top",
    "hot": 1067116,
    "zhong": "剧集"
  },
  "春天里我们都是奋斗者": {
    "href": "https://s.weibo.com/weibo?q=%23%E6%98%A5%E5%A4%A9%E9%87%8C%E6%88%91%E4%BB%AC%E9%83%BD%E6%98%AF%E5%A5%8B%E6%96%97%E8%80%85%23&t=31&band_rank=3&Refer=top",
    "hot": 997561,
    "zhong": ""
  },
  "长月烬明后期P掉了水管": {
    "href": "https://s.weibo.com/weibo?q=%23%E9%95%BF%E6%9C%88%E7%83%AC%E6%98%8E%E5%90%8E%E6%9C%9FP%E6%8E%89%E4%BA%86%E6%B0%B4%E7%AE%A1%23&t=31&band_rank=4&Refer=top",
    "hot": 974706,
    "zhong": "剧集"
  },
  "这是选秀里该出现的身材吗": {
    "href": "https://s.weibo.com/weibo?q=%23%E8%BF%99%E6%98%AF%E9%80%89%E7%A7%80%E9%87%8C%E8%AF%A5%E5%87%BA%E7%8E%B0%E7%9A%84%E8%BA%AB%E6%9D%90%E5%90%97%23&t=31&band_rank=5&Refer=top",
    "hot": 650486,
    "zhong": ""
  },
  "张婧仪一字肩绿色纱裙": {
    "href": "https://s.weibo.com/weibo?q=%23%E5%BC%A0%E5%A9%A7%E4%BB%AA%E4%B8%80%E5%AD%97%E8%82%A9%E7%BB%BF%E8%89%B2%E7%BA%B1%E8%A3%99%23&t=31&band_rank=6&Refer=top",
    "hot": 425386,
    "zhong": "盛典"
  },
  "华晨宇回应华语乐坛永远的神": {
    "href": "https://s.weibo.com/weibo?q=%23%E5%8D%8E%E6%99%A8%E5%AE%87%E5%9B%9E%E5%BA%94%E5%8D%8E%E8%AF%AD%E4%B9%90%E5%9D%9B%E6%B0%B8%E8%BF%9C%E7%9A%84%E7%A5%9E%23&t=31&band_rank=7&Refer=top",
    "hot": 351803,
    "zhong": "音乐"
  },
  "topik": {
    "href": "https://s.weibo.com/weibo?q=topik&t=31&band_rank=8&Refer=top",
    "hot": 342211,
    "zhong": ""
  },
  "荆州籍影人李现助力家乡乡村振兴": {
    "href": "https://s.weibo.com/weibo?q=%23%E8%8D%86%E5%B7%9E%E7%B1%8D%E5%BD%B1%E4%BA%BA%E6%9D%8E%E7%8E%B0%E5%8A%A9%E5%8A%9B%E5%AE%B6%E4%B9%A1%E4%B9%A1%E6%9D%91%E6%8C%AF%E5%85%B4%23&t=31&band_rank=20&Refer=top",
    "hot": 340738,
    "zhong": ""
  },
  "马克龙称赞中国大学生用法语提问": {
    "href": "https://s.weibo.com/weibo?q=%23%E9%A9%AC%E5%85%8B%E9%BE%99%E7%A7%B0%E8%B5%9E%E4%B8%AD%E5%9B%BD%E5%A4%A7%E5%AD%A6%E7%94%9F%E7%94%A8%E6%B3%95%E8%AF%AD%E6%8F%90%E9%97%AE%23&t=31&band_rank=9&Refer=top",
    "hot": 312565,
    "zhong": ""
  },
  "周雨彤 韩火火": {
    "href": "https://s.weibo.com/weibo?q=%E5%91%A8%E9%9B%A8%E5%BD%A4%20%E9%9F%A9%E7%81%AB%E7%81%AB&t=31&band_rank=11&Refer=top",
    "hot": 311578,
    "zhong": ""
  },
  "拍写真建议大家找女摄": {
    "href": "https://s.weibo.com/weibo?q=%E6%8B%8D%E5%86%99%E7%9C%9F%E5%BB%BA%E8%AE%AE%E5%A4%A7%E5%AE%B6%E6%89%BE%E5%A5%B3%E6%91%84&t=31&band_rank=12&Refer=top",
    "hot": 308083,
    "zhong": ""
  },
  "蒋勤勤未修生图": {
    "href": "https://s.weibo.com/weibo?q=%23%E8%92%8B%E5%8B%A4%E5%8B%A4%E6%9C%AA%E4%BF%AE%E7%94%9F%E5%9B%BE%23&t=31&band_rank=13&Refer=top",
    "hot": 304873,
    "zhong": ""
  },
  "李彩领你可是爱豆啊": {
    "href": "https://s.weibo.com/weibo?q=%23%E6%9D%8E%E5%BD%A9%E9%A2%86%E4%BD%A0%E5%8F%AF%E6%98%AF%E7%88%B1%E8%B1%86%E5%95%8A%23&t=31&band_rank=14&Refer=top",
    "hot": 301895,
    "zhong": ""
  },
  "科学家建议体育比赛前不要玩手机": {
    "href": "https://s.weibo.com/weibo?q=%23%E7%A7%91%E5%AD%A6%E5%AE%B6%E5%BB%BA%E8%AE%AE%E4%BD%93%E8%82%B2%E6%AF%94%E8%B5%9B%E5%89%8D%E4%B8%8D%E8%A6%81%E7%8E%A9%E6%89%8B%E6%9C%BA%23&t=31&band_rank=10&Refer=top",
    "hot": 300756,
    "zhong": ""
  },
  "我海军军舰与台舰目视距离5海里": {
    "href": "https://s.weibo.com/weibo?q=%23%E6%88%91%E6%B5%B7%E5%86%9B%E5%86%9B%E8%88%B0%E4%B8%8E%E5%8F%B0%E8%88%B0%E7%9B%AE%E8%A7%86%E8%B7%9D%E7%A6%BB5%E6%B5%B7%E9%87%8C%23&t=31&band_rank=16&Refer=top",
    "hot": 300512,
    "zhong": ""
  },
  "丫丫正式移交中方": {
    "href": "https://s.weibo.com/weibo?q=%23%E4%B8%AB%E4%B8%AB%E6%AD%A3%E5%BC%8F%E7%A7%BB%E4%BA%A4%E4%B8%AD%E6%96%B9%23&t=31&band_rank=15&Refer=top",
    "hot": 299980,
    "zhong": ""
  },
  "中国电影大数据盛典": {
    "href": "https://s.weibo.com/weibo?q=%23%E4%B8%AD%E5%9B%BD%E7%94%B5%E5%BD%B1%E5%A4%A7%E6%95%B0%E6%8D%AE%E7%9B%9B%E5%85%B8%23&t=31&band_rank=18&Refer=top",
    "hot": 296694,
    "zhong": ""
  },
  "陈都灵林允同框生图": {
    "href": "https://s.weibo.com/weibo?q=%23%E9%99%88%E9%83%BD%E7%81%B5%E6%9E%97%E5%85%81%E5%90%8C%E6%A1%86%E7%94%9F%E5%9B%BE%23&t=31&band_rank=17&Refer=top",
    "hot": 296192,
    "zhong": "剧集"
  },
  "被阿姨一句话气哭了": {
    "href": "https://s.weibo.com/weibo?q=%E8%A2%AB%E9%98%BF%E5%A7%A8%E4%B8%80%E5%8F%A5%E8%AF%9D%E6%B0%94%E5%93%AD%E4%BA%86&t=31&band_rank=31&Refer=top",
    "hot": 283861,
    "zhong": ""
  },
  "二等功喜报送到妻子工作的小学": {
    "href": "https://s.weibo.com/weibo?q=%23%E4%BA%8C%E7%AD%89%E5%8A%9F%E5%96%9C%E6%8A%A5%E9%80%81%E5%88%B0%E5%A6%BB%E5%AD%90%E5%B7%A5%E4%BD%9C%E7%9A%84%E5%B0%8F%E5%AD%A6%23&t=31&band_rank=21&Refer=top",
    "hot": 279114,
    "zhong": ""
  },
  "面包店赠试吃吐司块被顾客差评": {
    "href": "https://s.weibo.com/weibo?q=%23%E9%9D%A2%E5%8C%85%E5%BA%97%E8%B5%A0%E8%AF%95%E5%90%83%E5%90%90%E5%8F%B8%E5%9D%97%E8%A2%AB%E9%A1%BE%E5%AE%A2%E5%B7%AE%E8%AF%84%23&t=31&band_rank=22&Refer=top",
    "hot": 277772,
    "zhong": ""
  },
  "第一次见小猫坐月子": {
    "href": "https://s.weibo.com/weibo?q=%23%E7%AC%AC%E4%B8%80%E6%AC%A1%E8%A7%81%E5%B0%8F%E7%8C%AB%E5%9D%90%E6%9C%88%E5%AD%90%23&t=31&band_rank=23&Refer=top",
    "hot": 273364,
    "zhong": ""
  },
  "镇政府回应男子当街强吻踹飞女孩": {
    "href": "https://s.weibo.com/weibo?q=%23%E9%95%87%E6%94%BF%E5%BA%9C%E5%9B%9E%E5%BA%94%E7%94%B7%E5%AD%90%E5%BD%93%E8%A1%97%E5%BC%BA%E5%90%BB%E8%B8%B9%E9%A3%9E%E5%A5%B3%E5%AD%A9%23&t=31&band_rank=35&Refer=top",
    "hot": 265982,
    "zhong": ""
  },
  "于文文说给前任4写了主题曲": {
    "href": "https://s.weibo.com/weibo?q=%23%E4%BA%8E%E6%96%87%E6%96%87%E8%AF%B4%E7%BB%99%E5%89%8D%E4%BB%BB4%E5%86%99%E4%BA%86%E4%B8%BB%E9%A2%98%E6%9B%B2%23&t=31&band_rank=24&Refer=top",
    "hot": 248008,
    "zhong": "盛典"
  },
  "淄博烧烤": {
    "href": "https://s.weibo.com/weibo?q=%E6%B7%84%E5%8D%9A%E7%83%A7%E7%83%A4&t=31&band_rank=19&Refer=top",
    "hot": 246179,
    "zhong": ""
  },
  "金智秀Flower人歌初舞台": {
    "href": "https://s.weibo.com/weibo?q=%23%E9%87%91%E6%99%BA%E7%A7%80Flower%E4%BA%BA%E6%AD%8C%E5%88%9D%E8%88%9E%E5%8F%B0%23&t=31&band_rank=25&Refer=top",
    "hot": 234983,
    "zhong": "综艺"
  },
  "边伯贤跳HypeBoy": {
    "href": "https://s.weibo.com/weibo?q=%23%E8%BE%B9%E4%BC%AF%E8%B4%A4%E8%B7%B3HypeBoy%23&t=31&band_rank=27&Refer=top",
    "hot": 234693,
    "zhong": ""
  },
  "Angelababy晒偶遇的猫头鹰": {
    "href": "https://s.weibo.com/weibo?q=%23Angelababy%E6%99%92%E5%81%B6%E9%81%87%E7%9A%84%E7%8C%AB%E5%A4%B4%E9%B9%B0%23&t=31&band_rank=26&Refer=top",
    "hot": 210790,
    "zhong": ""
  },
  "TTG对战Hero": {
    "href": "https://s.weibo.com/weibo?q=%23TTG%E5%AF%B9%E6%88%98Hero%23&t=31&band_rank=36&Refer=top",
    "hot": 194660,
    "zhong": ""
  },
  "王曼昱3比2梅谢芙": {
    "href": "https://s.weibo.com/weibo?q=%23%E7%8E%8B%E6%9B%BC%E6%98%B13%E6%AF%942%E6%A2%85%E8%B0%A2%E8%8A%99%23&t=31&band_rank=28&Refer=top",
    "hot": 190973,
    "zhong": ""
  },
  "T1对战GEN": {
    "href": "https://s.weibo.com/weibo?q=%23T1%E5%AF%B9%E6%88%98GEN%23&t=31&band_rank=39&Refer=top",
    "hot": 189182,
    "zhong": ""
  },
  "丫丫将由中美团队共同照料至月底": {
    "href": "https://s.weibo.com/weibo?q=%23%E4%B8%AB%E4%B8%AB%E5%B0%86%E7%94%B1%E4%B8%AD%E7%BE%8E%E5%9B%A2%E9%98%9F%E5%85%B1%E5%90%8C%E7%85%A7%E6%96%99%E8%87%B3%E6%9C%88%E5%BA%95%23&t=31&band_rank=29&Refer=top",
    "hot": 180522,
    "zhong": ""
  },
  "小美人鱼反派公主剧照": {
    "href": "https://s.weibo.com/weibo?q=%E5%B0%8F%E7%BE%8E%E4%BA%BA%E9%B1%BC%E5%8F%8D%E6%B4%BE%E5%85%AC%E4%B8%BB%E5%89%A7%E7%85%A7&t=31&band_rank=30&Refer=top",
    "hot": 180010,
    "zhong": "电影"
  },
  "电子人会流下仿生泪吗": {
    "href": "https://s.weibo.com/weibo?q=%23%E7%94%B5%E5%AD%90%E4%BA%BA%E4%BC%9A%E6%B5%81%E4%B8%8B%E4%BB%BF%E7%94%9F%E6%B3%AA%E5%90%97%23&t=31&band_rank=33&Refer=top",
    "hot": 178175,
    "zhong": ""
  },
  "内娱追星成功天花板": {
    "href": "https://s.weibo.com/weibo?q=%23%E5%86%85%E5%A8%B1%E8%BF%BD%E6%98%9F%E6%88%90%E5%8A%9F%E5%A4%A9%E8%8A%B1%E6%9D%BF%23&t=31&band_rank=32&Refer=top",
    "hot": 171010,
    "zhong": ""
  },
  "易烊千玺黑色外套高铁路透": {
    "href": "https://s.weibo.com/weibo?q=%23%E6%98%93%E7%83%8A%E5%8D%83%E7%8E%BA%E9%BB%91%E8%89%B2%E5%A4%96%E5%A5%97%E9%AB%98%E9%93%81%E8%B7%AF%E9%80%8F%23&t=31&band_rank=34&Refer=top",
    "hot": 165351,
    "zhong": ""
  },
  "林诗栋": {
    "href": "https://s.weibo.com/weibo?q=%E6%9E%97%E8%AF%97%E6%A0%8B&t=31&band_rank=37&Refer=top",
    "hot": 159769,
    "zhong": ""
  },
  "最食人间烟火色大合照": {
    "href": "https://s.weibo.com/weibo?q=%23%E6%9C%80%E9%A3%9F%E4%BA%BA%E9%97%B4%E7%83%9F%E7%81%AB%E8%89%B2%E5%A4%A7%E5%90%88%E7%85%A7%23&t=31&band_rank=38&Refer=top",
    "hot": 148730,
    "zhong": "剧集"
  },
  "蔡文静的布达拉宫竟然是趴着拍的": {
    "href": "https://s.weibo.com/weibo?q=%23%E8%94%A1%E6%96%87%E9%9D%99%E7%9A%84%E5%B8%83%E8%BE%BE%E6%8B%89%E5%AE%AB%E7%AB%9F%E7%84%B6%E6%98%AF%E8%B6%B4%E7%9D%80%E6%8B%8D%E7%9A%84%23&t=31&band_rank=46&Refer=top",
    "hot": 142569,
    "zhong": ""
  },
  "对台岛关键目标模拟精确打击": {
    "href": "https://s.weibo.com/weibo?q=%23%E5%AF%B9%E5%8F%B0%E5%B2%9B%E5%85%B3%E9%94%AE%E7%9B%AE%E6%A0%87%E6%A8%A1%E6%8B%9F%E7%B2%BE%E7%A1%AE%E6%89%93%E5%87%BB%23&t=31&band_rank=40&Refer=top",
    "hot": 141973,
    "zhong": ""
  },
  "罗云熙长月烬明挑眉杀": {
    "href": "https://s.weibo.com/weibo?q=%23%E7%BD%97%E4%BA%91%E7%86%99%E9%95%BF%E6%9C%88%E7%83%AC%E6%98%8E%E6%8C%91%E7%9C%89%E6%9D%80%23&t=31&band_rank=43&Refer=top",
    "hot": 140997,
    "zhong": "剧集"
  },
  "95后男生国企辞职和妻子收废品": {
    "href": "https://s.weibo.com/weibo?q=%2395%E5%90%8E%E7%94%B7%E7%94%9F%E5%9B%BD%E4%BC%81%E8%BE%9E%E8%81%8C%E5%92%8C%E5%A6%BB%E5%AD%90%E6%94%B6%E5%BA%9F%E5%93%81%23&t=31&band_rank=41&Refer=top",
    "hot": 138768,
    "zhong": ""
  },
  "水星的魔女": {
    "href": "https://s.weibo.com/weibo?q=%23%E6%B0%B4%E6%98%9F%E7%9A%84%E9%AD%94%E5%A5%B3%23&t=31&band_rank=42&Refer=top",
    "hot": 136394,
    "zhong": ""
  },
  "25岁以上就不用订闹钟了": {
    "href": "https://s.weibo.com/weibo?q=%2325%E5%B2%81%E4%BB%A5%E4%B8%8A%E5%B0%B1%E4%B8%8D%E7%94%A8%E8%AE%A2%E9%97%B9%E9%92%9F%E4%BA%86%23&t=31&band_rank=44&Refer=top",
    "hot": 126021,
    "zhong": ""
  },
  "谁才是动漫颜值天花板": {
    "href": "https://s.weibo.com/weibo?q=%23%E8%B0%81%E6%89%8D%E6%98%AF%E5%8A%A8%E6%BC%AB%E9%A2%9C%E5%80%BC%E5%A4%A9%E8%8A%B1%E6%9D%BF%23&t=31&band_rank=45&Refer=top",
    "hot": 118099,
    "zhong": ""
  },
  "王菊路演状态": {
    "href": "https://s.weibo.com/weibo?q=%23%E7%8E%8B%E8%8F%8A%E8%B7%AF%E6%BC%94%E7%8A%B6%E6%80%81%23&t=31&band_rank=47&Refer=top",
    "hot": 114697,
    "zhong": "电影"
  },
  "鬼灭之刃": {
    "href": "https://s.weibo.com/weibo?q=%E9%AC%BC%E7%81%AD%E4%B9%8B%E5%88%83&t=31&band_rank=48&Refer=top",
    "hot": 108807,
    "zhong": ""
  },
  "2023LCK春决": {
    "href": "https://s.weibo.com/weibo?q=%232023LCK%E6%98%A5%E5%86%B3%23&t=31&band_rank=50&Refer=top",
    "hot": 104523,
    "zhong": ""
  },
  "2022年中国篮球名人堂入堂仪式": {
    "href": "https://s.weibo.com/weibo?q=%232022%E5%B9%B4%E4%B8%AD%E5%9B%BD%E7%AF%AE%E7%90%83%E5%90%8D%E4%BA%BA%E5%A0%82%E5%85%A5%E5%A0%82%E4%BB%AA%E5%BC%8F%23&t=31&band_rank=49&Refer=top",
    "hot": 103261,
    "zhong": ""
  },
  "何洛洛说未来工作以表演为主": {
    "href": "https://s.weibo.com/weibo?q=%23%E4%BD%95%E6%B4%9B%E6%B4%9B%E8%AF%B4%E6%9C%AA%E6%9D%A5%E5%B7%A5%E4%BD%9C%E4%BB%A5%E8%A1%A8%E6%BC%94%E4%B8%BA%E4%B8%BB%23&t=31&band_rank=50&Refer=top",
    "hot": 97390,
    "zhong": "盛典"
  }
}