{
  "山西发生重大刑案已致7死11伤": {
    "href": "https://s.weibo.com/weibo?q=%23%E5%B1%B1%E8%A5%BF%E5%8F%91%E7%94%9F%E9%87%8D%E5%A4%A7%E5%88%91%E6%A1%88%E5%B7%B2%E8%87%B47%E6%AD%BB11%E4%BC%A4%23&t=31&band_rank=1&Refer=top",
    "hot": 2664386,
    "zhong": ""
  },
  "徐怀钰 三公": {
    "href": "https://s.weibo.com/weibo?q=%E5%BE%90%E6%80%80%E9%92%B0%20%E4%B8%89%E5%85%AC&t=31&band_rank=2&Refer=top",
    "hot": 1600989,
    "zhong": "综艺"
  },
  "关注2023中国中亚五国峰会": {
    "href": "https://s.weibo.com/weibo?q=%23%E5%85%B3%E6%B3%A82023%E4%B8%AD%E5%9B%BD%E4%B8%AD%E4%BA%9A%E4%BA%94%E5%9B%BD%E5%B3%B0%E4%BC%9A%23&t=31&band_rank=3&Refer=top",
    "hot": 1533028,
    "zhong": ""
  },
  "女子旅游后高烧不退确诊不死癌症": {
    "href": "https://s.weibo.com/weibo?q=%23%E5%A5%B3%E5%AD%90%E6%97%85%E6%B8%B8%E5%90%8E%E9%AB%98%E7%83%A7%E4%B8%8D%E9%80%80%E7%A1%AE%E8%AF%8A%E4%B8%8D%E6%AD%BB%E7%99%8C%E7%97%87%23&t=31&band_rank=4&Refer=top",
    "hot": 1514855,
    "zhong": ""
  },
  "徐怀钰经纪人发文回应": {
    "href": "https://s.weibo.com/weibo?q=%23%E5%BE%90%E6%80%80%E9%92%B0%E7%BB%8F%E7%BA%AA%E4%BA%BA%E5%8F%91%E6%96%87%E5%9B%9E%E5%BA%94%23&t=31&band_rank=5&Refer=top",
    "hot": 1188275,
    "zhong": "综艺"
  },
  "母亲节": {
    "href": "https://s.weibo.com/weibo?q=%E6%AF%8D%E4%BA%B2%E8%8A%82&t=31&band_rank=6&Refer=top",
    "hot": 754366,
    "zhong": ""
  },
  "更心疼刘美含了": {
    "href": "https://s.weibo.com/weibo?q=%23%E6%9B%B4%E5%BF%83%E7%96%BC%E5%88%98%E7%BE%8E%E5%90%AB%E4%BA%86%23&t=31&band_rank=7&Refer=top",
    "hot": 733930,
    "zhong": ""
  },
  "和博士约会接吻后当晚被删了": {
    "href": "https://s.weibo.com/weibo?q=%23%E5%92%8C%E5%8D%9A%E5%A3%AB%E7%BA%A6%E4%BC%9A%E6%8E%A5%E5%90%BB%E5%90%8E%E5%BD%93%E6%99%9A%E8%A2%AB%E5%88%A0%E4%BA%86%23&t=31&band_rank=8&Refer=top",
    "hot": 543532,
    "zhong": ""
  },
  "江苏人真的没有夜生活吗": {
    "href": "https://s.weibo.com/weibo?q=%23%E6%B1%9F%E8%8B%8F%E4%BA%BA%E7%9C%9F%E7%9A%84%E6%B2%A1%E6%9C%89%E5%A4%9C%E7%94%9F%E6%B4%BB%E5%90%97%23&t=31&band_rank=9&Refer=top",
    "hot": 542410,
    "zhong": ""
  },
  "母亲节红包": {
    "href": "https://s.weibo.com/weibo?q=%E6%AF%8D%E4%BA%B2%E8%8A%82%E7%BA%A2%E5%8C%85&t=31&band_rank=10&Refer=top",
    "hot": 511609,
    "zhong": ""
  },
  "赵丽颖的腰臀比": {
    "href": "https://s.weibo.com/weibo?q=%23%E8%B5%B5%E4%B8%BD%E9%A2%96%E7%9A%84%E8%85%B0%E8%87%80%E6%AF%94%23&t=31&band_rank=11&Refer=top",
    "hot": 473479,
    "zhong": ""
  },
  "李楷灿 海底捞": {
    "href": "https://s.weibo.com/weibo?q=%E6%9D%8E%E6%A5%B7%E7%81%BF%20%E6%B5%B7%E5%BA%95%E6%8D%9E&t=31&band_rank=12&Refer=top",
    "hot": 469873,
    "zhong": ""
  },
  "瞿颖说李莎旻子做人太紧张了": {
    "href": "https://s.weibo.com/weibo?q=%23%E7%9E%BF%E9%A2%96%E8%AF%B4%E6%9D%8E%E8%8E%8E%E6%97%BB%E5%AD%90%E5%81%9A%E4%BA%BA%E5%A4%AA%E7%B4%A7%E5%BC%A0%E4%BA%86%23&t=31&band_rank=13&Refer=top",
    "hot": 448905,
    "zhong": "综艺"
  },
  "浪姐4回应": {
    "href": "https://s.weibo.com/weibo?q=%23%E6%B5%AA%E5%A7%904%E5%9B%9E%E5%BA%94%23&t=31&band_rank=14&Refer=top",
    "hot": 422011,
    "zhong": "综艺"
  },
  "山西吕梁市突发车祸致多人被撞": {
    "href": "https://s.weibo.com/weibo?q=%E5%B1%B1%E8%A5%BF%E5%90%95%E6%A2%81%E5%B8%82%E7%AA%81%E5%8F%91%E8%BD%A6%E7%A5%B8%E8%87%B4%E5%A4%9A%E4%BA%BA%E8%A2%AB%E6%92%9E&t=31&band_rank=15&Refer=top",
    "hot": 419390,
    "zhong": ""
  },
  "室友拍下盲人女博士努力学习的模样": {
    "href": "https://s.weibo.com/weibo?q=%23%E5%AE%A4%E5%8F%8B%E6%8B%8D%E4%B8%8B%E7%9B%B2%E4%BA%BA%E5%A5%B3%E5%8D%9A%E5%A3%AB%E5%8A%AA%E5%8A%9B%E5%AD%A6%E4%B9%A0%E7%9A%84%E6%A8%A1%E6%A0%B7%23&t=31&band_rank=16&Refer=top",
    "hot": 390768,
    "zhong": ""
  },
  "疑似美依礼芽翻译炒CP": {
    "href": "https://s.weibo.com/weibo?q=%23%E7%96%91%E4%BC%BC%E7%BE%8E%E4%BE%9D%E7%A4%BC%E8%8A%BD%E7%BF%BB%E8%AF%91%E7%82%92CP%23&t=31&band_rank=17&Refer=top",
    "hot": 387416,
    "zhong": "综艺"
  },
  "买SUV要不要四驱": {
    "href": "https://s.weibo.com/weibo?q=%23%E4%B9%B0SUV%E8%A6%81%E4%B8%8D%E8%A6%81%E5%9B%9B%E9%A9%B1%23&t=31&band_rank=18&Refer=top",
    "hot": 356119,
    "zhong": ""
  },
  "原来芭莎也没有错过侯明昊周也": {
    "href": "https://s.weibo.com/weibo?q=%23%E5%8E%9F%E6%9D%A5%E8%8A%AD%E8%8E%8E%E4%B9%9F%E6%B2%A1%E6%9C%89%E9%94%99%E8%BF%87%E4%BE%AF%E6%98%8E%E6%98%8A%E5%91%A8%E4%B9%9F%23&t=31&band_rank=19&Refer=top",
    "hot": 353242,
    "zhong": ""
  },
  "高碧吐了 一字马是常见的舞蹈动作": {
    "href": "https://s.weibo.com/weibo?q=%23%E9%AB%98%E7%A2%A7%E5%90%90%E4%BA%86%20%E4%B8%80%E5%AD%97%E9%A9%AC%E6%98%AF%E5%B8%B8%E8%A7%81%E7%9A%84%E8%88%9E%E8%B9%88%E5%8A%A8%E4%BD%9C%23&t=31&band_rank=20&Refer=top",
    "hot": 352583,
    "zhong": "综艺"
  },
  "00后女孩离职旅行存款却越变越多": {
    "href": "https://s.weibo.com/weibo?q=%2300%E5%90%8E%E5%A5%B3%E5%AD%A9%E7%A6%BB%E8%81%8C%E6%97%85%E8%A1%8C%E5%AD%98%E6%AC%BE%E5%8D%B4%E8%B6%8A%E5%8F%98%E8%B6%8A%E5%A4%9A%23&t=31&band_rank=21&Refer=top",
    "hot": 350979,
    "zhong": ""
  },
  "给妈妈的备注是什么": {
    "href": "https://s.weibo.com/weibo?q=%23%E7%BB%99%E5%A6%88%E5%A6%88%E7%9A%84%E5%A4%87%E6%B3%A8%E6%98%AF%E4%BB%80%E4%B9%88%23&t=31&band_rank=22&Refer=top",
    "hot": 347181,
    "zhong": "投票"
  },
  "Amber当曾可妮的面说烦死她了": {
    "href": "https://s.weibo.com/weibo?q=%23Amber%E5%BD%93%E6%9B%BE%E5%8F%AF%E5%A6%AE%E7%9A%84%E9%9D%A2%E8%AF%B4%E7%83%A6%E6%AD%BB%E5%A5%B9%E4%BA%86%23&t=31&band_rank=23&Refer=top",
    "hot": 326058,
    "zhong": "综艺"
  },
  "吃榴莲大姨妈提前了": {
    "href": "https://s.weibo.com/weibo?q=%23%E5%90%83%E6%A6%B4%E8%8E%B2%E5%A4%A7%E5%A7%A8%E5%A6%88%E6%8F%90%E5%89%8D%E4%BA%86%23&t=31&band_rank=24&Refer=top",
    "hot": 318847,
    "zhong": ""
  },
  "考个科目三把我考穷了": {
    "href": "https://s.weibo.com/weibo?q=%23%E8%80%83%E4%B8%AA%E7%A7%91%E7%9B%AE%E4%B8%89%E6%8A%8A%E6%88%91%E8%80%83%E7%A9%B7%E4%BA%86%23&t=31&band_rank=25&Refer=top",
    "hot": 314041,
    "zhong": ""
  },
  "易烊千玺实体专辑预售预告": {
    "href": "https://s.weibo.com/weibo?q=%23%E6%98%93%E7%83%8A%E5%8D%83%E7%8E%BA%E5%AE%9E%E4%BD%93%E4%B8%93%E8%BE%91%E9%A2%84%E5%94%AE%E9%A2%84%E5%91%8A%23&t=31&band_rank=26&Refer=top",
    "hot": 290584,
    "zhong": "音乐"
  },
  "温精灵": {
    "href": "https://s.weibo.com/weibo?q=%E6%B8%A9%E7%B2%BE%E7%81%B5&t=31&band_rank=27&Refer=top",
    "hot": 275718,
    "zhong": ""
  },
  "原来在北京还能这么过母亲节": {
    "href": "https://s.weibo.com/weibo?q=%23%E5%8E%9F%E6%9D%A5%E5%9C%A8%E5%8C%97%E4%BA%AC%E8%BF%98%E8%83%BD%E8%BF%99%E4%B9%88%E8%BF%87%E6%AF%8D%E4%BA%B2%E8%8A%82%23&t=31&band_rank=28&Refer=top",
    "hot": 245243,
    "zhong": ""
  },
  "男子随防盗窗一起从6楼坠落身亡": {
    "href": "https://s.weibo.com/weibo?q=%23%E7%94%B7%E5%AD%90%E9%9A%8F%E9%98%B2%E7%9B%97%E7%AA%97%E4%B8%80%E8%B5%B7%E4%BB%8E6%E6%A5%BC%E5%9D%A0%E8%90%BD%E8%BA%AB%E4%BA%A1%23&t=31&band_rank=29&Refer=top",
    "hot": 230729,
    "zhong": ""
  },
  "韩庚晒照祝妈妈老婆母亲节快乐": {
    "href": "https://s.weibo.com/weibo?q=%23%E9%9F%A9%E5%BA%9A%E6%99%92%E7%85%A7%E7%A5%9D%E5%A6%88%E5%A6%88%E8%80%81%E5%A9%86%E6%AF%8D%E4%BA%B2%E8%8A%82%E5%BF%AB%E4%B9%90%23&t=31&band_rank=30&Refer=top",
    "hot": 230137,
    "zhong": ""
  },
  "伊戈达拉退役": {
    "href": "https://s.weibo.com/weibo?q=%23%E4%BC%8A%E6%88%88%E8%BE%BE%E6%8B%89%E9%80%80%E5%BD%B9%23&t=31&band_rank=31&Refer=top",
    "hot": 219656,
    "zhong": ""
  },
  "梅西被嘘": {
    "href": "https://s.weibo.com/weibo?q=%E6%A2%85%E8%A5%BF%E8%A2%AB%E5%98%98&t=31&band_rank=32&Refer=top",
    "hot": 206854,
    "zhong": ""
  },
  "母亲节没送礼物就是不孝顺吗": {
    "href": "https://s.weibo.com/weibo?q=%23%E6%AF%8D%E4%BA%B2%E8%8A%82%E6%B2%A1%E9%80%81%E7%A4%BC%E7%89%A9%E5%B0%B1%E6%98%AF%E4%B8%8D%E5%AD%9D%E9%A1%BA%E5%90%97%23&t=31&band_rank=33&Refer=top",
    "hot": 203781,
    "zhong": ""
  },
  "她有种不在国内的自信": {
    "href": "https://s.weibo.com/weibo?q=%E5%A5%B9%E6%9C%89%E7%A7%8D%E4%B8%8D%E5%9C%A8%E5%9B%BD%E5%86%85%E7%9A%84%E8%87%AA%E4%BF%A1&t=31&band_rank=34&Refer=top",
    "hot": 193349,
    "zhong": ""
  },
  "还妈妈一个清净": {
    "href": "https://s.weibo.com/weibo?q=%23%E8%BF%98%E5%A6%88%E5%A6%88%E4%B8%80%E4%B8%AA%E6%B8%85%E5%87%80%23&t=31&band_rank=35&Refer=top",
    "hot": 192229,
    "zhong": ""
  },
  "教资面试": {
    "href": "https://s.weibo.com/weibo?q=%E6%95%99%E8%B5%84%E9%9D%A2%E8%AF%95&t=31&band_rank=36&Refer=top",
    "hot": 188115,
    "zhong": ""
  },
  "母亲节文案": {
    "href": "https://s.weibo.com/weibo?q=%E6%AF%8D%E4%BA%B2%E8%8A%82%E6%96%87%E6%A1%88&t=31&band_rank=37&Refer=top",
    "hot": 182033,
    "zhong": ""
  },
  "王鹤棣侯明昊周也一起拍过广告": {
    "href": "https://s.weibo.com/weibo?q=%23%E7%8E%8B%E9%B9%A4%E6%A3%A3%E4%BE%AF%E6%98%8E%E6%98%8A%E5%91%A8%E4%B9%9F%E4%B8%80%E8%B5%B7%E6%8B%8D%E8%BF%87%E5%B9%BF%E5%91%8A%23&t=31&band_rank=38&Refer=top",
    "hot": 174532,
    "zhong": ""
  },
  "花海舞台": {
    "href": "https://s.weibo.com/weibo?q=%23%E8%8A%B1%E6%B5%B7%E8%88%9E%E5%8F%B0%23&t=31&band_rank=39&Refer=top",
    "hot": 174290,
    "zhong": "综艺"
  },
  "漫长的季节": {
    "href": "https://s.weibo.com/weibo?q=%E6%BC%AB%E9%95%BF%E7%9A%84%E5%AD%A3%E8%8A%82&t=31&band_rank=40&Refer=top",
    "hot": 173881,
    "zhong": "剧集"
  },
  "护心": {
    "href": "https://s.weibo.com/weibo?q=%E6%8A%A4%E5%BF%83&t=31&band_rank=41&Refer=top",
    "hot": 152757,
    "zhong": "剧集"
  },
  "杨幂早期洋装旧照": {
    "href": "https://s.weibo.com/weibo?q=%23%E6%9D%A8%E5%B9%82%E6%97%A9%E6%9C%9F%E6%B4%8B%E8%A3%85%E6%97%A7%E7%85%A7%23&t=31&band_rank=42&Refer=top",
    "hot": 150076,
    "zhong": ""
  },
  "后浪今日开播": {
    "href": "https://s.weibo.com/weibo?q=%23%E5%90%8E%E6%B5%AA%E4%BB%8A%E6%97%A5%E5%BC%80%E6%92%AD%23&t=31&band_rank=43&Refer=top",
    "hot": 148687,
    "zhong": "剧集"
  },
  "怎样才算真正的解放双手": {
    "href": "https://s.weibo.com/weibo?q=%23%E6%80%8E%E6%A0%B7%E6%89%8D%E7%AE%97%E7%9C%9F%E6%AD%A3%E7%9A%84%E8%A7%A3%E6%94%BE%E5%8F%8C%E6%89%8B%23&t=31&band_rank=44&Refer=top",
    "hot": 147678,
    "zhong": ""
  },
  "吐槽浪姐4的UP主回应": {
    "href": "https://s.weibo.com/weibo?q=%23%E5%90%90%E6%A7%BD%E6%B5%AA%E5%A7%904%E7%9A%84UP%E4%B8%BB%E5%9B%9E%E5%BA%94%23&t=31&band_rank=45&Refer=top",
    "hot": 147155,
    "zhong": "综艺"
  },
  "赵本山宋小宝观战辽篮总决赛": {
    "href": "https://s.weibo.com/weibo?q=%23%E8%B5%B5%E6%9C%AC%E5%B1%B1%E5%AE%8B%E5%B0%8F%E5%AE%9D%E8%A7%82%E6%88%98%E8%BE%BD%E7%AF%AE%E6%80%BB%E5%86%B3%E8%B5%9B%23&t=31&band_rank=46&Refer=top",
    "hot": 145927,
    "zhong": ""
  },
  "加班的同事 叫你上班别玩手机": {
    "href": "https://s.weibo.com/weibo?q=%E5%8A%A0%E7%8F%AD%E7%9A%84%E5%90%8C%E4%BA%8B%20%E5%8F%AB%E4%BD%A0%E4%B8%8A%E7%8F%AD%E5%88%AB%E7%8E%A9%E6%89%8B%E6%9C%BA&t=31&band_rank=47&Refer=top",
    "hot": 144601,
    "zhong": ""
  },
  "动物园回应私自打印游客照售卖": {
    "href": "https://s.weibo.com/weibo?q=%23%E5%8A%A8%E7%89%A9%E5%9B%AD%E5%9B%9E%E5%BA%94%E7%A7%81%E8%87%AA%E6%89%93%E5%8D%B0%E6%B8%B8%E5%AE%A2%E7%85%A7%E5%94%AE%E5%8D%96%23&t=31&band_rank=48&Refer=top",
    "hot": 142563,
    "zhong": ""
  },
  "G2战胜MAD": {
    "href": "https://s.weibo.com/weibo?q=%23G2%E6%88%98%E8%83%9CMAD%23&t=31&band_rank=49&Refer=top",
    "hot": 141878,
    "zhong": ""
  },
  "麻辣冷吃猪肉片": {
    "href": "https://s.weibo.com/weibo?q=%23%E9%BA%BB%E8%BE%A3%E5%86%B7%E5%90%83%E7%8C%AA%E8%82%89%E7%89%87%23&t=31&band_rank=50&Refer=top",
    "hot": 141439,
    "zhong": ""
  }
}