{
  "端午节也要调休": {
    "href": "https://s.weibo.com/weibo?q=%23%E7%AB%AF%E5%8D%88%E8%8A%82%E4%B9%9F%E8%A6%81%E8%B0%83%E4%BC%91%23&t=31&band_rank=1&Refer=top",
    "hot": 1516556,
    "zhong": ""
  },
  "高铁上最好不要和邻座套近乎": {
    "href": "https://s.weibo.com/weibo?q=%23%E9%AB%98%E9%93%81%E4%B8%8A%E6%9C%80%E5%A5%BD%E4%B8%8D%E8%A6%81%E5%92%8C%E9%82%BB%E5%BA%A7%E5%A5%97%E8%BF%91%E4%B9%8E%23&t=31&band_rank=2&Refer=top",
    "hot": 1415130,
    "zhong": ""
  },
  "无人机视角看假期里的美丽中国": {
    "href": "https://s.weibo.com/weibo?q=%23%E6%97%A0%E4%BA%BA%E6%9C%BA%E8%A7%86%E8%A7%92%E7%9C%8B%E5%81%87%E6%9C%9F%E9%87%8C%E7%9A%84%E7%BE%8E%E4%B8%BD%E4%B8%AD%E5%9B%BD%23&t=31&band_rank=3&Refer=top",
    "hot": 1006364,
    "zhong": ""
  },
  "将门毒后": {
    "href": "https://s.weibo.com/weibo?q=%E5%B0%86%E9%97%A8%E6%AF%92%E5%90%8E&t=31&band_rank=4&Refer=top",
    "hot": 939848,
    "zhong": "剧集"
  },
  "大伯二婚对象是我初恋的妈妈": {
    "href": "https://s.weibo.com/weibo?q=%23%E5%A4%A7%E4%BC%AF%E4%BA%8C%E5%A9%9A%E5%AF%B9%E8%B1%A1%E6%98%AF%E6%88%91%E5%88%9D%E6%81%8B%E7%9A%84%E5%A6%88%E5%A6%88%23&t=31&band_rank=5&Refer=top",
    "hot": 918590,
    "zhong": ""
  },
  "庆余年2真的要开机了": {
    "href": "https://s.weibo.com/weibo?q=%23%E5%BA%86%E4%BD%99%E5%B9%B42%E7%9C%9F%E7%9A%84%E8%A6%81%E5%BC%80%E6%9C%BA%E4%BA%86%23&t=31&band_rank=6&Refer=top",
    "hot": 862399,
    "zhong": "剧集"
  },
  "陈晓觉得陈妍希最适合拍戏": {
    "href": "https://s.weibo.com/weibo?q=%23%E9%99%88%E6%99%93%E8%A7%89%E5%BE%97%E9%99%88%E5%A6%8D%E5%B8%8C%E6%9C%80%E9%80%82%E5%90%88%E6%8B%8D%E6%88%8F%23&t=31&band_rank=7&Refer=top",
    "hot": 832010,
    "zhong": "剧集"
  },
  "五三惨案": {
    "href": "https://s.weibo.com/weibo?q=%E4%BA%94%E4%B8%89%E6%83%A8%E6%A1%88&t=31&band_rank=8&Refer=top",
    "hot": 684114,
    "zhong": ""
  },
  "黄色笑话是一种服从性测试": {
    "href": "https://s.weibo.com/weibo?q=%E9%BB%84%E8%89%B2%E7%AC%91%E8%AF%9D%E6%98%AF%E4%B8%80%E7%A7%8D%E6%9C%8D%E4%BB%8E%E6%80%A7%E6%B5%8B%E8%AF%95&t=31&band_rank=9&Refer=top",
    "hot": 612764,
    "zhong": ""
  },
  "热心大哥高铁上怒斥熊孩子家长获喝彩": {
    "href": "https://s.weibo.com/weibo?q=%23%E7%83%AD%E5%BF%83%E5%A4%A7%E5%93%A5%E9%AB%98%E9%93%81%E4%B8%8A%E6%80%92%E6%96%A5%E7%86%8A%E5%AD%A9%E5%AD%90%E5%AE%B6%E9%95%BF%E8%8E%B7%E5%96%9D%E5%BD%A9%23&t=31&band_rank=10&Refer=top",
    "hot": 612606,
    "zhong": ""
  },
  "直升机坠落西安白鹿仓景区致3人亡": {
    "href": "https://s.weibo.com/weibo?q=%23%E7%9B%B4%E5%8D%87%E6%9C%BA%E5%9D%A0%E8%90%BD%E8%A5%BF%E5%AE%89%E7%99%BD%E9%B9%BF%E4%BB%93%E6%99%AF%E5%8C%BA%E8%87%B43%E4%BA%BA%E4%BA%A1%23&t=31&band_rank=11&Refer=top",
    "hot": 612601,
    "zhong": ""
  },
  "余秀华 读书万卷不过沐猴之冠": {
    "href": "https://s.weibo.com/weibo?q=%E4%BD%99%E7%A7%80%E5%8D%8E%20%E8%AF%BB%E4%B9%A6%E4%B8%87%E5%8D%B7%E4%B8%8D%E8%BF%87%E6%B2%90%E7%8C%B4%E4%B9%8B%E5%86%A0&t=31&band_rank=12&Refer=top",
    "hot": 612532,
    "zhong": ""
  },
  "嘟嘟酱 童年被继父差点性侵": {
    "href": "https://s.weibo.com/weibo?q=%E5%98%9F%E5%98%9F%E9%85%B1%20%E7%AB%A5%E5%B9%B4%E8%A2%AB%E7%BB%A7%E7%88%B6%E5%B7%AE%E7%82%B9%E6%80%A7%E4%BE%B5&t=31&band_rank=13&Refer=top",
    "hot": 584429,
    "zhong": ""
  },
  "卡琳娜无期迷途": {
    "href": "https://s.weibo.com/weibo?q=%23%E5%8D%A1%E7%90%B3%E5%A8%9C%E6%97%A0%E6%9C%9F%E8%BF%B7%E9%80%94%23&t=31&band_rank=14&Refer=top",
    "hot": 458119,
    "zhong": ""
  },
  "史航聊天记录": {
    "href": "https://s.weibo.com/weibo?q=%23%E5%8F%B2%E8%88%AA%E8%81%8A%E5%A4%A9%E8%AE%B0%E5%BD%95%23&t=31&band_rank=15&Refer=top",
    "hot": 452580,
    "zhong": ""
  },
  "宋慧乔的发量": {
    "href": "https://s.weibo.com/weibo?q=%23%E5%AE%8B%E6%85%A7%E4%B9%94%E7%9A%84%E5%8F%91%E9%87%8F%23&t=31&band_rank=16&Refer=top",
    "hot": 437223,
    "zhong": ""
  },
  "CP29女菩萨": {
    "href": "https://s.weibo.com/weibo?q=%23CP29%E5%A5%B3%E8%8F%A9%E8%90%A8%23&t=31&band_rank=17&Refer=top",
    "hot": 431646,
    "zhong": ""
  },
  "五一档两部电影票房破五亿": {
    "href": "https://s.weibo.com/weibo?q=%23%E4%BA%94%E4%B8%80%E6%A1%A3%E4%B8%A4%E9%83%A8%E7%94%B5%E5%BD%B1%E7%A5%A8%E6%88%BF%E7%A0%B4%E4%BA%94%E4%BA%BF%23&t=31&band_rank=18&Refer=top",
    "hot": 410352,
    "zhong": "电影"
  },
  "金廷祐金敏雅是亲姐弟": {
    "href": "https://s.weibo.com/weibo?q=%23%E9%87%91%E5%BB%B7%E7%A5%90%E9%87%91%E6%95%8F%E9%9B%85%E6%98%AF%E4%BA%B2%E5%A7%90%E5%BC%9F%23&t=31&band_rank=19&Refer=top",
    "hot": 390449,
    "zhong": ""
  },
  "山东化工厂爆炸致9死1伤1失联": {
    "href": "https://s.weibo.com/weibo?q=%23%E5%B1%B1%E4%B8%9C%E5%8C%96%E5%B7%A5%E5%8E%82%E7%88%86%E7%82%B8%E8%87%B49%E6%AD%BB1%E4%BC%A41%E5%A4%B1%E8%81%94%23&t=31&band_rank=20&Refer=top",
    "hot": 382669,
    "zhong": ""
  },
  "工资3500突然变成了一万": {
    "href": "https://s.weibo.com/weibo?q=%23%E5%B7%A5%E8%B5%843500%E7%AA%81%E7%84%B6%E5%8F%98%E6%88%90%E4%BA%86%E4%B8%80%E4%B8%87%23&t=31&band_rank=21&Refer=top",
    "hot": 379672,
    "zhong": ""
  },
  "美女幼师凭挖呀挖呀挖走红": {
    "href": "https://s.weibo.com/weibo?q=%23%E7%BE%8E%E5%A5%B3%E5%B9%BC%E5%B8%88%E5%87%AD%E6%8C%96%E5%91%80%E6%8C%96%E5%91%80%E6%8C%96%E8%B5%B0%E7%BA%A2%23&t=31&band_rank=22&Refer=top",
    "hot": 374305,
    "zhong": ""
  },
  "月薪8500工作太闲要辞职吗": {
    "href": "https://s.weibo.com/weibo?q=%23%E6%9C%88%E8%96%AA8500%E5%B7%A5%E4%BD%9C%E5%A4%AA%E9%97%B2%E8%A6%81%E8%BE%9E%E8%81%8C%E5%90%97%23&t=31&band_rank=23&Refer=top",
    "hot": 363744,
    "zhong": ""
  },
  "张紫宁横店音乐节遭威胁": {
    "href": "https://s.weibo.com/weibo?q=%23%E5%BC%A0%E7%B4%AB%E5%AE%81%E6%A8%AA%E5%BA%97%E9%9F%B3%E4%B9%90%E8%8A%82%E9%81%AD%E5%A8%81%E8%83%81%23&t=31&band_rank=24&Refer=top",
    "hot": 325960,
    "zhong": "音乐"
  },
  "景区2天内捡了23个娃": {
    "href": "https://s.weibo.com/weibo?q=%23%E6%99%AF%E5%8C%BA2%E5%A4%A9%E5%86%85%E6%8D%A1%E4%BA%8623%E4%B8%AA%E5%A8%83%23&t=31&band_rank=25&Refer=top",
    "hot": 305193,
    "zhong": ""
  },
  "BLACKPINK主题飞机": {
    "href": "https://s.weibo.com/weibo?q=%23BLACKPINK%E4%B8%BB%E9%A2%98%E9%A3%9E%E6%9C%BA%23&t=31&band_rank=26&Refer=top",
    "hot": 298564,
    "zhong": ""
  },
  "二十岁的鹿晗": {
    "href": "https://s.weibo.com/weibo?q=%23%E4%BA%8C%E5%8D%81%E5%B2%81%E7%9A%84%E9%B9%BF%E6%99%97%23&t=31&band_rank=27&Refer=top",
    "hot": 285348,
    "zhong": ""
  },
  "周雨彤周也撞脸": {
    "href": "https://s.weibo.com/weibo?q=%23%E5%91%A8%E9%9B%A8%E5%BD%A4%E5%91%A8%E4%B9%9F%E6%92%9E%E8%84%B8%23&t=31&band_rank=28&Refer=top",
    "hot": 245385,
    "zhong": ""
  },
  "NMIXX演唱会粉丝丢娃上台": {
    "href": "https://s.weibo.com/weibo?q=%23NMIXX%E6%BC%94%E5%94%B1%E4%BC%9A%E7%B2%89%E4%B8%9D%E4%B8%A2%E5%A8%83%E4%B8%8A%E5%8F%B0%23&t=31&band_rank=29&Refer=top",
    "hot": 241454,
    "zhong": ""
  },
  "欢迎中国内地游客全世界有多拼": {
    "href": "https://s.weibo.com/weibo?q=%23%E6%AC%A2%E8%BF%8E%E4%B8%AD%E5%9B%BD%E5%86%85%E5%9C%B0%E6%B8%B8%E5%AE%A2%E5%85%A8%E4%B8%96%E7%95%8C%E6%9C%89%E5%A4%9A%E6%8B%BC%23&t=31&band_rank=30&Refer=top",
    "hot": 221340,
    "zhong": ""
  },
  "每天对着卡琳娜哇哇叫": {
    "href": "https://s.weibo.com/weibo?q=%E6%AF%8F%E5%A4%A9%E5%AF%B9%E7%9D%80%E5%8D%A1%E7%90%B3%E5%A8%9C%E5%93%87%E5%93%87%E5%8F%AB&t=31&band_rank=31&Refer=top",
    "hot": 215673,
    "zhong": ""
  },
  "父母姓氏合在一起的名字": {
    "href": "https://s.weibo.com/weibo?q=%23%E7%88%B6%E6%AF%8D%E5%A7%93%E6%B0%8F%E5%90%88%E5%9C%A8%E4%B8%80%E8%B5%B7%E7%9A%84%E5%90%8D%E5%AD%97%23&t=31&band_rank=32&Refer=top",
    "hot": 215562,
    "zhong": ""
  },
  "睡眠不足的九大表现": {
    "href": "https://s.weibo.com/weibo?q=%23%E7%9D%A1%E7%9C%A0%E4%B8%8D%E8%B6%B3%E7%9A%84%E4%B9%9D%E5%A4%A7%E8%A1%A8%E7%8E%B0%23&t=31&band_rank=33&Refer=top",
    "hot": 208925,
    "zhong": ""
  },
  "沧九旻黎苏苏叶清宇景王宫戏份被删": {
    "href": "https://s.weibo.com/weibo?q=%23%E6%B2%A7%E4%B9%9D%E6%97%BB%E9%BB%8E%E8%8B%8F%E8%8B%8F%E5%8F%B6%E6%B8%85%E5%AE%87%E6%99%AF%E7%8E%8B%E5%AE%AB%E6%88%8F%E4%BB%BD%E8%A2%AB%E5%88%A0%23&t=31&band_rank=34&Refer=top",
    "hot": 203854,
    "zhong": "剧集"
  },
  "费曼 为了周杰伦我已阴": {
    "href": "https://s.weibo.com/weibo?q=%E8%B4%B9%E6%9B%BC%20%E4%B8%BA%E4%BA%86%E5%91%A8%E6%9D%B0%E4%BC%A6%E6%88%91%E5%B7%B2%E9%98%B4&t=31&band_rank=35&Refer=top",
    "hot": 203795,
    "zhong": ""
  },
  "韩国大学生吃掉价值12万美元香蕉展品": {
    "href": "https://s.weibo.com/weibo?q=%23%E9%9F%A9%E5%9B%BD%E5%A4%A7%E5%AD%A6%E7%94%9F%E5%90%83%E6%8E%89%E4%BB%B7%E5%80%BC12%E4%B8%87%E7%BE%8E%E5%85%83%E9%A6%99%E8%95%89%E5%B1%95%E5%93%81%23&t=31&band_rank=36&Refer=top",
    "hot": 199455,
    "zhong": ""
  },
  "再婚后财务需要AA吗": {
    "href": "https://s.weibo.com/weibo?q=%23%E5%86%8D%E5%A9%9A%E5%90%8E%E8%B4%A2%E5%8A%A1%E9%9C%80%E8%A6%81AA%E5%90%97%23&t=31&band_rank=37&Refer=top",
    "hot": 198472,
    "zhong": ""
  },
  "48岁冻龄妈妈谈被家暴经历": {
    "href": "https://s.weibo.com/weibo?q=%2348%E5%B2%81%E5%86%BB%E9%BE%84%E5%A6%88%E5%A6%88%E8%B0%88%E8%A2%AB%E5%AE%B6%E6%9A%B4%E7%BB%8F%E5%8E%86%23&t=31&band_rank=38&Refer=top",
    "hot": 197996,
    "zhong": ""
  },
  "更适合本人体质的药方": {
    "href": "https://s.weibo.com/weibo?q=%23%E6%9B%B4%E9%80%82%E5%90%88%E6%9C%AC%E4%BA%BA%E4%BD%93%E8%B4%A8%E7%9A%84%E8%8D%AF%E6%96%B9%23&t=31&band_rank=39&Refer=top",
    "hot": 191766,
    "zhong": ""
  },
  "游客手机掉西湖被要1500元打捞费": {
    "href": "https://s.weibo.com/weibo?q=%23%E6%B8%B8%E5%AE%A2%E6%89%8B%E6%9C%BA%E6%8E%89%E8%A5%BF%E6%B9%96%E8%A2%AB%E8%A6%811500%E5%85%83%E6%89%93%E6%8D%9E%E8%B4%B9%23&t=31&band_rank=40&Refer=top",
    "hot": 185902,
    "zhong": ""
  },
  "漫长的季节": {
    "href": "https://s.weibo.com/weibo?q=%E6%BC%AB%E9%95%BF%E7%9A%84%E5%AD%A3%E8%8A%82&t=31&band_rank=41&Refer=top",
    "hot": 173069,
    "zhong": "剧集"
  },
  "时代少年团被激光笔照射": {
    "href": "https://s.weibo.com/weibo?q=%23%E6%97%B6%E4%BB%A3%E5%B0%91%E5%B9%B4%E5%9B%A2%E8%A2%AB%E6%BF%80%E5%85%89%E7%AC%94%E7%85%A7%E5%B0%84%23&t=31&band_rank=42&Refer=top",
    "hot": 166629,
    "zhong": "音乐"
  },
  "杨洋组织同学会": {
    "href": "https://s.weibo.com/weibo?q=%E6%9D%A8%E6%B4%8B%E7%BB%84%E7%BB%87%E5%90%8C%E5%AD%A6%E4%BC%9A&t=31&band_rank=43&Refer=top",
    "hot": 166045,
    "zhong": ""
  },
  "山东男孩五一路边3天拉来1500元客单": {
    "href": "https://s.weibo.com/weibo?q=%23%E5%B1%B1%E4%B8%9C%E7%94%B7%E5%AD%A9%E4%BA%94%E4%B8%80%E8%B7%AF%E8%BE%B93%E5%A4%A9%E6%8B%89%E6%9D%A51500%E5%85%83%E5%AE%A2%E5%8D%95%23&t=31&band_rank=44&Refer=top",
    "hot": 164607,
    "zhong": ""
  },
  "苏有朋用倚天台词为贾静雯打call": {
    "href": "https://s.weibo.com/weibo?q=%23%E8%8B%8F%E6%9C%89%E6%9C%8B%E7%94%A8%E5%80%9A%E5%A4%A9%E5%8F%B0%E8%AF%8D%E4%B8%BA%E8%B4%BE%E9%9D%99%E9%9B%AF%E6%89%93call%23&t=31&band_rank=45&Refer=top",
    "hot": 160702,
    "zhong": "综艺"
  },
  "我突然发现了赚钱的意义": {
    "href": "https://s.weibo.com/weibo?q=%23%E6%88%91%E7%AA%81%E7%84%B6%E5%8F%91%E7%8E%B0%E4%BA%86%E8%B5%9A%E9%92%B1%E7%9A%84%E6%84%8F%E4%B9%89%23&t=31&band_rank=46&Refer=top",
    "hot": 152813,
    "zhong": ""
  },
  "杨迪差点在苍兰诀播后加王鹤棣好友": {
    "href": "https://s.weibo.com/weibo?q=%23%E6%9D%A8%E8%BF%AA%E5%B7%AE%E7%82%B9%E5%9C%A8%E8%8B%8D%E5%85%B0%E8%AF%80%E6%92%AD%E5%90%8E%E5%8A%A0%E7%8E%8B%E9%B9%A4%E6%A3%A3%E5%A5%BD%E5%8F%8B%23&t=31&band_rank=47&Refer=top",
    "hot": 144649,
    "zhong": "综艺"
  },
  "科学家称外星人或很快发现人类": {
    "href": "https://s.weibo.com/weibo?q=%23%E7%A7%91%E5%AD%A6%E5%AE%B6%E7%A7%B0%E5%A4%96%E6%98%9F%E4%BA%BA%E6%88%96%E5%BE%88%E5%BF%AB%E5%8F%91%E7%8E%B0%E4%BA%BA%E7%B1%BB%23&t=31&band_rank=48&Refer=top",
    "hot": 143649,
    "zhong": ""
  },
  "高铁上碰到了一对情侣想换座": {
    "href": "https://s.weibo.com/weibo?q=%23%E9%AB%98%E9%93%81%E4%B8%8A%E7%A2%B0%E5%88%B0%E4%BA%86%E4%B8%80%E5%AF%B9%E6%83%85%E4%BE%A3%E6%83%B3%E6%8D%A2%E5%BA%A7%23&t=31&band_rank=49&Refer=top",
    "hot": 133114,
    "zhong": ""
  },
  "严浩翔说那就是怀疑我呗": {
    "href": "https://s.weibo.com/weibo?q=%23%E4%B8%A5%E6%B5%A9%E7%BF%94%E8%AF%B4%E9%82%A3%E5%B0%B1%E6%98%AF%E6%80%80%E7%96%91%E6%88%91%E5%91%97%23&t=31&band_rank=50&Refer=top",
    "hot": 129993,
    "zhong": ""
  }
}