{"categories": [{"name": "\u7c7b\u76ee0"}, {"name": "\u7c7b\u76ee1"}, {"name": "\u7c7b\u76ee2"}, {"name": "\u7c7b\u76ee3"}, {"name": "\u7c7b\u76ee4"}, {"name": "\u7c7b\u76ee5"}, {"name": "\u7c7b\u76ee6"}, {"name": "\u7c7b\u76ee7"}, {"name": "\u7c7b\u76ee8"}], "nodes": [{"id": 1, "name": "\u4f0a\u5229\u8fbe\u96f7\u4e4b\u6012", "symbolSize": 15, "label": {"normal": {"show": true}}, "category": 1}, {"id": 2, "name": "\u83ab\u540d\u5176\u5999\u88ab\u6263\u5e3d\u5b50", "symbolSize": 15, "label": {"normal": {"show": true}}, "category": 5}, {"id": 3, "name": "\u8638\u76d0", "symbolSize": 15, "label": {"normal": {"show": true}}, "category": 7}, {"id": 4, "name": "\u80e1\u6590\u5927\u4fa0", "symbolSize": 15, "label": {"normal": {"show": true}}, "category": 1}, {"id": 5, "name": "\u51ac\u4e9a", "symbolSize": 15, "label": {"normal": {"show": true}}, "category": 7}, {"id": 6, "name": "\u65b0\u897f\u5170\u51b7\u767e\u79d1\u5b59\u5c0f\u793e", "symbolSize": 15, "label": {"normal": {"show": true}}, "category": 1}, {"id": 7, "name": "\u6797\u718a\u732b", "symbolSize": 15, "label": {"normal": {"show": true}}, "category": 3}, {"id": 8, "name": "\u5362\u8bd7\u7ff0", "symbolSize": 15, "label": {"normal": {"show": true}}, "category": 0}, {"id": 9, "name": "\u541b\u541b\u7684\u65c5\u884c\u65e5\u8bb0", "symbolSize": 15, "label": {"normal": {"show": true}}, "category": 0}, {"id": 10, "name": "\u6881\u658cpenny", "symbolSize": 15, "label": {"normal": {"show": true}}, "category": 6}, {"id": 11, "name": "\u590f\u65e0\u81f3", "symbolSize": 15, "label": {"normal": {"show": true}}, "category": 7}, {"id": 12, "name": "\u6842\u66d9\u5149", "symbolSize": 15, "label": {"normal": {"show": true}}, "category": 6}, {"id": 13, "name": "\u987e\u626f\u6de1", "symbolSize": 15, "label": {"normal": {"show": true}}, "category": 0}, {"id": 14, "name": "sunwear", "symbolSize": 15, "label": {"normal": {"show": true}}, "category": 7}, {"id": 15, "name": "stormcc-\u4f9d\u7136\u5728", "symbolSize": 15, "label": {"normal": {"show": true}}, "category": 1}, {"id": 16, "name": "\u6765\u53bb\u4e4b\u95f4", "symbolSize": 15, "label": {"normal": {"show": true}}, "category": 4}, {"id": 17, "name": "stage1st\u5b85\u793e\u533a", "symbolSize": 15, "label": {"normal": {"show": true}}, "category": 3}, {"id": 18, "name": "\u66b4\u98df\u75c7\u60a3\u8005\u674e\u821c\u751f", "symbolSize": 15, "label": {"normal": {"show": true}}, "category": 2}, {"id": 19, "name": "_\u554aD_", "symbolSize": 15, "label": {"normal": {"show": true}}, "category": 8}, {"id": 20, "name": "\u9a6c\u5e93\u65af\u8bf4", "symbolSize": 15, "label": {"normal": {"show": true}}, "category": 8}, {"id": 21, "name": "\u5b81\u9759\u6d77\u7684\u83ca\u77f3\u541b", "symbolSize": 15, "label": {"normal": {"show": true}}, "category": 5}, {"id": 22, "name": "\u98ce\u591c\u9e23\u8749", "symbolSize": 15, "label": {"normal": {"show": true}}, "category": 2}, {"id": 23, "name": "\u6768\u5a74", "symbolSize": 15, "label": {"normal": {"show": true}}, "category": 8}, {"id": 24, "name": "Zwillinge_i", "symbolSize": 15, "label": {"normal": {"show": true}}, "category": 3}, {"id": 25, "name": "\u60f3\u5403\u70e7\u70e4\u60f3\u7761\u89c9", "symbolSize": 15, "label": {"normal": {"show": true}}, "category": 0}, {"id": 26, "name": "\u597d\u50cf\u672c\u8d28i\u5973", "symbolSize": 15, "label": {"normal": {"show": true}}, "category": 7}, {"id": 27, "name": "\u8584\u8377\u7cd6\u6536\u96c6\u5668", "symbolSize": 15, "label": {"normal": {"show": true}}, "category": 4}, {"id": 28, "name": "\u7389\u7389\u6563\u6c5f", "symbolSize": 15, "label": {"normal": {"show": true}}, "category": 6}], "links": [{"source": 1, "target": 2, "time": "2023-05-02 09:58:48"}, {"source": 3, "target": 2, "time": "2023-05-02 10:26:04"}, {"source": 3, "target": 1, "time": "2023-05-02 10:35:56"}, {"source": 4, "target": 3, "time": "2023-05-02 10:39:55"}, {"source": 5, "target": 2, "time": "2023-05-02 10:39:58"}, {"source": 6, "target": 2, "time": "2023-05-02 10:41:59"}, {"source": 7, "target": 3, "time": "2023-05-02 11:10:29"}, {"source": 8, "target": 5, "time": "2023-05-02 11:24:15"}, {"source": 9, "target": 2, "time": "2023-05-02 12:17:17"}, {"source": 10, "target": 5, "time": "2023-05-02 12:39:17"}, {"source": 11, "target": 10, "time": "2023-05-02 13:02:31"}, {"source": 12, "target": 10, "time": "2023-05-02 13:18:11"}, {"source": 13, "target": 2, "time": "2023-05-02 13:49:09"}, {"source": 14, "target": 2, "time": "2023-05-02 14:31:17"}, {"source": 15, "target": 8, "time": "2023-05-02 14:33:21"}, {"source": 16, "target": 9, "time": "2023-05-02 15:46:28"}, {"source": 17, "target": 2, "time": "2023-05-02 16:36:10"}, {"source": 18, "target": 2, "time": "2023-05-02 16:39:52"}, {"source": 19, "target": 16, "time": "2023-05-02 17:18:44"}, {"source": 20, "target": 2, "time": "2023-05-02 17:39:26"}, {"source": 21, "target": 6, "time": "2023-05-02 19:14:55"}, {"source": 22, "target": 21, "time": "2023-05-02 22:47:32"}, {"source": 23, "target": 3, "time": "2023-05-03 01:01:12"}, {"source": 20, "target": 20, "time": "2023-05-03 11:42:51"}, {"source": 24, "target": 3, "time": "2023-05-03 13:13:29"}, {"source": 25, "target": 20, "time": "2023-05-03 15:39:35"}, {"source": 26, "target": 20, "time": "2023-05-03 16:34:25"}, {"source": 27, "target": 20, "time": "2023-05-03 17:30:04"}, {"source": 28, "target": 20, "time": "2023-05-03 18:21:02"}]}