{"categories": [{"name": "\u7c7b\u76ee0"}, {"name": "\u7c7b\u76ee1"}, {"name": "\u7c7b\u76ee2"}, {"name": "\u7c7b\u76ee3"}, {"name": "\u7c7b\u76ee4"}, {"name": "\u7c7b\u76ee5"}, {"name": "\u7c7b\u76ee6"}, {"name": "\u7c7b\u76ee7"}, {"name": "\u7c7b\u76ee8"}], "nodes": [{"id": 1, "name": "\u8096\u6218\u5f71\u97f3\u4f1a\u5b98\u5fae", "symbolSize": 15, "label": {"normal": {"show": true}}, "category": 4}, {"id": 2, "name": "X\u7396\u5c11\u5e74\u56e2\u8096\u6218DAYTOY", "symbolSize": 15, "label": {"normal": {"show": true}}, "category": 6}, {"id": 3, "name": "\u8096\u8096-\u9759\u9759", "symbolSize": 15, "label": {"normal": {"show": true}}, "category": 1}, {"id": 4, "name": "1005\u53f7\u80a5\u867e\u6307\u5357", "symbolSize": 15, "label": {"normal": {"show": true}}, "category": 3}, {"id": 5, "name": "\u5fc3\u788e\u5374\u7740\u8ff7", "symbolSize": 15, "label": {"normal": {"show": true}}, "category": 7}, {"id": 6, "name": "\u6d45\u590f\u9633\u5149ai", "symbolSize": 15, "label": {"normal": {"show": true}}, "category": 2}, {"id": 7, "name": "1005\u53f7\u867e\u867e\u80fd\u91cf\u5ba2\u6808", "symbolSize": 15, "label": {"normal": {"show": true}}, "category": 4}, {"id": 8, "name": "\u8096\u62181005\u53f7\u5b89\u5229\u7b52", "symbolSize": 15, "label": {"normal": {"show": true}}, "category": 5}, {"id": 9, "name": "\u65e0\u8bed\u6d1b", "symbolSize": 15, "label": {"normal": {"show": true}}, "category": 8}, {"id": 10, "name": "\u8096\u6218\u7f51\u5ba3\u5b98\u5fae", "symbolSize": 15, "label": {"normal": {"show": true}}, "category": 2}, {"id": 11, "name": "\u8096\u5c0f\u8d5e\u7684\u575a\u679c", "symbolSize": 15, "label": {"normal": {"show": true}}, "category": 6}, {"id": 12, "name": "\u53ef\u82e6\u53ef\u4e50\u768477", "symbolSize": 15, "label": {"normal": {"show": true}}, "category": 8}, {"id": 13, "name": "\u8096\u8096\u7684\u5bb6\u52a1", "symbolSize": 15, "label": {"normal": {"show": true}}, "category": 0}, {"id": 14, "name": "\u7fa1\u715e\u6211\u4e5fV\u00b7", "symbolSize": 15, "label": {"normal": {"show": true}}, "category": 2}, {"id": 15, "name": "Nana_1005", "symbolSize": 15, "label": {"normal": {"show": true}}, "category": 3}, {"id": 16, "name": "\u60ca\u4e16\u516c\u5b50", "symbolSize": 15, "label": {"normal": {"show": true}}, "category": 6}, {"id": 17, "name": "\u987e\u533b\u751f\u7684\u5c0f\u7b28\u86cb\u9152\u7a9d", "symbolSize": 15, "label": {"normal": {"show": true}}, "category": 1}, {"id": 18, "name": "\u52fa\u52fa-\u9aa8\u5934", "symbolSize": 15, "label": {"normal": {"show": true}}, "category": 7}, {"id": 19, "name": "\u4e8c\u56db\u4e2b", "symbolSize": 15, "label": {"normal": {"show": true}}, "category": 6}, {"id": 20, "name": "\u5154\u5154_tutututu", "symbolSize": 15, "label": {"normal": {"show": true}}, "category": 6}, {"id": 21, "name": "xpromise\u00b705", "symbolSize": 15, "label": {"normal": {"show": true}}, "category": 0}, {"id": 22, "name": "\u5976\u8d5e\u76841005\u661f\u7403\u4e2b", "symbolSize": 15, "label": {"normal": {"show": true}}, "category": 3}, {"id": 23, "name": "\u662f\u6843\u6843\u7684Q\u8482\u554a", "symbolSize": 15, "label": {"normal": {"show": true}}, "category": 3}, {"id": 24, "name": "\u8ba9\u7ea2\u5305\u98de", "symbolSize": 15, "label": {"normal": {"show": true}}, "category": 4}, {"id": 25, "name": "\u987e\u7b19DAYTOY", "symbolSize": 15, "label": {"normal": {"show": true}}, "category": 8}, {"id": 26, "name": "Selamm\u521d\u5fc3", "symbolSize": 15, "label": {"normal": {"show": true}}, "category": 0}, {"id": 27, "name": "\u62e5\u62b1\u6708\u4eae\u7684\u661f\u5440\u661f", "symbolSize": 15, "label": {"normal": {"show": true}}, "category": 6}, {"id": 28, "name": "\u672a\u5df2\u516c\u5b50", "symbolSize": 15, "label": {"normal": {"show": true}}, "category": 5}, {"id": 29, "name": "\u840c\u4e5d\u6708\u771f\u53ef\u7231", "symbolSize": 15, "label": {"normal": {"show": true}}, "category": 2}, {"id": 30, "name": "\u8096\u67d3\u67d3\u7684\u5c0f\u5154\u7259", "symbolSize": 15, "label": {"normal": {"show": true}}, "category": 6}, {"id": 31, "name": "fancy\u5bb6\u7684\u5c0f\u5609\u5609", "symbolSize": 15, "label": {"normal": {"show": true}}, "category": 0}, {"id": 32, "name": "lisa\u7231\u6843\u6843", "symbolSize": 15, "label": {"normal": {"show": true}}, "category": 0}, {"id": 33, "name": "A\u6218\u7684\u5e08\u5e08", "symbolSize": 15, "label": {"normal": {"show": true}}, "category": 5}, {"id": 34, "name": "\u5229\u5b89_212", "symbolSize": 15, "label": {"normal": {"show": true}}, "category": 6}, {"id": 35, "name": "\u5189\u5189\u5c0f\u9a6cDAYTOY", "symbolSize": 15, "label": {"normal": {"show": true}}, "category": 6}, {"id": 36, "name": "jessie\u97eb", "symbolSize": 15, "label": {"normal": {"show": true}}, "category": 8}, {"id": 37, "name": "\u58a8\u58a8\u7b71\u67d3", "symbolSize": 15, "label": {"normal": {"show": true}}, "category": 0}, {"id": 38, "name": "\u5154\u6bdb\u62a4\u7406\u624b\u518c", "symbolSize": 15, "label": {"normal": {"show": true}}, "category": 3}, {"id": 39, "name": "heir1937", "symbolSize": 15, "label": {"normal": {"show": true}}, "category": 4}, {"id": 40, "name": "\u52c7\u6562\u7684\u5154\u5b50v", "symbolSize": 15, "label": {"normal": {"show": true}}, "category": 3}, {"id": 41, "name": "\u6211\u7684\u5927\u795e\u5b98\u5450", "symbolSize": 15, "label": {"normal": {"show": true}}, "category": 1}, {"id": 42, "name": "\u4e00\u9897\u732a\u7684\u5fc3X", "symbolSize": 15, "label": {"normal": {"show": true}}, "category": 7}, {"id": 43, "name": "\u6cab\u6cabZC33", "symbolSize": 15, "label": {"normal": {"show": true}}, "category": 7}, {"id": 44, "name": "\u6731\u8feaDAYTOY", "symbolSize": 15, "label": {"normal": {"show": true}}, "category": 4}, {"id": 45, "name": "\u6eaa\u4e0a\u9752\u8349\u83b2\u84ec\u597d", "symbolSize": 15, "label": {"normal": {"show": true}}, "category": 7}, {"id": 46, "name": "\u76ae\u6c64\u5706\u7684\u5c0f\u59d0\u59d0", "symbolSize": 15, "label": {"normal": {"show": true}}, "category": 4}, {"id": 47, "name": "\u8521\u5c11\u91ce", "symbolSize": 15, "label": {"normal": {"show": true}}, "category": 1}, {"id": 48, "name": "\u73ca\u745a", "symbolSize": 15, "label": {"normal": {"show": true}}, "category": 5}, {"id": 49, "name": "\u964c\u4e0a\u82b1\u8349\u6811\u6728l", "symbolSize": 15, "label": {"normal": {"show": true}}, "category": 3}, {"id": 50, "name": "x\u8bba\u6218\u6301\u4e45", "symbolSize": 15, "label": {"normal": {"show": true}}, "category": 5}, {"id": 51, "name": "\u4f60\u8be5\u7f8e\u4e3d\u4e2d\u5e26\u7740\u523a", "symbolSize": 15, "label": {"normal": {"show": true}}, "category": 5}, {"id": 52, "name": "\u7231\u4e0a\u4e00\u4e2a\u795e\u4ed9\u822c\u7684\u4eba\u513f", "symbolSize": 15, "label": {"normal": {"show": true}}, "category": 0}, {"id": 53, "name": "\u5927\u59d1\u5a1812138", "symbolSize": 15, "label": {"normal": {"show": true}}, "category": 4}, {"id": 54, "name": "\u7f18\u7f18Candy", "symbolSize": 15, "label": {"normal": {"show": true}}, "category": 6}, {"id": 55, "name": "Nicole\u8d5e\u8d5eDaytoy", "symbolSize": 15, "label": {"normal": {"show": true}}, "category": 6}, {"id": 56, "name": "\u8bda\u76f8\u8bf7", "symbolSize": 15, "label": {"normal": {"show": true}}, "category": 1}, {"id": 57, "name": "\u5feb\u4e50\u6f47\u6f47\u7231\u5b9d\u8d1d", "symbolSize": 15, "label": {"normal": {"show": true}}, "category": 8}, {"id": 58, "name": "\u5927\u54c8\u5c0f\u55bd", "symbolSize": 15, "label": {"normal": {"show": true}}, "category": 1}, {"id": 59, "name": "_\u6765\u676f\u51b0\u53ef\u4e50_", "symbolSize": 15, "label": {"normal": {"show": true}}, "category": 5}, {"id": 60, "name": "\u5c0f\u9a6c\u513f\u8df3\u8df3vv", "symbolSize": 15, "label": {"normal": {"show": true}}, "category": 1}, {"id": 61, "name": "\u534a\u7cd6\u751c\u5c9b", "symbolSize": 15, "label": {"normal": {"show": true}}, "category": 3}, {"id": 62, "name": "Hannah\u9648\u5c0f\u7476", "symbolSize": 15, "label": {"normal": {"show": true}}, "category": 6}, {"id": 63, "name": "\u56e0\u4e3a\u5154\u5154\u624d\u7559\u5728\u8fd9\u91cc", "symbolSize": 15, "label": {"normal": {"show": true}}, "category": 5}, {"id": 64, "name": "\u964c\u96ea\u5c18\u516esugar", "symbolSize": 15, "label": {"normal": {"show": true}}, "category": 3}, {"id": 65, "name": "\u4f55\u732b\u732b\u54aa", "symbolSize": 15, "label": {"normal": {"show": true}}, "category": 2}, {"id": 66, "name": "\u5c0f\u4fca\u6bcf\u5929\u90fd\u5f88\u5fd9", "symbolSize": 15, "label": {"normal": {"show": true}}, "category": 1}, {"id": 67, "name": "\u6218\u7fa1\u5154\u7d19", "symbolSize": 15, "label": {"normal": {"show": true}}, "category": 8}, {"id": 68, "name": "\u5317\u5317\u7231\u9762\u5305", "symbolSize": 15, "label": {"normal": {"show": true}}, "category": 2}, {"id": 69, "name": "\u5446\u69d1\u4f59\u751f\u6843\u5728\u5fc3\u4e2d", "symbolSize": 15, "label": {"normal": {"show": true}}, "category": 7}, {"id": 70, "name": "itsashou_", "symbolSize": 15, "label": {"normal": {"show": true}}, "category": 6}, {"id": 71, "name": "\u8d5e\u5b50xz", "symbolSize": 15, "label": {"normal": {"show": true}}, "category": 2}, {"id": 72, "name": "\u6ee1\u76ee\u661f\u8fb01005xz", "symbolSize": 15, "label": {"normal": {"show": true}}, "category": 7}, {"id": 73, "name": "\u5077\u51c9_", "symbolSize": 15, "label": {"normal": {"show": true}}, "category": 5}, {"id": 74, "name": "\u7b11\u7ea2\u5c180909", "symbolSize": 15, "label": {"normal": {"show": true}}, "category": 8}, {"id": 75, "name": "\u658c25810", "symbolSize": 15, "label": {"normal": {"show": true}}, "category": 5}, {"id": 76, "name": "\u535c\u535c\u5728\u4e0d\u5728\u5462", "symbolSize": 15, "label": {"normal": {"show": true}}, "category": 8}, {"id": 77, "name": "\u77f3\u4e0a\u6e05\u6d41_nc2", "symbolSize": 15, "label": {"normal": {"show": true}}, "category": 4}, {"id": 78, "name": "\u963f\u6c60dayday", "symbolSize": 15, "label": {"normal": {"show": true}}, "category": 5}, {"id": 79, "name": "\u6e05\u65f8\u65f8", "symbolSize": 15, "label": {"normal": {"show": true}}, "category": 5}, {"id": 80, "name": "\u4fca\u7f8e\u7684\u5916\u8868", "symbolSize": 15, "label": {"normal": {"show": true}}, "category": 2}, {"id": 81, "name": "\u7434qing201912", "symbolSize": 15, "label": {"normal": {"show": true}}, "category": 7}, {"id": 82, "name": "YSHY\u8d5f", "symbolSize": 15, "label": {"normal": {"show": true}}, "category": 8}, {"id": 83, "name": "\u655b\u5374\u7709\u68a2\u4e09\u5206\u5026199908", "symbolSize": 15, "label": {"normal": {"show": true}}, "category": 2}, {"id": 84, "name": "\u8096\u8001\u677f\u7684\u575a\u679c", "symbolSize": 15, "label": {"normal": {"show": true}}, "category": 0}, {"id": 85, "name": "\u4e54\u5b50\u8a00Vv", "symbolSize": 15, "label": {"normal": {"show": true}}, "category": 4}, {"id": 86, "name": "\u8513\u8349_47210", "symbolSize": 15, "label": {"normal": {"show": true}}, "category": 0}, {"id": 87, "name": "\u613f\u8fd9\u4e2a\u4e16\u754c\u90fd\u80fd\u7f8e\u597d", "symbolSize": 15, "label": {"normal": {"show": true}}, "category": 3}, {"id": 88, "name": "\u7231\u5c31\u6218\u5728\u4e00\u8d771005", "symbolSize": 15, "label": {"normal": {"show": true}}, "category": 5}, {"id": 89, "name": "\u8a2b\u52a8\u98a6\u98a6", "symbolSize": 15, "label": {"normal": {"show": true}}, "category": 1}, {"id": 90, "name": "\u7b19\u794111794", "symbolSize": 15, "label": {"normal": {"show": true}}, "category": 7}, {"id": 91, "name": "\u5bd2\u51ac\u4e4b\u96eal", "symbolSize": 15, "label": {"normal": {"show": true}}, "category": 5}, {"id": 92, "name": "\u961f\u957f\u6211\u662f\u4e00\u53ea\u9c7c517", "symbolSize": 15, "label": {"normal": {"show": true}}, "category": 0}, {"id": 93, "name": "\u7528\u62377553845084", "symbolSize": 15, "label": {"normal": {"show": true}}, "category": 6}, {"id": 94, "name": "\u6590\u6590\u554a_", "symbolSize": 15, "label": {"normal": {"show": true}}, "category": 7}, {"id": 95, "name": "\u70ed\u7231\u5c81\u670801", "symbolSize": 15, "label": {"normal": {"show": true}}, "category": 5}, {"id": 96, "name": "\u8def\u8fc7\u6674\u5929a", "symbolSize": 15, "label": {"normal": {"show": true}}, "category": 5}, {"id": 97, "name": "\u51fa\u592a\u9633\u8bb0\u5f97\u6652\u88ab\u5b50\u5440", "symbolSize": 15, "label": {"normal": {"show": true}}, "category": 5}, {"id": 98, "name": "45\u5ea6\u660e\u5a9a", "symbolSize": 15, "label": {"normal": {"show": true}}, "category": 4}, {"id": 99, "name": "\u9759\u591c\u601d\u8bed1984", "symbolSize": 15, "label": {"normal": {"show": true}}, "category": 2}, {"id": 100, "name": "\u603b\u662f\u627e\u4e0d\u5230\u6211\u7684\u53f7", "symbolSize": 15, "label": {"normal": {"show": true}}, "category": 0}, {"id": 101, "name": "\u5982\u661f\u5982\u6708\u6d41\u5149\u768e\u6d01", "symbolSize": 15, "label": {"normal": {"show": true}}, "category": 2}, {"id": 102, "name": "\u4e03\u79d2\u9c7c\u5f88\u5feb\u4e501005", "symbolSize": 15, "label": {"normal": {"show": true}}, "category": 1}, {"id": 103, "name": "\u7a33\u7a33\u975e\u540c\u51e1\u54cd", "symbolSize": 15, "label": {"normal": {"show": true}}, "category": 1}, {"id": 104, "name": "\u7231\u4e0a\u51b0\u7f8e\u5f0f1005", "symbolSize": 15, "label": {"normal": {"show": true}}, "category": 1}, {"id": 105, "name": "\u98ce\u82b1ye\u96ea\u6708", "symbolSize": 15, "label": {"normal": {"show": true}}, "category": 1}, {"id": 106, "name": "\u7528\u62377391482172", "symbolSize": 15, "label": {"normal": {"show": true}}, "category": 8}, {"id": 107, "name": "\u95e8\u53e3\u7684\u677f\u51f3", "symbolSize": 15, "label": {"normal": {"show": true}}, "category": 2}, {"id": 108, "name": "\u7c73\u997a\u8431\u5988", "symbolSize": 15, "label": {"normal": {"show": true}}, "category": 4}, {"id": 109, "name": "\u554a\u5154\u6218\u6218", "symbolSize": 15, "label": {"normal": {"show": true}}, "category": 3}, {"id": 110, "name": "\u8096\u5bb6\u91ce\u5b50", "symbolSize": 15, "label": {"normal": {"show": true}}, "category": 0}, {"id": 111, "name": "\u9ed8\u9ed8ai\u6709\u94b1", "symbolSize": 15, "label": {"normal": {"show": true}}, "category": 2}, {"id": 112, "name": "\u4efb\u4e00\u6735\u513f866", "symbolSize": 15, "label": {"normal": {"show": true}}, "category": 4}, {"id": 113, "name": "\u661f\u5b89\u6167", "symbolSize": 15, "label": {"normal": {"show": true}}, "category": 0}, {"id": 114, "name": "\u624d\u8d22\u7fe0\u5170\u513f", "symbolSize": 15, "label": {"normal": {"show": true}}, "category": 0}, {"id": 115, "name": "\u5c81\u6708\u7684\u6bcf\u4e2a\u5e74\u8f6e", "symbolSize": 15, "label": {"normal": {"show": true}}, "category": 0}, {"id": 116, "name": "\u541b\u658790840", "symbolSize": 15, "label": {"normal": {"show": true}}, "category": 5}, {"id": 117, "name": "doreen98701", "symbolSize": 15, "label": {"normal": {"show": true}}, "category": 8}, {"id": 118, "name": "\u68a6\u9065\u76f8\u601d\u5f71", "symbolSize": 15, "label": {"normal": {"show": true}}, "category": 5}, {"id": 119, "name": "\u66ae\u6625\u6d45\u590f_", "symbolSize": 15, "label": {"normal": {"show": true}}, "category": 6}, {"id": 120, "name": "\u96e8\u540e\u7684\u5f69\u8679\u4e3a\u7231\u800c\u6765", "symbolSize": 15, "label": {"normal": {"show": true}}, "category": 2}, {"id": 121, "name": "\u5947\u5999\u5496\u5561\u8c46\u4eba\u751f", "symbolSize": 15, "label": {"normal": {"show": true}}, "category": 8}, {"id": 122, "name": "ID\u795e\u9a6c\u7684-\u662f\u6d6e\u4e91_408", "symbolSize": 15, "label": {"normal": {"show": true}}, "category": 5}, {"id": 123, "name": "\u745e\u6735\u6960\u6960", "symbolSize": 15, "label": {"normal": {"show": true}}, "category": 1}, {"id": 124, "name": "\u8513\u8d8a\u8393\u5154\u5b9d\u5b9d", "symbolSize": 15, "label": {"normal": {"show": true}}, "category": 2}, {"id": 125, "name": "\u8096\u814a\u814a", "symbolSize": 15, "label": {"normal": {"show": true}}, "category": 3}, {"id": 126, "name": "\u867e\u662f\u65f6\u5f71\u7684\u6b63\u5bab\u5a18\u5b50", "symbolSize": 15, "label": {"normal": {"show": true}}, "category": 6}, {"id": 127, "name": "yoyomd8", "symbolSize": 15, "label": {"normal": {"show": true}}, "category": 3}, {"id": 128, "name": "\u54c8\u6851\u7af9-183\u70b96", "symbolSize": 15, "label": {"normal": {"show": true}}, "category": 8}, {"id": 129, "name": "\u6d41\u6c13\u5154\u4e0d\u662f\u5154-", "symbolSize": 15, "label": {"normal": {"show": true}}, "category": 3}, {"id": 130, "name": "\u65e0\u5fc3\u4fa0790517", "symbolSize": 15, "label": {"normal": {"show": true}}, "category": 4}, {"id": 131, "name": "\u7528\u62377326584478", "symbolSize": 15, "label": {"normal": {"show": true}}, "category": 2}, {"id": 132, "name": "\u6700\u7231\u5c0f\u5c0f\u5c0f\u5154\u5b50", "symbolSize": 15, "label": {"normal": {"show": true}}, "category": 0}, {"id": 133, "name": "\u968f\u5fc3\u7f8a\u5b9d", "symbolSize": 15, "label": {"normal": {"show": true}}, "category": 3}, {"id": 134, "name": "\u6a59\u5b50\u597d\u5403140924", "symbolSize": 15, "label": {"normal": {"show": true}}, "category": 7}, {"id": 135, "name": "\u7ed9\u6211\u534a\u5206\u6d45\u788e\u65f6\u5149l", "symbolSize": 15, "label": {"normal": {"show": true}}, "category": 0}, {"id": 136, "name": "\u5c3c\u624d\u55b5\u55b5\u53eb", "symbolSize": 15, "label": {"normal": {"show": true}}, "category": 0}, {"id": 137, "name": "\u539f\u5473\u5c0f\u85af\u7247\u5440", "symbolSize": 15, "label": {"normal": {"show": true}}, "category": 4}, {"id": 138, "name": "Morineco", "symbolSize": 15, "label": {"normal": {"show": true}}, "category": 0}, {"id": 139, "name": "\u516d\u6708\u83775860", "symbolSize": 15, "label": {"normal": {"show": true}}, "category": 3}, {"id": 140, "name": "\u7231\u5403\u8304\u5b50\u7684\u5305\u5305\u5927\u4eba", "symbolSize": 15, "label": {"normal": {"show": true}}, "category": 2}, {"id": 141, "name": "\u9e9729038", "symbolSize": 15, "label": {"normal": {"show": true}}, "category": 0}, {"id": 142, "name": "Tuyen\u8096\u575a\u679c", "symbolSize": 15, "label": {"normal": {"show": true}}, "category": 6}, {"id": 143, "name": "\u693f\u6811\u56ed201807", "symbolSize": 15, "label": {"normal": {"show": true}}, "category": 5}, {"id": 144, "name": "\u52e4\u594blovelylily", "symbolSize": 15, "label": {"normal": {"show": true}}, "category": 7}, {"id": 145, "name": "\u5929\u5357\u661f1005", "symbolSize": 15, "label": {"normal": {"show": true}}, "category": 3}, {"id": 146, "name": "\u5b64\u5f71\u5fc3\u68a696798", "symbolSize": 15, "label": {"normal": {"show": true}}, "category": 5}, {"id": 147, "name": "woshi\u5927\u77f3\u5934", "symbolSize": 15, "label": {"normal": {"show": true}}, "category": 3}, {"id": 148, "name": "\u69ff\u66e6\u5929\u5929\u5f00\u5fc3", "symbolSize": 15, "label": {"normal": {"show": true}}, "category": 8}, {"id": 149, "name": "\u4eca\u65f6\u5f80\u65e5\u4e0d\u56de\u9996", "symbolSize": 15, "label": {"normal": {"show": true}}, "category": 7}, {"id": 150, "name": "\u7231\u5154\u8054\u76df\u4e00\u53f7\u536b", "symbolSize": 15, "label": {"normal": {"show": true}}, "category": 7}, {"id": 151, "name": "\u6218\u5154\u4ef0\u6155\u8005", "symbolSize": 15, "label": {"normal": {"show": true}}, "category": 5}, {"id": 152, "name": "\u7ec8\u751f\u7231\u5154\u4eba\u58eb", "symbolSize": 15, "label": {"normal": {"show": true}}, "category": 4}], "links": [{"source": 1, "target": 2, "time": "2023-01-19 12:00:17"}, {"source": 1, "target": 2, "time": "2023-01-19 12:00:17"}, {"source": 3, "target": 1, "time": "2023-01-19 12:00:33"}, {"source": 3, "target": 1, "time": "2023-01-19 12:00:33"}, {"source": 4, "target": 2, "time": "2023-01-19 12:00:45"}, {"source": 4, "target": 2, "time": "2023-01-19 12:00:45"}, {"source": 5, "target": 2, "time": "2023-01-19 12:01:00"}, {"source": 5, "target": 2, "time": "2023-01-19 12:01:00"}, {"source": 6, "target": 4, "time": "2023-01-19 12:02:09"}, {"source": 6, "target": 4, "time": "2023-01-19 12:02:09"}, {"source": 7, "target": 2, "time": "2023-01-19 12:02:19"}, {"source": 7, "target": 2, "time": "2023-01-19 12:02:19"}, {"source": 8, "target": 2, "time": "2023-01-19 12:02:23"}, {"source": 9, "target": 2, "time": "2023-01-19 12:02:23"}, {"source": 8, "target": 2, "time": "2023-01-19 12:02:23"}, {"source": 9, "target": 2, "time": "2023-01-19 12:02:23"}, {"source": 3, "target": 7, "time": "2023-01-19 12:02:42"}, {"source": 3, "target": 7, "time": "2023-01-19 12:02:42"}, {"source": 3, "target": 8, "time": "2023-01-19 12:02:53"}, {"source": 3, "target": 8, "time": "2023-01-19 12:02:53"}, {"source": 10, "target": 2, "time": "2023-01-19 12:03:20"}, {"source": 10, "target": 2, "time": "2023-01-19 12:03:20"}, {"source": 11, "target": 7, "time": "2023-01-19 12:03:45"}, {"source": 11, "target": 7, "time": "2023-01-19 12:03:45"}, {"source": 12, "target": 7, "time": "2023-01-19 12:04:36"}, {"source": 12, "target": 7, "time": "2023-01-19 12:04:36"}, {"source": 13, "target": 10, "time": "2023-01-19 12:04:53"}, {"source": 13, "target": 10, "time": "2023-01-19 12:04:53"}, {"source": 14, "target": 10, "time": "2023-01-19 12:04:57"}, {"source": 14, "target": 10, "time": "2023-01-19 12:04:57"}, {"source": 11, "target": 1, "time": "2023-01-19 12:04:59"}, {"source": 11, "target": 1, "time": "2023-01-19 12:04:59"}, {"source": 15, "target": 1, "time": "2023-01-19 12:05:07"}, {"source": 15, "target": 1, "time": "2023-01-19 12:05:07"}, {"source": 16, "target": 2, "time": "2023-01-19 12:05:14"}, {"source": 16, "target": 2, "time": "2023-01-19 12:05:14"}, {"source": 3, "target": 10, "time": "2023-01-19 12:05:35"}, {"source": 3, "target": 10, "time": "2023-01-19 12:05:35"}, {"source": 17, "target": 3, "time": "2023-01-19 12:06:09"}, {"source": 18, "target": 16, "time": "2023-01-19 12:06:22"}, {"source": 18, "target": 16, "time": "2023-01-19 12:06:22"}, {"source": 19, "target": 1, "time": "2023-01-19 12:06:49"}, {"source": 19, "target": 1, "time": "2023-01-19 12:06:49"}, {"source": 20, "target": 19, "time": "2023-01-19 12:07:25"}, {"source": 21, "target": 1, "time": "2023-01-19 12:07:35"}, {"source": 21, "target": 1, "time": "2023-01-19 12:07:35"}, {"source": 6, "target": 10, "time": "2023-01-19 12:07:43"}, {"source": 6, "target": 10, "time": "2023-01-19 12:07:43"}, {"source": 22, "target": 19, "time": "2023-01-19 12:08:13"}, {"source": 23, "target": 6, "time": "2023-01-19 12:08:52"}, {"source": 3, "target": 16, "time": "2023-01-19 12:09:12"}, {"source": 3, "target": 16, "time": "2023-01-19 12:09:12"}, {"source": 24, "target": 2, "time": "2023-01-19 12:09:46"}, {"source": 24, "target": 2, "time": "2023-01-19 12:09:46"}, {"source": 25, "target": 8, "time": "2023-01-19 12:10:23"}, {"source": 25, "target": 8, "time": "2023-01-19 12:10:23"}, {"source": 16, "target": 8, "time": "2023-01-19 12:10:35"}, {"source": 26, "target": 16, "time": "2023-01-19 12:11:32"}, {"source": 26, "target": 16, "time": "2023-01-19 12:11:32"}, {"source": 27, "target": 8, "time": "2023-01-19 12:11:35"}, {"source": 27, "target": 8, "time": "2023-01-19 12:11:35"}, {"source": 28, "target": 4, "time": "2023-01-19 12:12:10"}, {"source": 28, "target": 4, "time": "2023-01-19 12:12:10"}, {"source": 29, "target": 19, "time": "2023-01-19 12:13:21"}, {"source": 16, "target": 28, "time": "2023-01-19 12:13:46"}, {"source": 26, "target": 7, "time": "2023-01-19 12:14:44"}, {"source": 26, "target": 7, "time": "2023-01-19 12:14:44"}, {"source": 26, "target": 8, "time": "2023-01-19 12:16:03"}, {"source": 30, "target": 8, "time": "2023-01-19 12:16:53"}, {"source": 30, "target": 8, "time": "2023-01-19 12:16:53"}, {"source": 30, "target": 10, "time": "2023-01-19 12:17:02"}, {"source": 30, "target": 10, "time": "2023-01-19 12:17:02"}, {"source": 31, "target": 7, "time": "2023-01-19 12:18:58"}, {"source": 31, "target": 7, "time": "2023-01-19 12:18:58"}, {"source": 32, "target": 8, "time": "2023-01-19 12:19:04"}, {"source": 32, "target": 8, "time": "2023-01-19 12:19:04"}, {"source": 33, "target": 1, "time": "2023-01-19 12:21:04"}, {"source": 33, "target": 1, "time": "2023-01-19 12:21:04"}, {"source": 34, "target": 28, "time": "2023-01-19 12:24:00"}, {"source": 34, "target": 11, "time": "2023-01-19 12:24:13"}, {"source": 35, "target": 24, "time": "2023-01-19 12:24:35"}, {"source": 35, "target": 24, "time": "2023-01-19 12:24:35"}, {"source": 36, "target": 4, "time": "2023-01-19 12:24:38"}, {"source": 36, "target": 4, "time": "2023-01-19 12:24:38"}, {"source": 19, "target": 36, "time": "2023-01-19 12:26:15"}, {"source": 22, "target": 36, "time": "2023-01-19 12:26:39"}, {"source": 37, "target": 11, "time": "2023-01-19 12:27:51"}, {"source": 38, "target": 2, "time": "2023-01-19 12:27:51"}, {"source": 38, "target": 2, "time": "2023-01-19 12:27:51"}, {"source": 39, "target": 38, "time": "2023-01-19 12:28:30"}, {"source": 39, "target": 38, "time": "2023-01-19 12:28:30"}, {"source": 40, "target": 1, "time": "2023-01-19 12:28:34"}, {"source": 40, "target": 1, "time": "2023-01-19 12:28:34"}, {"source": 3, "target": 38, "time": "2023-01-19 12:29:08"}, {"source": 3, "target": 38, "time": "2023-01-19 12:29:08"}, {"source": 41, "target": 7, "time": "2023-01-19 12:29:26"}, {"source": 41, "target": 7, "time": "2023-01-19 12:29:26"}, {"source": 42, "target": 38, "time": "2023-01-19 12:30:17"}, {"source": 42, "target": 38, "time": "2023-01-19 12:30:17"}, {"source": 16, "target": 38, "time": "2023-01-19 12:31:39"}, {"source": 16, "target": 38, "time": "2023-01-19 12:31:39"}, {"source": 19, "target": 41, "time": "2023-01-19 12:33:28"}, {"source": 43, "target": 19, "time": "2023-01-19 12:33:36"}, {"source": 22, "target": 41, "time": "2023-01-19 12:33:53"}, {"source": 26, "target": 10, "time": "2023-01-19 12:35:11"}, {"source": 26, "target": 10, "time": "2023-01-19 12:35:11"}, {"source": 13, "target": 38, "time": "2023-01-19 12:36:57"}, {"source": 13, "target": 38, "time": "2023-01-19 12:36:57"}, {"source": 44, "target": 11, "time": "2023-01-19 12:39:18"}, {"source": 30, "target": 38, "time": "2023-01-19 12:41:44"}, {"source": 30, "target": 38, "time": "2023-01-19 12:41:44"}, {"source": 45, "target": 1, "time": "2023-01-19 12:50:55"}, {"source": 45, "target": 1, "time": "2023-01-19 12:50:55"}, {"source": 46, "target": 9, "time": "2023-01-19 12:54:30"}, {"source": 47, "target": 7, "time": "2023-01-19 13:05:45"}, {"source": 47, "target": 7, "time": "2023-01-19 13:05:45"}, {"source": 29, "target": 10, "time": "2023-01-19 13:08:16"}, {"source": 29, "target": 10, "time": "2023-01-19 13:08:16"}, {"source": 19, "target": 29, "time": "2023-01-19 13:08:52"}, {"source": 48, "target": 24, "time": "2023-01-19 13:25:59"}, {"source": 48, "target": 24, "time": "2023-01-19 13:25:59"}, {"source": 49, "target": 28, "time": "2023-01-19 13:30:32"}, {"source": 50, "target": 4, "time": "2023-01-19 13:30:42"}, {"source": 50, "target": 4, "time": "2023-01-19 13:30:42"}, {"source": 51, "target": 24, "time": "2023-01-19 13:31:10"}, {"source": 51, "target": 24, "time": "2023-01-19 13:31:10"}, {"source": 11, "target": 11, "time": "2023-01-19 13:40:17"}, {"source": 52, "target": 16, "time": "2023-01-19 13:40:54"}, {"source": 52, "target": 16, "time": "2023-01-19 13:40:54"}, {"source": 52, "target": 5, "time": "2023-01-19 13:40:58"}, {"source": 52, "target": 9, "time": "2023-01-19 13:41:03"}, {"source": 16, "target": 16, "time": "2023-01-19 13:45:20"}, {"source": 16, "target": 16, "time": "2023-01-19 13:45:20"}, {"source": 15, "target": 24, "time": "2023-01-19 14:00:01"}, {"source": 15, "target": 24, "time": "2023-01-19 14:00:01"}, {"source": 53, "target": 1, "time": "2023-01-19 14:19:57"}, {"source": 53, "target": 1, "time": "2023-01-19 14:19:57"}, {"source": 54, "target": 53, "time": "2023-01-19 14:26:27"}, {"source": 55, "target": 38, "time": "2023-01-19 14:42:56"}, {"source": 55, "target": 38, "time": "2023-01-19 14:42:56"}, {"source": 55, "target": 8, "time": "2023-01-19 14:43:10"}, {"source": 55, "target": 8, "time": "2023-01-19 14:43:10"}, {"source": 55, "target": 10, "time": "2023-01-19 14:43:23"}, {"source": 55, "target": 10, "time": "2023-01-19 14:43:23"}, {"source": 56, "target": 53, "time": "2023-01-19 14:47:20"}, {"source": 57, "target": 8, "time": "2023-01-19 15:23:02"}, {"source": 57, "target": 8, "time": "2023-01-19 15:23:02"}, {"source": 57, "target": 38, "time": "2023-01-19 15:23:19"}, {"source": 57, "target": 38, "time": "2023-01-19 15:23:19"}, {"source": 50, "target": 50, "time": "2023-01-19 15:43:19"}, {"source": 58, "target": 4, "time": "2023-01-19 15:45:19"}, {"source": 58, "target": 4, "time": "2023-01-19 15:45:19"}, {"source": 58, "target": 58, "time": "2023-01-19 15:51:16"}, {"source": 5, "target": 4, "time": "2023-01-19 15:51:50"}, {"source": 5, "target": 4, "time": "2023-01-19 15:51:50"}, {"source": 59, "target": 5, "time": "2023-01-19 15:52:16"}, {"source": 60, "target": 26, "time": "2023-01-19 16:20:10"}, {"source": 40, "target": 40, "time": "2023-01-19 17:14:18"}, {"source": 61, "target": 4, "time": "2023-01-19 17:16:49"}, {"source": 61, "target": 4, "time": "2023-01-19 17:16:49"}, {"source": 5, "target": 5, "time": "2023-01-19 17:32:20"}, {"source": 5, "target": 5, "time": "2023-01-19 17:32:20"}, {"source": 62, "target": 10, "time": "2023-01-19 18:27:19"}, {"source": 62, "target": 10, "time": "2023-01-19 18:27:19"}, {"source": 63, "target": 6, "time": "2023-01-19 18:58:39"}, {"source": 64, "target": 6, "time": "2023-01-19 18:58:49"}, {"source": 51, "target": 51, "time": "2023-01-19 19:10:31"}, {"source": 65, "target": 35, "time": "2023-01-19 19:23:00"}, {"source": 66, "target": 5, "time": "2023-01-19 19:38:21"}, {"source": 67, "target": 5, "time": "2023-01-19 19:46:56"}, {"source": 68, "target": 15, "time": "2023-01-19 19:59:58"}, {"source": 69, "target": 36, "time": "2023-01-19 21:54:17"}, {"source": 70, "target": 7, "time": "2023-01-19 22:07:57"}, {"source": 70, "target": 7, "time": "2023-01-19 22:07:57"}, {"source": 9, "target": 70, "time": "2023-01-19 22:10:35"}, {"source": 71, "target": 7, "time": "2023-01-19 22:40:49"}, {"source": 71, "target": 7, "time": "2023-01-19 22:40:49"}, {"source": 72, "target": 4, "time": "2023-01-19 22:42:51"}, {"source": 72, "target": 4, "time": "2023-01-19 22:42:51"}, {"source": 61, "target": 7, "time": "2023-01-19 23:44:06"}, {"source": 61, "target": 7, "time": "2023-01-19 23:44:06"}, {"source": 73, "target": 61, "time": "2023-01-19 23:58:29"}, {"source": 74, "target": 55, "time": "2023-01-20 06:35:49"}, {"source": 75, "target": 3, "time": "2023-01-20 07:25:47"}, {"source": 76, "target": 61, "time": "2023-01-20 07:30:10"}, {"source": 77, "target": 30, "time": "2023-01-20 08:15:09"}, {"source": 78, "target": 3, "time": "2023-01-20 09:11:32"}, {"source": 79, "target": 71, "time": "2023-01-20 10:21:29"}, {"source": 79, "target": 3, "time": "2023-01-20 10:21:51"}, {"source": 16, "target": 1, "time": "2023-01-20 10:31:01"}, {"source": 16, "target": 1, "time": "2023-01-20 10:31:01"}, {"source": 80, "target": 52, "time": "2023-01-20 10:39:08"}, {"source": 15, "target": 38, "time": "2023-01-20 10:39:08"}, {"source": 15, "target": 38, "time": "2023-01-20 10:39:08"}, {"source": 81, "target": 12, "time": "2023-01-20 10:43:06"}, {"source": 82, "target": 6, "time": "2023-01-20 10:48:17"}, {"source": 83, "target": 3, "time": "2023-01-20 10:53:21"}, {"source": 84, "target": 15, "time": "2023-01-20 10:53:49"}, {"source": 85, "target": 15, "time": "2023-01-20 10:53:59"}, {"source": 86, "target": 16, "time": "2023-01-20 10:55:43"}, {"source": 53, "target": 4, "time": "2023-01-20 11:03:53"}, {"source": 53, "target": 4, "time": "2023-01-20 11:03:53"}, {"source": 87, "target": 21, "time": "2023-01-20 11:05:50"}, {"source": 88, "target": 12, "time": "2023-01-20 11:05:57"}, {"source": 88, "target": 71, "time": "2023-01-20 11:06:00"}, {"source": 88, "target": 31, "time": "2023-01-20 11:06:04"}, {"source": 88, "target": 61, "time": "2023-01-20 11:06:09"}, {"source": 88, "target": 3, "time": "2023-01-20 11:06:18"}, {"source": 89, "target": 61, "time": "2023-01-20 11:06:41"}, {"source": 90, "target": 61, "time": "2023-01-20 11:06:44"}, {"source": 61, "target": 10, "time": "2023-01-20 11:06:45"}, {"source": 61, "target": 10, "time": "2023-01-20 11:06:45"}, {"source": 91, "target": 48, "time": "2023-01-20 11:12:18"}, {"source": 92, "target": 48, "time": "2023-01-20 11:14:59"}, {"source": 93, "target": 48, "time": "2023-01-20 11:22:07"}, {"source": 93, "target": 15, "time": "2023-01-20 11:22:15"}, {"source": 94, "target": 33, "time": "2023-01-20 11:27:49"}, {"source": 95, "target": 72, "time": "2023-01-20 11:29:33"}, {"source": 96, "target": 6, "time": "2023-01-20 11:29:40"}, {"source": 16, "target": 16, "time": "2023-01-20 11:30:55"}, {"source": 95, "target": 72, "time": "2023-01-20 11:31:07"}, {"source": 97, "target": 40, "time": "2023-01-20 11:34:19"}, {"source": 98, "target": 15, "time": "2023-01-20 11:35:08"}, {"source": 99, "target": 61, "time": "2023-01-20 11:39:45"}, {"source": 100, "target": 62, "time": "2023-01-20 11:40:11"}, {"source": 101, "target": 62, "time": "2023-01-20 11:42:30"}, {"source": 102, "target": 33, "time": "2023-01-20 11:44:09"}, {"source": 103, "target": 6, "time": "2023-01-20 11:49:47"}, {"source": 104, "target": 35, "time": "2023-01-20 11:52:57"}, {"source": 105, "target": 6, "time": "2023-01-20 11:56:22"}, {"source": 106, "target": 35, "time": "2023-01-20 11:56:38"}, {"source": 107, "target": 21, "time": "2023-01-20 11:57:40"}, {"source": 108, "target": 45, "time": "2023-01-20 11:58:13"}, {"source": 108, "target": 48, "time": "2023-01-20 11:58:37"}, {"source": 109, "target": 6, "time": "2023-01-20 12:01:30"}, {"source": 108, "target": 62, "time": "2023-01-20 12:01:57"}, {"source": 110, "target": 35, "time": "2023-01-20 12:03:44"}, {"source": 111, "target": 40, "time": "2023-01-20 12:04:00"}, {"source": 112, "target": 40, "time": "2023-01-20 12:04:15"}, {"source": 113, "target": 40, "time": "2023-01-20 12:04:35"}, {"source": 47, "target": 47, "time": "2023-01-20 12:07:14"}, {"source": 47, "target": 47, "time": "2023-01-20 12:07:19"}, {"source": 47, "target": 47, "time": "2023-01-20 12:07:38"}, {"source": 47, "target": 47, "time": "2023-01-20 12:07:40"}, {"source": 114, "target": 62, "time": "2023-01-20 12:08:19"}, {"source": 115, "target": 26, "time": "2023-01-20 12:11:36"}, {"source": 116, "target": 35, "time": "2023-01-20 12:14:41"}, {"source": 117, "target": 71, "time": "2023-01-20 12:15:43"}, {"source": 118, "target": 15, "time": "2023-01-20 12:16:06"}, {"source": 119, "target": 31, "time": "2023-01-20 12:16:12"}, {"source": 119, "target": 30, "time": "2023-01-20 12:16:32"}, {"source": 120, "target": 62, "time": "2023-01-20 12:17:28"}, {"source": 121, "target": 26, "time": "2023-01-20 12:20:43"}, {"source": 122, "target": 58, "time": "2023-01-20 12:22:59"}, {"source": 122, "target": 58, "time": "2023-01-20 12:23:26"}, {"source": 123, "target": 15, "time": "2023-01-20 12:23:36"}, {"source": 124, "target": 15, "time": "2023-01-20 12:23:48"}, {"source": 125, "target": 33, "time": "2023-01-20 12:26:18"}, {"source": 125, "target": 15, "time": "2023-01-20 12:26:26"}, {"source": 126, "target": 3, "time": "2023-01-20 12:27:31"}, {"source": 127, "target": 62, "time": "2023-01-20 12:29:26"}, {"source": 128, "target": 53, "time": "2023-01-20 13:15:38"}, {"source": 129, "target": 29, "time": "2023-01-20 14:26:51"}, {"source": 130, "target": 35, "time": "2023-01-20 14:58:53"}, {"source": 131, "target": 35, "time": "2023-01-20 16:28:59"}, {"source": 131, "target": 5, "time": "2023-01-20 16:29:38"}, {"source": 132, "target": 41, "time": "2023-01-20 16:46:34"}, {"source": 133, "target": 5, "time": "2023-01-20 17:01:20"}, {"source": 134, "target": 50, "time": "2023-01-20 17:14:37"}, {"source": 135, "target": 53, "time": "2023-01-20 17:25:18"}, {"source": 136, "target": 3, "time": "2023-01-20 19:11:31"}, {"source": 137, "target": 53, "time": "2023-01-20 19:18:04"}, {"source": 138, "target": 50, "time": "2023-01-20 20:50:33"}, {"source": 63, "target": 11, "time": "2023-01-20 21:45:03"}, {"source": 139, "target": 53, "time": "2023-01-20 22:55:17"}, {"source": 139, "target": 5, "time": "2023-01-20 22:56:47"}, {"source": 140, "target": 70, "time": "2023-01-20 23:00:02"}, {"source": 141, "target": 62, "time": "2023-01-20 23:16:51"}, {"source": 142, "target": 16, "time": "2023-01-21 07:27:47"}, {"source": 143, "target": 36, "time": "2023-01-21 08:20:24"}, {"source": 143, "target": 41, "time": "2023-01-21 08:21:21"}, {"source": 143, "target": 29, "time": "2023-01-21 08:22:09"}, {"source": 144, "target": 51, "time": "2023-01-21 09:08:26"}, {"source": 145, "target": 41, "time": "2023-01-21 10:12:12"}, {"source": 146, "target": 41, "time": "2023-01-21 10:22:18"}, {"source": 147, "target": 11, "time": "2023-01-21 17:23:21"}, {"source": 148, "target": 41, "time": "2023-01-27 13:24:37"}, {"source": 149, "target": 1, "time": "2023-02-05 21:09:57"}, {"source": 149, "target": 1, "time": "2023-02-05 21:09:57"}, {"source": 150, "target": 149, "time": "2023-02-05 21:27:17"}, {"source": 151, "target": 149, "time": "2023-02-05 21:32:50"}, {"source": 152, "target": 149, "time": "2023-02-05 21:43:08"}]}