﻿wid,user_name,user_id,gender,publish_time,text,like_count,comment_count,forward_count,status_city,status_country,status_province
4888919302996475,相信篮球,2205169727,m,2023-04-10 10:10:55,"赛后，有一段据称森林狼工作人员在后台录到的音频流出～当时的李凯尔正在回更衣室的路上，他说道：你们丫的太宠着他了，还让我保持专注？你们是不是有毛病？你们这个夏天有决定要做了。

目前，戈贝尔已经更新社媒道歉：我今天情绪失控了。不管别人说了什么，我都不应该做出那样的反应。我想向球迷道歉，向球队道歉，尤其是向凯尔道歉，他是我真正热爱和尊重的队友#森林狼内讧##戈贝尔道歉#微观篮球的微博视频",760,143,45,福州,中国,福建
4888912499575176,虎扑的步行街,2054300185,m,2023-04-10 09:43:54,戈贝尔：我想向球迷、球队尤其是李凯尔道歉，我情绪失控了 JRs热议：[流言板]戈贝尔：我想向球迷、球队尤其是李凯尔道歉，我情绪失控了 #戈贝尔道歉#,120,15,4,衢州,中国,浙江
4888981130972924,导演我躺哪_basketball,1703738945,m,2023-04-10 14:16:37,森林狼总裁：冲突后我们让戈贝尔回家，其行为是不能接受的 #戈贝尔道歉##森林狼内讧#,47,4,2,福州,中国,福建
4888902777438838,隆多吧,2431485513,m,2023-04-10 09:05:16,Woj：消息人士透露，森林狼内部正在权衡是否禁止戈贝尔前往洛杉矶参加附加赛 #戈贝尔道歉#,1022,126,2,,中国,广东
4888914152130942,虎扑篮球,1642292081,f,2023-04-10 09:50:28,"#森林狼内讧#全过程

1、根据ESPN报道，多位消息人士透露，该冲突的起因在于李凯尔告诉戈贝尔尝试进行盖帽，戈贝尔回应并告诉李凯尔尝试抢篮板。随后，李凯尔对戈贝尔说道：“闭上你的臭嘴，B****。”

2、ESPN记者在节目中透露了森林狼球员鲁迪-戈贝尔和凯尔-安德森导致冲突的对话内容。

“嘿，为什么你不盖掉一些投篮？”安德森对戈贝尔说道。

“为什么你不抢篮板？”戈贝尔反问道。

3、Shams Charania报道称，双方回到更衣室后冲突还在继续。消息人士透露，李凯尔一度表示“我会打爆你的（I’ll knock your a– out.）！”

消息人士透露，康利在这劝两人冷静之中扮演了关键作用。

4、赛后，一段李凯尔在冲突后的录音流出。

录音中，李凯尔说道：“你们对他也太好了吧，也太舔他了吧。

你们TMD还让我保持专注，你们TMD是不是有毛病？

今年夏天你们好自为之吧，你们有事儿要做了！”

5、赛后，戈贝尔：我想向球迷、球队尤其是李凯尔道歉，我情绪失控了

李凯尔：我和戈贝尔不会过多计较冲突，我们都是成年人

康利：戈贝尔已在球队群聊中发送信息，对今日冲突道歉

森林狼总裁：冲突后我们让戈贝尔回家，其行为是不能接受的

怎么看戈贝尔和安德森的冲突？爱德华兹：我不作评论

名记：森林狼管理层正在权衡是否让戈贝尔出战对湖人附加赛

#戈贝尔道歉# #戈贝尔拳打安德森#",326,88,17,上海,中国,上海
4888921022922995,Tinoke不是tinker,2262972190,m,2023-04-10 10:17:45,华子：那一刻，我感觉我自己慌急了#戈贝尔道歉##李凯尔#,46,12,0,北京,中国,北京
4888986823432100,洛译篮球,2305162912,f,2023-04-10 14:39:14,戈贝尔最著名的三大事件： —— 手抹话筒、NBA新冠第一人 —— 扬言可以锁死奥尼尔 —— 拳打队友安德森 #森林狼内讧##戈贝尔道歉#,77,17,3,泉州,中国,福建
4888909021972648,直播吧,2018499075,m,2023-04-10 09:30:05,"#戈贝尔道歉# 我今天情绪失控了，向球迷/球队/尤其是安德森道歉

NBA常规赛收官战中，戈贝尔和队友凯尔-安德森发生口角，给了后者一拳。戈贝尔赛后更新社媒：“我今天情绪失控了，不管别人说了什么，我都不应该做出那样的反应，我想向球迷道歉，向球队道歉，尤其是向凯尔（安德森）道歉，他是我真正热爱和尊重的队友。”

#森林狼内讧##戈贝尔拳击安德森#",90,16,1,北京,中国,北京
4888895509235172,新浪NBA,1736329970,m,2023-04-10 08:36:23,#戈贝尔向李凯尔道歉##戈贝尔道歉# 戈贝尔发推：我今天情绪失控了。不管别人说了什么，我都不应该做出那样的反应。我想向球迷道歉，向球队道歉，尤其是向凯尔@大锤凯尔安德森Anderson 道歉，他是我真正热爱和尊重的队友。 #戈贝尔拳打安德森#,188,29,3,北京,中国,北京
4888834775712177,水花Forever,5845710374,m,2023-04-10 04:35:03,隔壁这 戈贝尔给了铁锤一拳 #戈贝尔道歉#水花Forever的微博视频,211,17,4,苏州,中国,江苏
4888922183963933,湖人Talk,5408596403,f,2023-04-10 10:22:23,【中字】拉塞尔谈附加赛对阵老东家森林狼： —— “必须要不惜一切代价干掉他们，因为他们阻挡了我们前进的道路。”#湖人附加赛将对阵森林狼##戈贝尔道歉#洛译篮球的微博视频,61,6,2,,美国,美国
4888928945705417,欧文各种吹,2787572474,m,2023-04-10 10:49:15,"法棍这一拳！把森林狼附加赛都给打没了？

#戈贝尔道歉##积极向上的四月# 欧文各种吹的微博视频",56,17,1,南通,中国,江苏
4888923714881689,锦鲤pisa007,1465160942,m,2023-04-10 10:28:28,"NBA#戈贝尔道歉#

道歉也改变不了戈贝尔人品差、人缘差的事实！

看来奥尼尔多次狂喷戈贝尔不是没有道理的！看到#李凯尔# 被打，普林斯马上站起来怒推戈贝尔，看来普林斯这队友能处！",44,19,2,深圳,中国,广东
4889023267473455,潮流FUN88,7676999724,m,2023-04-10 17:04:03,"#戈贝尔道歉# 我今天情绪失控了，向球迷/球队/尤其是安德森道歉

NBA常规赛收官战中，戈贝尔和队友凯尔-安德森发生口角，给了后者一拳。戈贝尔赛后更新社媒：“我今天情绪失控了，不管别人说了什么，我都不应该做出那样的反应，我想向球迷道歉，向球队道歉，尤其是向凯尔（安德森）道歉，他是我真正热爱和尊重的队友。”

#森林狼内讧##戈贝尔拳击安德森#",0,0,0,上海,中国,上海
4889019361793944,虎扑篮球,1642292081,f,2023-04-10 16:48:32,"【字幕】口型还原森林狼冲突：戈贝尔不接发球导致失误，场下被提醒还嘴硬

#戈贝尔道歉##森林狼内讧# 虎扑篮球的微博视频",38,17,4,上海,中国,上海
4889013477444362,五星体育广播,1667867495,m,2023-04-10 16:25:09,#戈贝尔拳打安德森# 森林狼内讧！戈贝尔拳击中国男篮归化热门人选李凯尔！#戈贝尔道歉# 五星体育广播的微博视频,0,0,0,上海,中国,上海
4889013187773247,篮球信箱,5682228986,m,2023-04-10 16:24:00,"附加赛湖人对战森林狼，两大好消息有利于湖人锁定季后赛名额！

1. 湖人完成交易后与森林狼有过一次交锋，最终以湖人大胜告终。这场比赛每个点都全面压制森林狼，尤其是浓眉一个打爆内线双塔，狂砍38+17。范德彪给华子也防的怀疑人生，只得到11分。

2. 今天森林狼的比赛当中球队内部发生内讧，戈贝尔拳击李凯尔，在如此关键的时间点发生这样的事情，对球队团结会产生很不利的影响，很可能会直接导致输掉附加赛。

#李凯尔录音流出##戈贝尔道歉##戈贝尔拳打安德森#",0,0,0,揭阳,中国,广东
4888980288441595,体坛八一八,6355176008,m,2023-04-10 14:13:16,#戈贝尔道歉# 别看#李凯尔# 个头比对方小，但中国空腹只要一使出来，估计戈贝尔瞬间倒地…,0,0,0,沈阳,中国,辽宁
4888978937352180,Love马刺,5533010788,m,2023-04-10 14:07:54,"【🤣戈贝尔用行动坐实自己是史上最烂交易 将被交易至广东宏远，读几条美国网友评论】

以上内容均取自美国网友评论，不代表博主本人观点，一句话对应一张图：

（李凯尔：闭上你的臭嘴吧，你个小婊砸，戈贝尔！）

网友Demeco Ryan Fanclub：戈贝尔问李凯尔：“你是不是嫌弃我软？”

网友MIke K：开始（戈贝尔向李凯尔出拳） vs 结束（仅一瞬，戈贝尔已离李凯尔一丈开外）

网友stinky camel：哎呀~讨厌啦~你们不要再打了啦~都刮花人家的指甲油啦~

网友Christopher M：爵士看着手里的首轮选秀权，它们正散发着耀眼的金色光芒~哈哈哈哈！赚翻啦！

网友chank chumsrson：戈贝尔是NBA历史上最烂的交易！如果森林狼不能在未来24个月内交易掉他，爱德华兹就会走人，我打包票！

网友DaviChazzo：准备学中文吧，戈贝尔，你要被交易到广东宏远了...

网友ReeshsPuffs(43-39)：Rudy，我们一直在等你，请回电你可能是CBA的下一个沙克（美网友机翻中文）

（上海大鲨鱼：“打了你几个礼拜电话了，大兄弟啊~”）

#戈贝尔拳打安德森##戈贝尔道歉##超话创作官#",14,12,1,克拉玛依,中国,新疆
4888975401290693,虎扑的步行街,2054300185,m,2023-04-10 13:53:51,"李凯尔冲突后录音：你们太舔他了吧，今年夏天你们好自为之

JRs热议：李凯尔冲突后录音：你们太舔他了吧，今年夏天你们好自为之

赛后，一段李凯尔在冲突后的录音流出。

录音中，李凯尔说道：“你们对他也太好了吧，也太舔他了吧。

你们TMD还让我保持专注，你们TMD是不是有毛病？

今年夏天你们好自为之吧，你们有事儿要做了！”

#李凯尔录音流出##戈贝尔拳打安德森##戈贝尔道歉# 虎扑的步行街的微博视频",240,27,7,衢州,中国,浙江
4888966031478153,易久无爱篮球,5967653375,m,2023-04-10 13:16:37,NBA#森林狼内讧#戈贝尔大锤爆发冲突，学谁不好学格林！#戈贝尔道歉##戈贝尔拳打安德森# 安达市 易久无爱篮球的微博视频,1,0,0,绥化,中国,黑龙江
4888964588638905,科技之初,3513834394,m,2023-04-10 13:10:53,#戈贝尔道歉#快船卡分等着鹈鹕输球，这样快船也输就能去第六，结果戈贝尔给大锤一拳，森林狼鹈鹕比赛形势起伏，时间拖延，快船等不了就收了比赛，现在第五去打太阳了，没想到森林狼还是赢了鹈鹕戈贝尔这一拳有点东西,0,0,0,重庆,中国,重庆
4888908800200064,微观篮球,5635855696,m,2023-04-10 09:29:12,一段据称森林狼工作人员在后台录到的音频流出～当时的李凯尔正在回更衣室的路上，他说道：你们丫的太宠着他了，还让我保持专注？你们是不是有毛病？你们这个夏天有决定要做了。#森林狼内讧##戈贝尔拳打安德森##戈贝尔道歉# 微观篮球的微博视频,143,31,6,,美国,美国
4888838147146132,微观篮球,5635855696,m,2023-04-10 04:48:27,"戈贝尔拳击安德森！！！居然敢对我们的李凯尔兄弟下手

ESPN名记随后在节目中透露两人冲突细节，安德森问戈贝尔：“你为什么不盖帽？”戈贝尔则反问：“你怎么不抢篮板？”#湖人附加赛将对阵森林狼##戈贝尔道歉# #森林狼内讧#微观篮球的微博视频",1870,218,44,,美国,美国
4888926030401612,虎扑篮球,1642292081,f,2023-04-10 10:37:40,"虎扑JR热议#森林狼内讧#

凯尔兄弟吃亏了，我忍不了（配图：莫兰特掏枪）

莫子：我一般不玩枪，但是凯尔兄弟这事我必须动枪（配图见图二）

大锤有难，我孟菲斯358团一定帮帮场子

安德森：告诉老莫，我想吃鱼！🐶

#戈贝尔道歉#",20,5,0,上海,中国,上海
4888944258846093,布兰登英格拉姆资讯,5329262329,m,2023-04-10 11:50:06,"今日鹈鹕vs森林狼，比赛第二节，一次暂停期间，戈贝尔在暂停期间突然给了队友凯尔-安德森一拳，普林斯站起身来一把将戈贝尔推开表示不满，安德森暴怒想上前和戈贝尔冲突，但几人很快被队友和教练分开。
赛后戈贝尔进行了道歉！

#鹈鹕vs森林狼# #戈贝尔道歉# 布兰登英格拉姆资讯的微博视频",6,1,0,,中国,香港
4888939104045299,后厂村翠花阿,7588818714,f,2023-04-10 11:29:37,来吧，中国球迷支持你 #戈贝尔道歉##李凯尔# 后厂村翠花阿的微博视频,0,0,0,武汉,中国,湖北
4888937489503871,体坛八一八,6355176008,m,2023-04-10 11:23:12,#戈贝尔拳打安德森##森林狼内讧#主要原因还是输了球，心里有火发不出，但是戈贝尔的人品一直值得商榷。但是他又道歉了。。有趣的是，这件发生在大洋对面的事却引起了中国网友的关注，因为近日有消息称，安德森很可能是中国男篮的归化目标，而他也确实有着一定的中国血统，中文名“李凯尔”，大家纷纷表示：打我们国家队的成员，是不是不想混了！#戈贝尔道歉#,2,0,0,沈阳,中国,辽宁
4888937480323268,财经袁强说,5122505935,m,2023-04-10 11:23:09,#戈贝尔道歉#中国球迷纷纷宣布支持李凯尔次日戈贝尔宣布加入中国国籍，中文名:马勒戈贝，给周琦打替补,4,1,0,上海,中国,上海
4888935984008304,新浪彩票,1044256885,m,2023-04-10 11:17:13,#戈贝尔道歉##李凯尔# NBA常规赛收官日，森林狼113-108战胜鹈鹕。在比赛过程中，戈贝尔拳击李凯尔，随后戈贝尔在群聊中为自己的行为进行了道歉。森林狼常规赛排在西部第8，将有两次机会晋级季后赛，晋级赔率为1赔1.33，被淘汰的赔率为1赔3.3。网页链接,3,0,1,北京,中国,北京
4888934825334183,虎扑篮球,1642292081,f,2023-04-10 11:12:37,"戈贝尔：我想向球迷、球队尤其是李凯尔道歉，我情绪失控了

NBA常规赛森林狼主场迎战鹈鹕的比赛已经结束。全场战罢，森林狼以113-108战胜鹈鹕。比赛第二节，暂停期间，戈贝尔与李凯尔在替补席发生冲突，戈贝尔拳击李凯尔，普林斯把戈贝尔推开，随后其余队友将双方拉开。

刚刚，戈贝尔更新推特，写道：“我今天情绪失控了。

不管别人说了什么，我都不应该有那样的反应，我想向球迷道歉，向球队道歉，尤其向凯尔（安德森）道歉，他是我真正热爱和尊重的队友。”
#戈贝尔向李凯尔道歉##戈贝尔道歉#",139,32,1,衢州,中国,浙江
4888928224549458,中国篮球,1737961042,m,2023-04-10 10:46:23,"李凯尔职业生涯高光集锦@大锤凯尔安德森Anderson

#森林狼内讧##李凯尔##戈贝尔道歉# 篮球课堂的微博视频",23,8,3,上海,中国,上海
4888934625051156,贺晓龙,1008377737,m,2023-04-10 11:11:49,"#戈贝尔道歉# NBA的价值评判体系和管理体制也挺迷的，戈贝尔暂停时向队友挥拳就被禁赛，西蒙斯、欧文这种拿着大合同想不打球就不打球的人却可以为所欲为。
这也就是在美国，西蒙斯欧文这种行为不管是在欧洲职业联赛框架还是中国，绝对是是可忍孰不可忍，谁会惯你这种毛病。",10,4,0,西安,中国,陕西
4888933131619945,太阳投研札记,2352596821,m,2023-04-10 11:05:53,#戈贝尔道歉#马克龙还在中国呢,1,0,0,上海,中国,上海
4888932183706117,裴建新围脖,1266902462,m,2023-04-10 11:02:07,#湖人西部第七#森林狼内讧最大的受益者就是湖人，试看詹姆斯浓眉的湖人队能走多远。#戈贝尔道歉#,5,0,0,绥化,中国,黑龙江
4888932058139576,体坛新闻社,6355176040,m,2023-04-10 11:01:37,#李凯尔录音流出#“你们也太TM舔戈贝尔了！都这样了还让我保持专注，你们是不是有毛病？你们都TM错了！你们今年夏天有决定要做了！” #李凯尔#被2亿中锋揍了之后录音流出！虽然赛后#戈贝尔道歉#，但是这件事比当初追梦格林揍普尔更加过分，因为这是在球场上，不是在训练场上！洛译篮球的微博视频,0,0,0,锦州,中国,辽宁
4888931595720600,小主ZHUOMABO,6186079110,f,2023-04-10 10:59:47,#戈贝尔道歉#打队友的人是最无能的表现,2,0,0,丹东,中国,辽宁
4888931105771992,看球使我快乐,6357580507,m,2023-04-10 10:57:50,#戈贝尔道歉#马克龙创造的访问效果受到了影响，李凯尔有1/8是不能被欺负的,2,0,0,北京,中国,北京
4888912403366635,八哥爱看球,3420174470,m,2023-04-10 09:43:31,"#戈贝尔拳打安德森##戈贝尔道歉# 【李凯尔：你们舔戈贝尔也舔得太过分了吧！还让我保持专注，你们是不是有毛病？】

希望戈贝尔保持克制冷静，不要做有损中法关系的举动，以维护大局稳定、合作共赢的目的加强深度合作。

对戈贝尔的冲动行为，中方深表遗憾。希望戈贝尔清醒认识到，这种霸权主义的行为，不仅仅是推掉了中法合作的信任与基础，更是打掉了长久以往的战略地位的伙伴关系。

今日的一场NBA常规赛收官战，森林狼113-108击败鹈鹕。

比赛期间，戈贝尔与队友李凯尔发生争执，前者直接向后者出拳，随后被队友拉开。

赛后，一段森林狼工作人员对李凯尔的录音流出，当时的李凯尔正在回更衣室的路上。

李凯尔说道：“你们舔他（戈贝尔）也舔得太过分了吧（kiss his a** way too much）！还让我保持专注，你们是不是有毛病？你们今年夏天有决定要做了！”",10,0,1,北京,中国,北京
4888930091008722,油腻腻子男,2189792730,m,2023-04-10 10:53:48,#戈贝尔道歉#这一拳下去，马克龙白访华了笑死,2,0,0,上海,中国,上海
4888930019447009,盘点体育圈,6355176068,m,2023-04-10 10:53:31,#戈贝尔道歉# 夏天把戈贝尔交易走吧，球队内讧是大忌，犯忌者斩立决。#李凯尔#,4,0,0,北京,中国,北京
4888929901742635,娱音时尚妞,5328667633,f,2023-04-10 10:53:03,#戈贝尔道歉#成长比成功更重要，努力比梦想更现实加油💪,4,0,0,,中国,安徽
4888929243502159,嘴里有乾坤,6357580469,m,2023-04-10 10:50:26,"森林狼赛后凯尔-安德森在更衣室破口大骂鲁迪-戈贝尔：“我会打爆你的”
这下看来，两人的梁子算是结下了，湖人估计被保送季后赛咯。#戈贝尔道歉##李凯尔#",3,0,1,,美国,美国
4888929113212831,油腻期的棒球和橄榄球,1195158154,m,2023-04-10 10:49:55,#戈贝尔道歉# 球队内讧是绝对不能被容忍的。,0,0,0,天津,中国,天津
4888927896341806,早起晚睡才会秃,6605922019,m,2023-04-10 10:45:05,#戈贝尔道歉#中法友谊出现重大裂痕,2,0,0,阜新,中国,辽宁
4888927788599264,夏天是只dog,6304641046,f,2023-04-10 10:44:39,#戈贝尔道歉#湖人估计笑死了，一个高大的蹲桩中锋出问题了，浓眉解放了……,2,0,0,西安,中国,陕西
4888909017778599,乡村曼巴·里夫斯,7412280566,m,2023-04-10 09:30:04,"森林狼总裁蒂姆-康奈利发表声明，戈贝尔在替补席上的行为是不能接受的，我们会继续进行内部讨论来解决该情况。正在权衡是否让戈贝尔出战对湖人的附加赛。
我觉得还是继续上吧，毕竟这人上场副作用#戈贝尔道歉#",21,2,0,,中国,山东
4888926677108698,TeamBeagles,6220354485,m,2023-04-10 10:40:14,今日NBA常规赛收官战，森林狼113-108战胜鹈鹕。森林狼老将康利赛后接受了采访。谈到戈贝尔与凯尔-安德森在今日比赛中的冲突，康利说道：“只是情绪上的冲突，凯尔和鲁迪是你能遇到最喜欢竞争的球员。老实说，这样的事情总会有的，事后戈贝尔会告诉你他失控了，他也会为此道歉，戈贝尔已经给我们发过消息了。但事情确实发生了，我们得像个男人，我们必须变得成熟。尤其是到了赛季的这个阶段，我们不能被情绪支配。凯尔敢挑战任何人，我们也知道是怎么回事，我们必须接受现实，继续前进。”#戈贝尔道歉#,2,1,0,淄博,中国,山东
4888926580642279,是橘子的可爱,3283829625,f,2023-04-10 10:39:51,"#戈贝尔道歉#
道歉有用还要👮🏻干嘛
戈贝尔这人没🧠",1,1,0,佛山,中国,广东
4888926038523928,晚安世界杯,6592825484,m,2023-04-10 10:37:41,#戈贝尔道歉#道歉有用的话，还要 干嘛。好好反省反省吧。,0,0,0,泰州,中国,江苏
4888924927041836,Fa柒柒看球,6525406154,m,2023-04-10 10:33:17,戈贝尔发推道歉，在今早对阵鹈鹕的比赛中，戈贝尔与李凯尔发生激烈冲突并出拳击打李凯尔，之后被球队送回家#戈贝尔道歉#,2,1,0,深圳,中国,广东
4888924163675545,嘴里有乾坤,6357580469,m,2023-04-10 10:30:15,"凯尔-安德森走回更衣室之后的一些言论被曝光，他说道：“你们TM什么毛病，你们跪舔戈贝尔有些过分了，就还让去集中精力，说是我的问题，他们都什么臭毛病。你们今年夏天该想做决定了，要么他走，要么我走。”#戈贝尔道歉##李凯尔#
显然大锤是真的生气了，记住你背后有14亿同胞给你撑腰，别怂就是干！",11,4,0,,美国,美国
4888923950547698,KB824Mamba,2730402964,m,2023-04-10 10:29:24,"【森林狼自爆，你怎么看湖人的季后赛前景？】

常规赛落下帷幕，湖人最终取得第七位，附加赛面对第八森林狼，虽然森林狼在最后一场比赛战胜鹈鹕，但在里德之后，麦克丹尼尔斯因为拳击墙壁而骨折无法上场，戈贝尔与李凯尔也挥拳相向，在紧要关头森林狼似乎已经自爆，湖人将成为受益者，森林狼士气低落，人员紧缺，附加赛湖人可能会赢得轻松一点，面对灰熊，他们同样有人员紧缺的问题，克拉克与亚当斯可能赛季报销了，你怎么看湖人的季后赛前景？#湖人附加赛将对阵森林狼##戈贝尔道歉##森林狼内讧#",9,5,1,安庆,中国,安徽
