﻿wid,user_name,user_id,gender,publish_time,text,like_count,comment_count,forward_count,status_city,status_country,status_province
4889306643302452,国产剧研究中心,2975141537,f,2023-04-11 11:50:05,#初代跑男重聚#今夕是何年！！！初代跑男最新合影，满满的都是回忆～真的好怀念初代的跑男，是谁狠狠梦回了🙊,83890,2111,1790,北京,中国,北京
4889435928269304,邓超,5187664653,m,2023-04-11 20:23:49,we are 伐木累 ！,212493,8928,9945,南昌,中国,江西
4889416819282159,优酷,1642904381,m,2023-04-11 19:07:53,#初代跑男重聚# 酷青回系列+1看大家都在含泪梦回，👖秉持着做好事不留名的做事风格，🚪直接给大家打开一键传送门：奔跑吧兄弟官方的优酷视频 今日份下饭综艺，就是你了：奔跑吧兄弟🏃🏻♀️#上优酷看奔跑吧#,3922,168,198,上海,中国,上海
4889446140872878,娜娜酱就是我,1790955411,f,2023-04-11 21:04:24,#初代跑男重聚# 喜欢你在跑男中的率真，可爱，你总是特别认真的去做游戏，我喜欢你的认真，但也心疼你受的伤Sweet苏璃儿的微博视频,765,38,27,上海,中国,上海
4889429960035857,爱鼻小杰,6005658071,f,2023-04-11 20:00:06,angelababy#初代跑男重聚# 从14年奔跑吧兄弟开始就看跑男，见证了跑男的兄弟情，更因为里面有我最爱的女孩Angelababy，从古灵精怪的美少女变成照顾别人的大姐姐，见证你的成长和青春，之后的路一直陪着你 爱鼻小杰的微博视频,2647,111,100,大连,中国,辽宁
4889423525450636,美颜滤镜粉碎机·真实很美好,3290016493,f,2023-04-11 19:34:32,邓超、 angelababy、李晨、陈赫、王宝强、王祖蓝、郑恺 初代跑男发布会生图 #初代跑男重聚#,10321,277,171,舟山,中国,浙江
4889423596754353,爱奇艺,1731986465,m,2023-04-11 19:34:49,是谁的青春回来了 #初代跑男重聚# 回忆满满～距离第一季《奔跑吧兄弟》@邓超 @angelababy @李晨 @陈赫 @郑恺 @王宝强 @王祖藍 已经过去了快十年，那些欢笑与感动你还记得吗？快来@爱奇艺 重温一下吧 #桃桃奇见店# #邓超晒跑男合照说weare伐木累# 奔跑吧兄弟之白蛇传说 陈赫贪吃坑惨队友,732,48,121,北京,中国,北京
4889419800118569,鲨鱼与鱼,2291350883,m,2023-04-11 19:19:44,#初代跑男重聚# 初代跑男最大的赢家绝对是“捡漏王”王祖蓝。 鲨鱼与鱼的微博视频,316,64,3,郑州,中国,河南
4889452410835867,在下姜磊,1827363695,m,2023-04-11 21:29:19,#初代跑男重聚# 十年前我追跑男，现在10后的儿子唯一在追的综艺也是跑男，偶尔也跟着看，还是觉得有意思。,247,106,101,北京,中国,北京
4889478759455444,汐甜,5953181327,f,2023-04-11 23:14:01,"#初代跑男重聚#
爷青回啊 以前特别喜欢看",0,0,0,海口,中国,海南
4889478751060231,雪芙葡挞_,6690033086,f,2023-04-11 23:13:58,#初代跑男重聚#天哪爷青回呜呜呜呜呜呜呜呜呜居然还有这一天,0,0,0,北京,中国,北京
4889478735070131,栩沫NVM琼,7271841713,f,2023-04-11 23:13:55,#初代跑男重聚#现在看到有很多人还存着以前跑男的图片，我真的泪目，多少人的青春啊,0,0,0,十堰,中国,湖北
4889478701776993,甜甜不爱玫瑰,7098797716,f,2023-04-11 23:13:46,"#初代跑男重聚#
初代跑男
是我的青春
是我的快乐
是我的回忆
是我的时光盒子
是我一遍又一遍看
是我日日夜夜的思念着
是提起we are 伐木累时的感动
是那个温暖团结勇敢无私奉献的大家庭
是那个经过层层挑战而继续奔跑的大家庭
是那个为了团队而奋斗的大家庭
是那个让我们感动不止的大家庭
是我热血沸腾的青春
是我不可磨灭的青春
想念你们大家庭",1,0,0,汕头,中国,广东
4889478676091331,亦然然燃燃,2673266955,f,2023-04-11 23:13:41,"#初代跑男重聚#当年一期不落 现在一期不看
虽然越做越烂 但终究是我追得最久的综艺 给我的学生时代增添了一抹亮色 怎么可能不怀念",0,0,0,长沙,中国,湖南
4889478675563426,猫鱼鱼丸,7406794196,f,2023-04-11 23:13:41,#初代跑男重聚# 我天呢 谁的童年,0,0,0,南京,中国,江苏
4889478651186835,太阳投研札记,2352596821,m,2023-04-11 23:13:35,#初代跑男重聚#你说我是你的超级英雄,0,0,0,上海,中国,上海
4889478633621143,求一个逍遥签,7393265108,f,2023-04-11 23:13:31,#初代跑男重聚#是不是美流量了,0,0,0,淮北,中国,安徽
4889478621037476,弶渟姸,7234984635,f,2023-04-11 23:13:27,#初代跑男重聚#真的能不能录一期跑男，小学的时候真的每天放学回家第一件事就是看跑男和极限挑战更新没,0,0,0,,中国,河南
4889478604264397,waitingJan_,6441222264,m,2023-04-11 23:13:24,#初代跑男重聚#加上baby小鹿和陈赫就真的圆满了（虽然最开始没有鹿晗，但有鹿晗的那一季真的很对我胃口,0,0,0,成都,中国,四川
4889478596662814,林丸沫,7698885720,f,2023-04-11 23:13:22,#初代跑男重聚#怀念就去看回放,0,0,0,惠州,中国,广东
4889410820379584,月記年,6237932711,f,2023-04-11 18:44:03,#初代跑男重聚#我哭还差鼻和赫,1750,74,26,昆明,中国,云南
4889478562846475,听南_wyw,6993852855,m,2023-04-11 23:13:14,#初代跑男重聚#这句we are 伐木累 ！ 十年了,1,0,0,,中国,四川
4889306643302452,国产剧研究中心,2975141537,f,2023-04-11 11:50:05,#初代跑男重聚#今夕是何年！！！初代跑男最新合影，满满的都是回忆～真的好怀念初代的跑男，是谁狠狠梦回了🙊,83891,2111,1790,北京,中国,北京
4889478487872621,山川养玫瑰,5603305016,f,2023-04-11 23:12:56,"#初代跑男重聚#
又是谁的青春 “We are 伐木累” 还差公主小鼻和陈赤赤有太多名场面了",2,0,0,重庆,中国,重庆
4889478407655400,言謑成蹊,5310601258,f,2023-04-11 23:12:37,"#初代跑男重聚#
我的启蒙综艺了吧，小学特别喜欢看的，每周五等在电视机前面看直播。后面第三季之后换人就没再看了，越来越不想看了，换人了没内味了真的",0,0,0,西安,中国,陕西
4889478407394077,超级火星赛亚人,1733049557,m,2023-04-11 23:12:37,#初代跑男重聚#今夕是何年！那时候的是真的好看，现在估计都没人看了吧！,2,0,0,杭州,中国,浙江
4889478403463692,ocicheng,7428146139,f,2023-04-11 23:12:36,#初代跑男重聚#好怀念之前的跑男啊啊啊啊啊啊啊啊,0,0,0,南昌,中国,江西
4889478394808123,南知星夏,3302379745,f,2023-04-11 23:12:34,啊～爷青回，初代跑男重聚了。这只差陈赫和baby啦！#初代跑男重聚##奔跑吧兄弟#,0,0,0,梧州,中国,广西
4889478378292799,lovelywinkerbvc,6528954259,f,2023-04-11 23:12:30,#初代跑男重聚#还是好怀念那些年我们真情实感追过的综艺系列最期待的每周五晚,0,0,0,北京,中国,北京
4889478311187463,剧综达人韩银梅,2817219501,f,2023-04-11 23:12:14,#初代跑男重聚#老邓头邓超、大黑牛李晨、小猎豹郑恺、捡漏王王祖蓝、智慧搞笑担当陈赫、团宠Angelababy、憨厚率真王宝强，跑男第一季真的很好看，每一集都笑抽了的水平，还想看他们回归节目,2,0,1,太原,中国,山西
4889478269502599,常年定居汉南洞,5986500425,f,2023-04-11 23:12:04,#初代跑男重聚#爷青回！今夕是何年啊,1,0,0,济南,中国,山东
4889478251944653,杨帆mtl,2120089471,f,2023-04-11 23:12:00,#初代跑男重聚#前3季真是一集没落，还反复看，到后来跳着看，挑着看，偶尔看，到现在都不知道还有谁，还有没有，综N代越来越难了，不容易。,0,0,0,北京,中国,北京
4889478228084813,--向远,5885546898,f,2023-04-11 23:11:54,#初代跑男重聚#那年的陈赫还没有肉裙子,2,2,0,沈阳,中国,辽宁
4889478223104373,一瞬便是永恒forever,7017916895,f,2023-04-11 23:11:53,"#初代跑男重聚#
再原班人马录制一季吧",2,0,0,广州,中国,广东
4889478051924896,鱼鱼憨_,5635264328,m,2023-04-11 23:11:12,#初代跑男重聚#自从换人了我就没看过了(T . T),2,1,0,日照,中国,山东
4889478034887612,我要工作-工作要我,6365933556,f,2023-04-11 23:11:08,#初代跑男重聚#梦回高中时代！[团圆兔],1,0,0,北京,中国,北京
4889478034102491,蛋黄肉松卷1-1,5238669695,f,2023-04-11 23:11:08,#初代跑男重聚#不如把🐮🐆ab打包送去五哈吧，我真的想看以前的嘻嘻哈哈，我的记忆,4,1,0,天津,中国,天津
4889478030953657,忘了那只猪·,7281760321,f,2023-04-11 23:11:07,"#初代跑男重聚#
小学开始，每周都和父母看，一起笑到肚子痛，很怀念过去，那些幸福的瞬间…",2,0,0,,中国,河南
4889478000546981,快乐不打烊_7,6027883832,f,2023-04-11 23:11:00,#初代跑男重聚#小学看的谁懂,1,1,0,绵阳,中国,四川
4889478000544806,星影不理,7763425123,f,2023-04-11 23:11:00,"#初代跑男重聚#

baby当年的那些表现 真的无可替代 好喜欢baby",2,0,0,成都,中国,四川
4889477912464646,最爱是你生命动人因有你,5455519563,f,2023-04-11 23:10:39,"#初代跑男重聚#
小猎豹～我上一个号全是他，the king of running
后来太久没登找不回来了，我的青春啊～",0,0,0,江门,中国,广东
4889477908007085,特伦苏的小星星,5836055804,f,2023-04-11 23:10:38,#初代跑男重聚#今夕是何年！我哭死！,0,0,0,无锡,中国,江苏
4889477875499797,OUisabella,6503791205,f,2023-04-11 23:10:30,#初代跑男重聚#谁懂啊，好想哭,0,0,0,秦皇岛,中国,河北
4889477870786343,FEDAL-VIC,6488801059,m,2023-04-11 23:10:29,"#初代跑男重聚#
这是我初中的时候莫大的快乐，那时候上学一周回一次家。星期五傍晚回来，我和我姐会拿很多零食摆到沙发前面的茶几，等到十点看节目。我妈十点后总会在房间里喊我们去睡觉，然后我就走过去把房门换上，叫我妈自己快睡，然后继续看完整期，这是每周超大的满足。这也是那时候全天下最好看的综艺！",0,0,0,武汉,中国,湖北
4889477841951464,别管睡觉,7275812545,f,2023-04-11 23:10:22,#初代跑男重聚#小学每次放学都会看的综艺,2,0,0,哈尔滨,中国,黑龙江
4889477803148635,鹤归时,5123639620,f,2023-04-11 23:10:13,"#初代跑男重聚#
爷青回啊啊啊啊以前特别喜欢看",2,1,0,扬州,中国,江苏
4889477761211608,点点随手记,7296797947,f,2023-04-11 23:10:03,"#初代跑男重聚#
没想到跑男也这么多年了
那时候第一季还不知道这综艺能做这么久
虽然MC换了又换
但这种工作伙伴亦是老友的关系真的很好",0,0,0,沈阳,中国,辽宁
4889477736301068,诗淇家的小二,7808780061,f,2023-04-11 23:09:56,#初代跑男重聚#我的青春回忆，跑男每季我都重刷了好几次，真的很有趣啊 诗淇家的小二的微博视频,0,0,0,新北市,中国,台湾
4889423525450636,美颜滤镜粉碎机·真实很美好,3290016493,f,2023-04-11 19:34:32,"邓超、 angelababy、李晨、陈赫、王宝强、王祖蓝、郑恺
初代跑男发布会生图

#初代跑男重聚#",10322,277,171,舟山,中国,浙江
4889477723723839,日洛_Ning,7760344128,m,2023-04-11 23:09:54,"#初代跑男重聚#
什么 跑男要重组?
。
。
。
。
#何洛洛廿二凌云风禾尽起#",0,0,0,济宁,中国,山东
4889477715857101,小丸同学na,2788139532,f,2023-04-11 23:09:52,#初代跑男重聚#看哭了 哪时候还是小学呢我靠,2,0,0,武汉,中国,湖北
4889477702748046,waitingJan_,6441222264,m,2023-04-11 23:09:49,#初代跑男重聚#刀我别用跑男刀把这些老成员聚在一起拍节目就算我圆梦了极挑老成员也行,1,0,0,成都,中国,四川
4889477678371120,肆巛叶舒华,7377678416,f,2023-04-11 23:09:43,#初代跑男重聚#🌿最开始看的时候还是在小学都这么久了居然,1,0,0,绵阳,中国,四川
4889477669982795,今天可不可以不刮胡子,5847968659,f,2023-04-11 23:09:41,"#初代跑男重聚#
谁懂，从呲水枪开始，每周五守在电视机面前",1,0,0,南充,中国,四川
4889428478920230,国内外白富美吐嘈,5788988922,f,2023-04-11 19:54:13,对跑男第一季印象最深的，就是第一期AB疯狂吃东西，直到后来她上向往的生活和拍戏假吃，都很疑惑....#初代跑男重聚#,38,8,0,绥化,中国,黑龙江
4889477619914376,追杀仿生人,5894721981,m,2023-04-11 23:09:29,#初代跑男重聚#小时候可喜欢看跑男了,5,4,0,抚州,中国,江西
4889477618601191,许易淮T-T,7583827570,f,2023-04-11 23:09:29,#初代跑男重聚#救命啊 就差baby 陈赫 小鹿了,3,1,0,武汉,中国,湖北
4889477614408298,禾的肖,5255313135,f,2023-04-11 23:09:28,"#初代跑男重聚#

超级超级怀念跑男第一季，也是最好看的一季，到后面的每一季不仅仅是人换了，连核心都变了，最关键的撕名牌没有了全变成一些无聊的游戏，刚开始还能坚持看下去，超哥走后就没咋看了",1,0,0,深圳,中国,广东
4889477611525878,星辰慕源,6742632883,f,2023-04-11 23:09:27,#初代跑男重聚#初代跑男终于重聚了,0,0,0,上饶,中国,江西
