{"categories": [{"name": "\u7c7b\u76ee0"}, {"name": "\u7c7b\u76ee1"}, {"name": "\u7c7b\u76ee2"}, {"name": "\u7c7b\u76ee3"}, {"name": "\u7c7b\u76ee4"}, {"name": "\u7c7b\u76ee5"}, {"name": "\u7c7b\u76ee6"}, {"name": "\u7c7b\u76ee7"}, {"name": "\u7c7b\u76ee8"}], "nodes": [{"id": 1, "name": "\u5575\u5154\u751c\u5fc3", "symbolSize": 15, "label": {"normal": {"show": true}}, "category": 5}, {"id": 2, "name": "\u7535\u5f71\u65e0\u540d\u5b98\u5fae", "symbolSize": 15, "label": {"normal": {"show": true}}, "category": 2}, {"id": 3, "name": "\u7504\u59ec\u7761\u4e0d\u9971", "symbolSize": 15, "label": {"normal": {"show": true}}, "category": 7}, {"id": 4, "name": "\u738b\u4e00\u535a\u5976\u74f6\u7ba1\u5bb6", "symbolSize": 15, "label": {"normal": {"show": true}}, "category": 3}, {"id": 5, "name": "\u6211\u548c\u590f\u5929\u6765\u4e86\u561b", "symbolSize": 15, "label": {"normal": {"show": true}}, "category": 1}, {"id": 6, "name": "\u738b\u4e00\u535a_WYBBar", "symbolSize": 15, "label": {"normal": {"show": true}}, "category": 7}, {"id": 7, "name": "\u738b\u4e00\u535a_9785\u52a8\u529b\u661f\u7403", "symbolSize": 15, "label": {"normal": {"show": true}}, "category": 0}, {"id": 8, "name": "\u00b7\u51c9\u70df\u4e0d\u662f\u70df\u00b7", "symbolSize": 15, "label": {"normal": {"show": true}}, "category": 4}, {"id": 9, "name": "\u72ee\u5b50\u8c79\u535a", "symbolSize": 15, "label": {"normal": {"show": true}}, "category": 7}, {"id": 10, "name": "\u96f6\u4e0b\u4e03\u5ea6085", "symbolSize": 15, "label": {"normal": {"show": true}}, "category": 2}, {"id": 11, "name": "\u738b\u4e00\u535a\u9177\u8c79\u4f1a", "symbolSize": 15, "label": {"normal": {"show": true}}, "category": 2}, {"id": 12, "name": "NTNSLeo_\u5fae\u7b11", "symbolSize": 15, "label": {"normal": {"show": true}}, "category": 1}, {"id": 13, "name": "\u4e91\u7fe1YIBO", "symbolSize": 15, "label": {"normal": {"show": true}}, "category": 8}, {"id": 14, "name": "\u9633\u5149\u4e0b\u7684\u821e\u8005Amy", "symbolSize": 15, "label": {"normal": {"show": true}}, "category": 4}, {"id": 15, "name": "\u53f6\u53f6\u4e0d\u71ac\u591c\u00b7", "symbolSize": 15, "label": {"normal": {"show": true}}, "category": 3}, {"id": 16, "name": "\u738b1\u535a\u4e08\u6bcd\u5a18", "symbolSize": 15, "label": {"normal": {"show": true}}, "category": 5}, {"id": 17, "name": "\u4e0d\u7231\u9999\u83dc\u4f46\u7231\u4f60", "symbolSize": 15, "label": {"normal": {"show": true}}, "category": 8}, {"id": 18, "name": "\u963f\u7444\u7444\u5450_", "symbolSize": 15, "label": {"normal": {"show": true}}, "category": 0}], "links": [{"source": 1, "target": 2, "time": "2023-01-25 14:01:36"}, {"source": 1, "target": 2, "time": "2023-01-25 14:01:36"}, {"source": 1, "target": 2, "time": "2023-01-25 14:01:36"}, {"source": 1, "target": 2, "time": "2023-01-25 14:01:36"}, {"source": 1, "target": 2, "time": "2023-01-25 14:01:36"}, {"source": 3, "target": 1, "time": "2023-01-25 14:02:06"}, {"source": 4, "target": 2, "time": "2023-01-25 14:02:11"}, {"source": 4, "target": 2, "time": "2023-01-25 14:02:11"}, {"source": 4, "target": 2, "time": "2023-01-25 14:02:11"}, {"source": 4, "target": 2, "time": "2023-01-25 14:02:11"}, {"source": 4, "target": 2, "time": "2023-01-25 14:02:11"}, {"source": 5, "target": 3, "time": "2023-01-25 14:02:20"}, {"source": 6, "target": 2, "time": "2023-01-25 14:03:49"}, {"source": 6, "target": 2, "time": "2023-01-25 14:03:49"}, {"source": 6, "target": 2, "time": "2023-01-25 14:03:49"}, {"source": 6, "target": 2, "time": "2023-01-25 14:03:49"}, {"source": 6, "target": 2, "time": "2023-01-25 14:03:49"}, {"source": 7, "target": 2, "time": "2023-01-25 14:05:18"}, {"source": 7, "target": 2, "time": "2023-01-25 14:05:18"}, {"source": 7, "target": 2, "time": "2023-01-25 14:05:18"}, {"source": 7, "target": 2, "time": "2023-01-25 14:05:18"}, {"source": 7, "target": 2, "time": "2023-01-25 14:05:18"}, {"source": 8, "target": 3, "time": "2023-01-25 14:06:22"}, {"source": 9, "target": 2, "time": "2023-01-25 14:08:17"}, {"source": 9, "target": 2, "time": "2023-01-25 14:08:17"}, {"source": 9, "target": 2, "time": "2023-01-25 14:08:17"}, {"source": 9, "target": 2, "time": "2023-01-25 14:08:17"}, {"source": 9, "target": 2, "time": "2023-01-25 14:08:17"}, {"source": 9, "target": 9, "time": "2023-01-25 14:09:04"}, {"source": 10, "target": 2, "time": "2023-01-25 14:09:39"}, {"source": 10, "target": 2, "time": "2023-01-25 14:09:39"}, {"source": 10, "target": 2, "time": "2023-01-25 14:09:39"}, {"source": 10, "target": 2, "time": "2023-01-25 14:09:39"}, {"source": 10, "target": 2, "time": "2023-01-25 14:09:39"}, {"source": 11, "target": 2, "time": "2023-01-25 14:11:17"}, {"source": 11, "target": 2, "time": "2023-01-25 14:11:17"}, {"source": 11, "target": 2, "time": "2023-01-25 14:11:17"}, {"source": 11, "target": 2, "time": "2023-01-25 14:11:17"}, {"source": 11, "target": 2, "time": "2023-01-25 14:11:17"}, {"source": 12, "target": 7, "time": "2023-01-25 14:11:46"}, {"source": 12, "target": 7, "time": "2023-01-25 14:11:46"}, {"source": 12, "target": 7, "time": "2023-01-25 14:11:46"}, {"source": 13, "target": 2, "time": "2023-01-25 14:12:01"}, {"source": 13, "target": 2, "time": "2023-01-25 14:12:01"}, {"source": 13, "target": 2, "time": "2023-01-25 14:12:01"}, {"source": 13, "target": 2, "time": "2023-01-25 14:12:01"}, {"source": 13, "target": 2, "time": "2023-01-25 14:12:01"}, {"source": 14, "target": 7, "time": "2023-01-25 14:12:42"}, {"source": 14, "target": 7, "time": "2023-01-25 14:12:42"}, {"source": 14, "target": 7, "time": "2023-01-25 14:12:42"}, {"source": 9, "target": 7, "time": "2023-01-25 14:17:57"}, {"source": 9, "target": 7, "time": "2023-01-25 14:17:57"}, {"source": 9, "target": 7, "time": "2023-01-25 14:17:57"}, {"source": 15, "target": 2, "time": "2023-01-25 14:26:43"}, {"source": 15, "target": 2, "time": "2023-01-25 14:26:43"}, {"source": 15, "target": 2, "time": "2023-01-25 14:26:43"}, {"source": 15, "target": 2, "time": "2023-01-25 14:26:43"}, {"source": 15, "target": 2, "time": "2023-01-25 14:26:43"}, {"source": 16, "target": 11, "time": "2023-01-25 15:01:41"}, {"source": 16, "target": 11, "time": "2023-01-25 15:01:41"}, {"source": 16, "target": 13, "time": "2023-01-25 15:12:03"}, {"source": 17, "target": 2, "time": "2023-01-25 15:12:27"}, {"source": 17, "target": 2, "time": "2023-01-25 15:12:27"}, {"source": 17, "target": 2, "time": "2023-01-25 15:12:27"}, {"source": 17, "target": 2, "time": "2023-01-25 15:12:27"}, {"source": 17, "target": 2, "time": "2023-01-25 15:12:27"}, {"source": 18, "target": 3, "time": "2023-01-25 16:22:20"}]}