{"nodes": [{"name": "\u8521\u5f90\u5764\u7c89\u4e1d\u56e2\u5b98\u5fae"}, {"name": "\u5764\u56fd\u7b2c\u4e00\u4fdd\u5b89\u5927\u961f\u961f\u957f\u7403"}, {"name": "\u8521\u5f90\u5764"}, {"name": "\u7cd6\u7403\u6ce1\u8521Elaine_K"}, {"name": "\u8521\u5f90\u5764\u00b7KUNMMT"}, {"name": "\u75af\u4e86\u6210\u5996\u7ee7\u7eed\u71e5"}, {"name": "\u8521\u5f90\u5764\u5de5\u4f5c\u5ba4"}, {"name": "\u98ce\u6708\u7686\u68a62011"}, {"name": "kun-officialclub"}, {"name": "August_fok"}, {"name": "\u597d\u6b21\u7684\u8106\u76ae\u7126\u7cd6\u6155\u65af\u732a"}, {"name": "\u8521\u5f90\u5764\u5168\u7403\u7c89\u4e1d\u540e\u63f4\u4f1a"}, {"name": "\u8521\u00b7\u5e74\u7eaa\u8f7b\u8f7b\u00b7\u7edd\u4e0d\u00b7\u8499\u7740\u773c\u00b7\u5f90\u5764"}, {"name": "\u732a\u54aa\u724c\u5bbd\u7c89"}, {"name": "\u8521\u5f90\u576482\u53f7\u55b5\u661f\u7403"}, {"name": "\u58a8\u8a00\u8981\u597d\u8fd0\u66b4\u5bcc"}, {"name": "ikun\u7fe9\u7fe9"}, {"name": "No_Pretending"}], "links": [{"source": "\u8521\u5f90\u5764\u7c89\u4e1d\u56e2\u5b98\u5fae", "target": "\u8521\u5f90\u5764", "value": "276081"}, {"source": "\u8521\u5f90\u576482\u53f7\u55b5\u661f\u7403", "target": "\u8521\u5f90\u5764", "value": "75839"}, {"source": "\u8521\u5f90\u5764\u00b7KUNMMT", "target": "\u8521\u5f90\u5764", "value": "128257"}, {"source": "\u8521\u5f90\u5764\u5de5\u4f5c\u5ba4", "target": "\u8521\u5f90\u5764", "value": "22695"}, {"source": "ikun\u7fe9\u7fe9", "target": "\u8521\u5f90\u5764", "value": "14684"}, {"source": "\u8521\u5f90\u5764\u5168\u7403\u7c89\u4e1d\u540e\u63f4\u4f1a", "target": "\u8521\u5f90\u5764", "value": "111378"}, {"source": "\u597d\u6b21\u7684\u8106\u76ae\u7126\u7cd6\u6155\u65af\u732a", "target": "\u8521\u5f90\u5764", "value": "7771"}, {"source": "kun-officialclub", "target": "\u8521\u5f90\u5764", "value": "15475"}, {"source": "\u8521\u5f90\u576482\u53f7\u55b5\u661f\u7403", "target": "\u8521\u5f90\u5764\u7c89\u4e1d\u56e2\u5b98\u5fae", "value": "253095"}, {"source": "\u98ce\u6708\u7686\u68a62011", "target": "\u8521\u5f90\u5764\u7c89\u4e1d\u56e2\u5b98\u5fae", "value": "5767"}, {"source": "August_fok", "target": "\u8521\u5f90\u5764\u7c89\u4e1d\u56e2\u5b98\u5fae", "value": "5427"}, {"source": "\u58a8\u8a00\u8981\u597d\u8fd0\u66b4\u5bcc", "target": "\u8521\u5f90\u5764\u7c89\u4e1d\u56e2\u5b98\u5fae", "value": "5028"}, {"source": "\u7cd6\u7403\u6ce1\u8521Elaine_K", "target": "\u8521\u5f90\u5764\u7c89\u4e1d\u56e2\u5b98\u5fae", "value": "5017"}, {"source": "No_Pretending", "target": "\u8521\u5f90\u5764\u7c89\u4e1d\u56e2\u5b98\u5fae", "value": "17"}, {"source": "\u98ce\u6708\u7686\u68a62011", "target": "\u8521\u5f90\u576482\u53f7\u55b5\u661f\u7403", "value": "14971"}, {"source": "No_Pretending", "target": "\u8521\u5f90\u576482\u53f7\u55b5\u661f\u7403", "value": "9340"}, {"source": "\u75af\u4e86\u6210\u5996\u7ee7\u7eed\u71e5", "target": "\u8521\u5f90\u576482\u53f7\u55b5\u661f\u7403", "value": "8225"}, {"source": "\u5764\u56fd\u7b2c\u4e00\u4fdd\u5b89\u5927\u961f\u961f\u957f\u7403", "target": "\u8521\u5f90\u5764\u00b7KUNMMT", "value": "10128"}, {"source": "\u8521\u00b7\u5e74\u7eaa\u8f7b\u8f7b\u00b7\u7edd\u4e0d\u00b7\u8499\u7740\u773c\u00b7\u5f90\u5764", "target": "\u8521\u5f90\u5764\u00b7KUNMMT", "value": "6180"}, {"source": "\u732a\u54aa\u724c\u5bbd\u7c89", "target": "\u8521\u5f90\u5764\u00b7KUNMMT", "value": "100"}]}