﻿wid,user_name,user_id,gender,publish_time,text,like_count,comment_count,forward_count,status_city,status_country,status_province
4880352184637031,梨视频,6004281123,m,2023-03-17 18:48:16,【#超市6500元招聘引学生排队投简历#：招聘会口号“湖北省薪水最高的超市”，排队同学理想薪酬四五千】在3月16日湖北大学招聘会现场有一家超市招聘宣传是“湖北省薪水最高的超市”，该企业海报上给出管培生的无责底薪是6500元起。招聘负责人表示，目前已经收到了五十多份简历，主要都是一些工商管理、设计等专业的学生，公司针对管培生尽量会提供最高的待遇水平。一位刚咨询完该企业的求职学生说，看到这家企业展位前人很多就过来咨询了，但是感觉给出的高薪有点虚，担心自己拿不到这么多，自己理想中的薪资在四五千左右。027见闻的微博视频,18186,1103,335,上海,中国,上海
4880546653538916,拆家大师娇姐,2171301395,f,2023-03-18 07:41:01,"#超市6500元招聘引学生排队投简历##月薪三千的生活是怎样的#
这两个话题看的人心里难受😣，活着真难。

如果是在北京的话，一个月几千块钱也就刚够生存，谈不上任何生活。
如果是经济环境差的地方，比如我老家东北县城，大多数人一个月也就挣几千块钱，好在物价相对低，还能有点正常生活，但也不会太好，毕竟很多生活用品全国价格差不多。

最近到处看到吃播主播去东北早市，感叹东北早市吃的便宜，这只是硬币的一面，硬币的另一面是当地工资低。
一线城市收入的人过去消费当然觉得便宜，当地人未必有那么大感触。
光看消费，不看收入，不科学。",255,34,12,北京,中国,北京
4880573992014620,新闻晨报,1314608344,m,2023-03-18 09:29:39,"【超市6500元招聘大学生，你会去吗？】在2023考研中，居家备考、异地借考是常态，甚至有人“发着烧”走进考场，给潜心苦读的自己一个交代。有人说，考研很可能是一生中最后一段心无旁骛、全力以赴的经历。无论成绩如何，扛住来自四面八方的压力，只要走进考场，便可以说已经勇敢地战胜了自己。

考研上岸并不是人生的唯一答案。一份研究生学历确实可以对求职工作和认知水平起到加持作用，但学历并不是人生的“速通卡”。考研也不是获得未来敲门砖的唯一选择，一份有含金量的实习经历、一段社会实践活动，同样可以为求职创业助一臂之力。

相比于考研，上生活的岸才是目的。每个人的“岸”都各不相同，要想找到生活的岸，关键是要认识自己，将自身的优势特点和社会发展相匹配。

3月16日湖北大学招聘会现场有一家超市招聘宣传是“湖北省薪水最高的超市”，该企业海报上给出管培生的无责底薪是6500元起。招聘负责人表示，目前已经收到了五十多份简历，主要都是一些工商管理、设计等专业的学生，公司针对管培生尽量会提供最高的待遇水平。#超市6500元招聘引学生排队投简历#，你会去吗？ 网页链接",5162,20,3,上海,中国,上海
4880560013705229,上海成雨,1737772131,m,2023-03-18 08:34:05,#超市6500元招聘引学生排队投简历# 入门即高薪是好事，但有志青年要为自己做一个生涯规划，其第一步是工作三年达到当地最高工资。人生就是奋斗，我退休了还在努力，图安逸就不安逸。,37,1,0,上海,中国,上海
4880604251033068,汤圆经济学,1979899604,f,2023-03-18 11:29:53,#超市6500元招聘引学生排队投简历#有个朋友家孩子，伦敦大学建筑学研究生毕业，在英国没有合适的工作，刚在国内找到一家公司，4900元一个月。,277,46,3,南京,中国,江苏
4880560210053970,莲莲做什么都是对的,5564224391,f,2023-03-18 08:34:53,#超市6500元招聘引学生排队投简历#其实就是个工资问题，要是给我2万一个月做清洁工，我跑的太快了职责分什么贵贱，只要赚钱就行,98,1,2,上海,中国,上海
4880556632573812,石昆牧,1286517275,m,2023-03-18 08:20:40,#超市6500元招聘引学生排队投简历# 不管任何專長 能放低姿態從服務業開始 也了解人間煙火 這是好事 很多人一輩子都不了解柴米油鹽 也不知道該如何與人應對進退 更何況待遇似乎還不錯 石昆牧的微博视频,19,1,0,高雄市,中国,台湾
4880563578077624,植物人史军,1410812623,m,2023-03-18 08:48:16,"#超市6500元招聘引学生排队投简历#
话说，我也给中学投过简历，人家都没给我面试机会
很多时候，需要找到的是一个契合点，而且在不同的时间点，大家的基本诉求都是不一样的。所以，在别人看来不合理的选择，才是自己真正的好选择。
骑驴找马是一个比较靠谱的做法。
况且对一个刚入职的新人开说，这个是个还不错的学习机会。",96,23,4,广州,中国,广东
4880552190544134,学霸课长,2789987841,m,2023-03-18 08:03:01,"#大学时期的实习很重要吗##超市6500元招聘引学生排队投简历#
就业问题一直是摆在高校毕业生面前的头等大事，我们应该用理性的态度看待。

对于大学生来说，应该认清当下的就业环境。事实上，就业难并不全部是因为机会少，而是因为机会和自身实力不匹配，也就是企业岗位和求职者素质模型的匹配度。
或者是我们在撰写求职简历的时候，并没有做到针对岗位本身去进行展示个人的优势，这样就让用人单位在看简历的时候找不到契合点，而丢失了面试机会，也有的同学在投简历的时候，采用的是广撒网的形式，有一种“反正我投了那么多，就等着看谁上钩”的心理，这样的方式更不利于我们的简历能被推荐。

现在大多数的招聘平台都是基于个人画像和大数据推送给用人单位，如果我们采取广撒网的形式就得不到推荐的机会，那么获得面试的机会就会减少。

我们在做出职场选择时，我们需要冷静地思考，不要被短期的利益所迷惑，选择自己热爱的事业，是最重要的一步。因为工作是我们迈向人生的起点，并不是我们读书的终点。",135,52,40,北京,中国,北京
4880548970104331,蒋亦凡,2834968711,m,2023-03-18 07:50:13,#超市6500元招聘引学生排队投简历# 大学刚毕业找工资，薪酬固然重要，但第一份工作能学到什么，能积累什么经验也很重要。 刚毕业找了一份薪酬高了一些，但发展空间不大的工作，长远来看未必是最好的选择。 上海,74,8,5,上海,中国,上海
4880553859615364,快乐的60后小胖子,3241361350,m,2023-03-18 08:09:39,#超市6500元招聘引学生排队投简历# 就业难，压力大看出来了吧，6500要是准的话，也是不错的选择。 社会需要给大学生尽可能多的选择。,20,10,0,长春,中国,吉林
4880482841395688,秀骨书生,1241533135,m,2023-03-18 03:27:27,"#超市6500元招聘引学生排队投简历#
放低姿态挺好的，要知道，孔乙己是饿死的。",2286,108,13,长春,中国,吉林
4880620133550364,有事问彭叔,7096055033,m,2023-03-18 12:33:00,"#超市6500元招聘引学生排队投简历#
网上大学生和现实里面的大学生，还是不一样的。
在网上感觉大学生都是要月薪过万的，但实际上，大部分大学生对自己的工资预期，心里面还是有数的。
就像这个超市，开一个6500的无责任底薪工资，人家湖北大学的大学生，心里面都觉得有些太高了，他自己觉得自己一个月只能有4000、5000的工资，这家超市给6500，都让他觉得有点不真实了
还是那句话。
别说什么大学生不愿意去贴瓷砖、卖炸油条等等的，如果说真的什么人都能贴瓷砖，炸油条，一年轻松挣20万，30万的，早就打破头去做了。",15,6,2,西安,中国,陕西
4880638904113007,富在买房,1507338420,m,2023-03-18 13:47:35,"#超市6500元招聘引学生排队投简历#

可见今年的就业不是一般的拥挤啊！！",1,0,0,济南,中国,山东
4880633698979608,叽里咕噜咕噜咕声,7430703031,f,2023-03-18 13:26:54,#超市6500元招聘引学生排队投简历#别说工资能给到多少，如果有企业能严格按照劳动法并落到实处，那我现在立马辞职去！,2,0,0,广州,中国,广东
4880629726711838,羡羡三岁嘞,6617208028,f,2023-03-18 13:11:07,#超市6500元招聘引学生排队投简历#只要能赚钱，工资还高，是正当工作那管它是什么，工作还分高低贵贱吗，经历过现实生活的人才知道自命清高没有用，💰才是最实在的,0,0,0,,中国,福建
4880628083067301,靖待归期,6328546740,f,2023-03-18 13:04:35,#超市6500元招聘引学生排队投简历#超市也有规模大小的，如果是集团化管理招管培生不很正常？,0,0,0,广州,中国,广东
4880620960877632,滔滔学弟,7540129873,m,2023-03-18 12:36:17,"校园#超市6500元招聘引学生排队投简历#
很多大学毕业生都很难找工作，这种现象太常见了。#微博原创者计划##微博教师有曰#
讲个同学的事例：大四女生罗某，成绩不错，考取了高中化学教师资格证，考研失败去找工作。
在自己家那边没找到合适的，打算去学校附近的实验中学投递简历。先面试，再笔试。她选的岗位是初中化学老师。
面试后，她和我说，面试的人非常多，其中还有很多学校的同学。此外还有很多在职的老师过来应聘。其中，一起来面试的有其他公办学校有编制的老师过来的，还有一个年薪20w，在长沙有编制的学校来的，这个人说他觉得之前的学校太安逸了，没啥教学压力。
对比之下，应届毕业生除了年纪以外，几乎毫无优势可言。
所以啊，大学生们要主动未雨绸缪了！",21,111,0,,中国,湖南
4880608637749587,瀚海未蓝,6618149665,m,2023-03-18 11:47:19,#超市6500元招聘引学生排队投简历#6500确实不少了，在哪我也要报名,2,0,0,哈尔滨,中国,黑龙江
4880560013705229,上海成雨,1737772131,m,2023-03-18 08:34:05,#超市6500元招聘引学生排队投简历# 入门即高薪是好事，但有志青年要为自己做一个生涯规划，其第一步是工作三年达到当地最高工资。人生就是奋斗，我退休了还在努力，图安逸就不安逸。,37,1,0,上海,中国,上海
4880605060011662,顾辞远在机场等一艘船,1980673322,m,2023-03-18 11:33:06,#超市6500元招聘引学生排队投简历#终究是资本家发了善心,0,0,0,佛山,中国,广东
4880604251033068,汤圆经济学,1979899604,f,2023-03-18 11:29:53,#超市6500元招聘引学生排队投简历#有个朋友家孩子，伦敦大学建筑学研究生毕业，在英国没有合适的工作，刚在国内找到一家公司，4900元一个月。,277,46,3,南京,中国,江苏
4880558208845752,路飞科技说,1162629521,m,2023-03-18 08:26:56,#超市6500元招聘引学生排队投简历#所以求职者尤其是刚毕业的大学生们，千万不要被网上动辄月入数万的“平均月薪”所迷惑，还是要回归现实。月入6500已经是很多一线城市的平均月薪了，这么多学生排队去应聘也说明确实不低了。 #月薪三千的生活是怎样的#,233,166,1,天津,中国,天津
4880576274761927,资本是最讲究利益的,5723718466,f,2023-03-18 09:38:43,"#超市6500元招聘引学生排队投简历#
你丐帮弟子几千万，一天不解散，叫朕怎么安心？
丐帮有多少弟子不是由我决定，而是由你决定的。如果你真的英明神武，使得国泰民安，鬼才愿意当乞丐呢～
——《武状元苏乞儿》",32,0,2,乌鲁木齐,中国,新疆
4880599359684823,止戈军是我,6620287477,m,2023-03-18 11:10:26,#超市6500元招聘引学生排队投简历#凸显了现在大学生的就业囧境！不是说去超市这样的企业不好，只是这样的岗位竟然排起了长队。让我这个90年代的大学生凭空生出很多感慨！,2,0,0,宁波,中国,浙江
4880595873696770,AnthonyWz,3874116349,m,2023-03-18 10:56:36,#超市6500元招聘引学生排队投简历#舆论就是要把“就业难”的原因最后甩锅到学生“眼高手低”上玩的好,6,0,0,北京,中国,北京
4880595559390794,温柔的夜11,1514696174,m,2023-03-18 10:55:21,#超市6500元招聘引学生排队投简历#超市月薪有6500元算很高了。,9,3,0,南昌,中国,江西
4880546856175065,影梦a流星,7669110077,f,2023-03-18 07:41:49,"#超市6500元招聘引学生排队投简历#
6500比大部分人工资高了，再说了，无论好坏，先养活自己再说",24,11,2,绍兴,中国,浙江
4880595227774691,玩手机的阳Oba,6437397576,m,2023-03-18 10:54:02,"#超市6500元招聘引学生排队投简历#
工作室一个测机小弟还特么八九千呢！",2,0,0,上海,中国,上海
4880595203917104,丹东草莓个大超甜,7228741002,f,2023-03-18 10:53:56,"#超市6500元招聘引学生排队投简历#
说实话，这工资比某些公司里的工资都高，难怪他们都投简历",5,0,0,常德,中国,湖南
4880593912073842,繁花若叶待春絮,5391060969,m,2023-03-18 10:48:48,#超市6500元招聘引学生排队投简历#看看一个岗位的竞争激烈，再看看一些砖家只提延迟退休，却没有对这延迟做好任何的安排建议，让那些35岁后的职场人员何去何从。,4,1,0,湛江,中国,广东
4880593147664499,D星仪C,5893559415,f,2023-03-18 10:45:46,"#超市6500元招聘引学生排队投简历# 想起之前看过的一个视频，车间流水线上大学生说他精神很安宁很满足。现在Z时代的青年，至少是在温饱甚至无忧无虑的环境下长大，他们不像70 80后需要承担那么大压力。大部分管好自己就行了。所以，很多年轻人宁愿选择薪水少但轻松的工作。
工作没有贵贱之分，也不是以薪水来定义价值。#大学生找工作#",3,1,0,南昌,中国,江西
4880592708308484,凌潇凤,3438656334,m,2023-03-18 10:44:01,"#超市6500元招聘引学生排队投简历#
神评： 职业不分贵贱 价高者得之",4,1,0,绵阳,中国,四川
4880591733919008,做一个温柔女汉子,5604016198,f,2023-03-18 10:40:09,#超市6500元招聘引学生排队投简历# 职业不分贵贱 工资再高点研究生都会投简历的,3,0,0,石家庄,中国,河北
4880591332312809,气球刺刺hyprrfx,3120876890,m,2023-03-18 10:38:33,#超市6500元招聘引学生排队投简历#真是年代不一样了，不过毕业生工资越高我越开心反正都是资本家出钱反观好些年前毕业的放现在价值不高了工资也没有涨很多，年纪越高也越不会涨了既没年轻人年轻也没能力强的人带来的效益好，处于最看不上眼工资最低的人最底层被抛弃的人被抛弃自然就躺平不生孩子随便活，未来就靠年轻和有本事的人了农民工人家工资高是为什么人家靠强大劳动力挣得，体力不行还干不了呢，别小看农民工像小身板的人放上去还好不了呢,1,0,0,洛阳,中国,河南
4880589817646182,LiA奥,7768381931,f,2023-03-18 10:32:32,#超市6500元招聘引学生排队投简历#这超市6500一月工资不低了，要不是离的远，我也想去投分简历……,54,22,0,郑州,中国,河南
4880588743640489,记录奋斗的历程,7514629952,m,2023-03-18 10:28:16,#超市6500元招聘引学生排队投简历#招聘会口号“湖北省薪水最高的超市”一一这个口号违不违反广告相关法规？纯探讨,1,0,0,佛山,中国,广东
4880588580589247,奥利奥有八分甜,1815280254,f,2023-03-18 10:27:37,"#超市6500元招聘引学生排队投简历#
这有啥。你看看年纪轻轻就去当保安的，比我们少走了四十年弯路，存款比我们多一半",7,0,0,重庆,中国,重庆
4880588403905588,好的_可以的_,5087949194,f,2023-03-18 10:26:55,"#超市6500元招聘引学生排队投简历#
■ 其一，岗位是“管培生”。
超市也是很专业的行业，也是需要“管理人员”的。
不必一看到超市，就觉得是比较low的工作。

■ 其二，依据rs的文本，年轻的学生们，基于目前的市场，敢于期待与认知的收入仅为4-5k。

不知如何评述。（众所周知，4-5k或许连比较一般的生活，亦难以支撑吧）

到底是孔乙己的原因，还是长衫的原因，还是产业无须那么多“大学生”的原因，还是其他原因呢？",7,2,0,厦门,中国,福建
4880587891937710,卿卿我的宝宝10,3222943534,f,2023-03-18 10:24:53,#超市6500元招聘引学生排队投简历# 我也想 加我一个 劳动吃饭最光荣,0,0,0,上海,中国,上海
4880587870962289,徐福记炸梨酥,5663431515,f,2023-03-18 10:24:48,"#超市6500元招聘引学生排队投简历#悦活里吧
昨天收到的面试邀请
🍠搜一下面试经验
心凉",0,13,0,武汉,中国,湖北
4880553859615364,快乐的60后小胖子,3241361350,m,2023-03-18 08:09:39,"#超市6500元招聘引学生排队投简历#
就业难，压力大看出来了吧，6500要是准的话，也是不错的选择。
社会需要给大学生尽可能多的选择。",20,10,0,长春,中国,吉林
4880586932752233,2024预备役士兵,5665172120,m,2023-03-18 10:21:04,#超市6500元招聘引学生排队投简历#怎么感觉有点虚呢，超市员工的工资没有这么高吧,0,0,0,张家口,中国,河北
4880586918858077,Nili小岳啊-,1750308352,f,2023-03-18 10:21:01,"#超市6500元招聘引学生排队投简历#

真能拿到手上有这个工资待遇不错了……",0,0,0,成都,中国,四川
4880574319952532,宇宙居民监督总局,5779310319,m,2023-03-18 09:30:57,#超市6500元招聘引学生排队投简历#前有讽刺大学生没脱下孔乙己长衫，今有报道大学生排队进超市应聘，要是你们媒体别总盯着大学生就业做啥啊，恐怕没那么多孔乙己。大学生招谁惹谁了呢,41,0,1,湛江,中国,广东
4880586550022637,飞鱼Tech,6355649753,m,2023-03-18 10:19:33,"#超市6500元招聘引学生排队投简历#不难理解，有的大学生不愿意放低姿态，但更多的还是想赚钱。月薪6500对于刚毕业大学生真的挺不错了。

而且超市的工作不只是在超市里理货，还有宣传、美工海报、管理、采购、物流等多种岗位，很适合大学生施展",24,21,20,青岛,中国,山东
4880586190360907,气球刺刺hyprrfx,3120876890,m,2023-03-18 10:18:07,#超市6500元招聘引学生排队投简历#快饿死了还不去工作也算有志气别看那些天天喊着月薪不过万的工资都算什么，可能人家家里有钱一辈子不工作也不缺钱，或者本身其实年薪百万咯了，站着说话不腰疼最讨厌这样的人，有的可以吗穷的都揭不开锅不工作,0,0,0,洛阳,中国,河南
4880586181708549,在莱茵河畔失眠,2929309574,f,2023-03-18 10:18:05,"#超市6500元招聘引学生排队投简历#
反正会计刚毕业就只有3000-4000…还不如直接当保安",0,1,0,,中国,江苏
4880586030454075,Emma周小姐,2486729567,f,2023-03-18 10:17:29,"#超市6500元招聘引学生排队投简历#

今天还在跟我家阿姨聊这个话题。

阿姨在我家帮忙带宝宝，我们给她办了美国工作签，工资1万5加补贴。

她儿子今年大学毕业，正在为工作发愁，说基本只能找到几千块的工作，属于典型的高不成低不就。基于她做育婴师的收入，她有点难以置信这个起薪。

我跟她说这非常正常，而且现在有了AI的冲击，找工作会更难。以后比较安全且很难被人工智能替代的反而是你们这类工作。保姆，家政，育婴等等。早几年很多年轻人看不上这类岗位，但现在越来越多年轻人开始接受真的工作。家政行业和育婴行业肯定也会越来越正规化。

医疗保健，线下美业，服务行业应该不会受到冲击，只会因为AI的介入让体验更好，更卷。

像维修工，建筑工人等这类蓝领技术人员反而会变得异常稀缺。",0,1,0,,美国,美国
4880585824931570,四川反邪教,5909167185,m,2023-03-18 10:16:40,#超市6500元招聘引学生排队投简历#【年轻人，别让任何人打乱你的人生节奏】20多岁大学毕业后马上找工作，然后买房、结婚、生小孩儿，十年之后就会安定下来，人生从此定型。仿佛所有人都该按这样的时间表度过一生。但其实每个人都有自己的人生节奏，不必按照别人的剧本度过一生。处在迷茫期的年轻人值得一看！ TED君学演讲的秒拍视频,0,0,0,成都,中国,四川
4880585635662913,玺欢下雨的大头,3131163385,f,2023-03-18 10:15:55,"#超市6500元招聘引学生排队投简历#
上周W去面试，底薪5K就有几十个人来面试，即使竞争大，也会来试一试",0,0,0,广州,中国,广东
4880585534739528,十五律师,6450998821,f,2023-03-18 10:15:31,"#超市6500元招聘引学生排队投简历#
现在的年轻人确实工资太低，当然，主要是市场需求跟薪资水平不同
一个普通的文员岗位三四千
一二线城市的毕业生工资想对高一些，但竞争也很大，当然，性价比也不是很高，都要伴随加班
前几天一个客户跟我说他们操作工一个月八千到一万，招不到人，都是四十岁左右的，年轻人不愿意做这个。
年轻人也不要眼高手低，思路也要活泛一些，也要考虑是不是换一个赛道。#年轻人真实薪资水平到底如何#",1,0,0,杭州,中国,浙江
4880585452162139,肥龙有鸡汤,2495621874,m,2023-03-18 10:15:11,【#超市6500元招聘引学生排队投简历# 这就是当下的应聘形式】原来工作是为了面子，现在的工作是为了活着。就算大公司开4000，也不如超市开6500,5,0,0,,中国,山东
4880584327038235,快乐小狗辣辣_黑化版,5621718188,f,2023-03-18 10:10:42,"#超市6500元招聘引学生排队投简历#
我也去 比我赚得多",0,0,0,济南,中国,山东
4880555327359070,拆台本尊,6631101126,f,2023-03-18 08:15:29,"#超市6500元招聘引学生排队投简历#

不懂就问，超市管培生是个什么职位？

我看过来报道里说，投简历的学生都有点心虚，觉得自己拿不了这么高的薪水，理想薪酬是四五千。",16,8,2,北京,中国,北京
4880582390058338,小鹿宇航员,7809905886,m,2023-03-18 10:03:01,#超市6500元招聘引学生排队投简历#划重点，工商管理和设计,0,1,1,淄博,中国,山东
4880581706384411,邵阳公安,5705839574,m,2023-03-18 10:00:18,【收藏必备技巧！优质简历都注重的9个细节】春季招聘进行时，一组简历优化小建议：①不要“一张简历走天下”，人岗匹配很重要。②字数不是越多越好，重点内容宜前置。③设计不要太花哨，简洁明了最有效。更多简历优化小妙招↓↓愿你早日收获心仪的offer！#超市6500元招聘引学生排队投简历#,1,0,1,邵阳,中国,湖南
4880581463377033,沉默是无语,2400850937,f,2023-03-18 09:59:20,#超市6500元招聘引学生排队投简历#我们这也来家吧，我去投简历,0,0,0,重庆,中国,重庆
