﻿wid,user_name,user_id,gender,publish_time,text,like_count,comment_count,forward_count,status_city,status_country,status_province
4894509353406358,搜狐娱乐,1843633441,m,2023-04-25 20:23:48,#谢娜再回应助理打手机事件# 今日谢娜现身机场，再次回应前段时间助理引发的风波。她表示正常距离拍摄是可以的，但如果拍摄者奔跑影响到其他旅客，那他们一定会去制止的，“不是在外面不让拍”。 搜狐娱乐的微博视频,35835,1816,183,北京,中国,北京
4894693270487265,追剧综的李二狗,2151481347,m,2023-04-26 08:34:36,"#谢娜再回应助理打手机事件#
我去，第一次见这么回应的。
话里话外都在为助理开脱，太下头了。
当时助理凶神恶煞的拍打别人，但凡拍摄者是个有脾气的，立刻一脚就踹回去了。肢体冲突一下子就起来了。
再说了，明明当时拍摄的离谢娜他们很远，连站在他们正前方的人都没回头看谢娜一行人。没把他们当回事！
当时拍摄者到底给现场造成了什么影响呢？
到现在也没认识到助理的错误，高贵什么啊！",13196,571,52,北京,中国,北京
4894707332682774,新浪娱乐,1642591402,f,2023-04-26 09:30:30,#谢娜再回应助理打手机事件##谢娜 不是说在外面不让拍# 25日，@谢娜 现身机场，再次回应前段时间助理打手机引发的争议，她表示正常距离拍摄是可以的，但如果拍摄者奔跑影响到其他旅客，那他们肯定会去制止的，“不是说在外面不让拍”。视频中，谢娜看到有拍摄者没看路差点摔倒，还上前扶了一把。,2396,273,7,北京,中国,北京
4894687493884982,拆台CT,6059492811,m,2023-04-26 08:11:40,"#谢娜再回应助理打手机事件#

这个事情没必要再解释了。

谢娜说，正常距离拍摄是可以的，影响到其他旅客一定会制止。

谢娜工作者此前回应称，系专业跟拍围挡拍摄，干扰到公共秩序，这才产生了摩擦。

但根据媒体披露的现场视频，现场压根就没几个人。

好好道个歉这事儿就完了其实，不要再给自己找借口了。",1362,89,8,北京,中国,北京
4894695631356322,八教父,2042384407,f,2023-04-26 08:43:59,#谢娜再回应助理打手机事件#第一次回应甩锅给代拍，第二次回应责怪粉丝盲目跟拍，总而言之一句话：错在粉丝不在助理！这个时候难道不是应该站在粉丝这边吗？凶神恶煞怒打手机的是助理啊，怎么搞的像助理是个受害者？？,764,79,1,松原,中国,吉林
4894690274709255,机海风云,2435407712,m,2023-04-26 08:22:43,#谢娜再回应助理打手机事件#回应个卵呢，理亏就理亏，安静装死让风波平息不好？非要强调助理没错拍摄者被打活该就非常可笑了，你又不是素人，就是露脸赚钱的戏子，装什么生人勿扰粉丝勿近？曝光的视频看，拍摄者也是至少离了几人远的距离，乍滴，高铁空间都是你家私人基地？而且你们一行赶高铁没受任何影响，原本快速走过啥都不会发生，偏偏那个小矮子助理爱加戏，跑过来就差原地起跳打人手机，跟主动袭击无异，你有啥好洗？,2098,154,13,南京,中国,江苏
4894686525522029,陈霖Sammy,5686465105,m,2023-04-26 08:07:48,#谢娜再回应助理打手机事件#这回应不给票，看了视频，那里很宽敞，其他旅客大多都是坐在后面的椅子上居多，他们走路经过那会儿，周围没多少旅客。。。感觉镜头也不是奔跑时的运动镜头，就是跟着谢娜他们走路时边走边拍的样子。。,88,7,0,深圳,中国,广东
4894714152618196,饭圈小表妹,2756869861,f,2023-04-26 09:57:36,#谢娜再回应助理打手机事件#张杰谢娜之前一起走机场的时候旁边也有不少粉丝在拍，两人也是慢慢走着大家互不影响，这样子就挺好的嘛！ 饭圈小表妹的微博视频,305,56,259,太原,中国,山西
4894738992074890,浅唱之依恋白白,2438011892,m,2023-04-26 11:36:18,#谢娜再回应助理打手机事件#来势汹汹 霸气 就从过来打你手机了。,0,0,0,宁波,中国,浙江
4894738991812723,凡言佳樂,5236241974,f,2023-04-26 11:36:18,"#谢娜再回应助理打手机事件#
没人责怪你们制止 也没不让你制止
责怪的是你助理那种不专业且下头的制止行为
公众场合为了维护整体秩序制止拍照的多了去了
有哪一个是像这位助理这样制止的
助理的行为可不就是上赶着让人抓住机会骂你
你好像到现在纠结的是《制止》这个事情
但实际上影响秩序了你该制止就制止 没人不让
而我们生气的是助理的《制止行为》这个事
请问是没有更好的方法去阻止这件事情吗",0,0,0,庆阳,中国,甘肃
4894738941743057,大咖朝这看,6041830302,f,2023-04-26 11:36:06,#谢娜再回应助理打手机事件# 杰哥在面对娜娜的时候真的超man！直言自己喜欢娜娜，还帮娜娜喝豆汁，说“很高兴和你做朋友”的时候！那个暧昧上头的劲啊！磕疯了 大咖朝这看的微博视频,0,0,0,天津,中国,天津
4894738932826592,ray_815,1273677481,m,2023-04-26 11:36:03,#谢娜再回应助理打手机事件#这样的所谓的明星你们还追个毛线,0,0,0,深圳,中国,广东
4894738857591599,圈里百晓生,2834071870,m,2023-04-26 11:35:46,#谢娜再回应助理打手机事件#回应不是，不回应也不是，可真难伺候，喜欢就喜欢，不喜欢也请善良一些～～ 圈里百晓生的微博视频,0,0,0,长春,中国,吉林
4894738848681285,一个观众朋友hhh,5071512609,m,2023-04-26 11:35:44,#谢娜再回应助理打手机事件#谢娜啊 那没事了 开骂 真的 有些人 别太恨她,0,0,0,重庆,中国,重庆
4894738819322557,蓝夜光很美,1649926260,f,2023-04-26 11:35:37,#谢娜再回应助理打手机事件#不知道从那年开始的，文艺界悄悄的褪去越来越少有官媒提到，娱乐圈成为主流。天价的演出费是哪个物价局领导通过的。一提以前的好就有人抬出来大清朝，确实，清朝真没有流量,0,0,0,沈阳,中国,辽宁
4894738774234157,Loveeverything_,6380901775,m,2023-04-26 11:35:26,#谢娜再回应助理打手机事件#这是和粉丝聊天哪里是回应了？yxh逮着谢娜薅是不是没钱了就来蹭谢娜流量啊 都知道很多人讨厌她 有些人好赖话全说了是看不到路人说话是吗？,1,0,0,益阳,中国,湖南
4894738723113346,阿萧的小蝴蝶飞,5772639971,f,2023-04-26 11:35:14,#林俊杰孤独娱乐新歌首唱##谢娜再回应助理打手机事件#有些人嘴是真恶毒啊！在高铁站机场拍照真的对吗？很容易撞到人好吗？人家让拍也不行，不让拍也不行，真是有病,0,0,0,武汉,中国,湖北
4894738715250209,萍萍Oni,5197651193,f,2023-04-26 11:35:12,#谢娜再回应助理打手机事件# 事出有因 不过打人手机总归不对滴,0,0,0,上海,中国,上海
4894738715250209,萍萍Oni,5197651193,f,2023-04-26 11:35:12,#谢娜再回应助理打手机事件# 事出有因 不过打人手机总归不对滴,0,0,0,上海,中国,上海
4894738686412914,君子正仁,6495106536,m,2023-04-26 11:35:05,#谢娜再回应助理打手机事件#我只能说这个回应其实没啥大用愿意花时间去了解真相的自然不会乱说但是有些人是不愿意了解只管骂了再说他们呢今天骂的是这个明天骂的就是另一个大家愿意去了解真相也就不会出现那么多死于网暴的了,0,0,0,乐山,中国,四川
4894738597024706,视频主,5892806894,f,2023-04-26 11:34:44,#谢娜再回应助理打手机事件# 一个公众人物不至于蠢到在外面故意给自己抹黑，感觉是被骚扰的太严重了 视频主的微博视频,0,0,1,秦皇岛,中国,河北
4894738588631525,看不懂的天书无敌,6436007772,m,2023-04-26 11:34:42,"手指教育谁呢？#谢娜再回应助理打手机事件#
我去，第一次见这么回应的。话里话外都在为助理开脱，太下头了。当时助理凶神恶煞的拍打别人，但凡拍摄者是个有脾气的，立刻一脚就踹回去了。肢体冲突一下子就起来了。再说了，明明当时拍摄的离谢娜他们很远，连站在他们正前方的人都没回头看谢娜一行人。没把他们当回事！当时拍摄者到底给现场造成了什么影响呢？到现在也没认识到助理的错误，高贵什么啊！#你能接受友情发展为爱情吗# 我虽然复制的但无敌觉得有道理并不是通稿谢谢",0,0,0,天津,中国,天津
4894738581294746,娱乐圈小白鸽,5940314307,m,2023-04-26 11:34:40,#谢娜再回应助理打手机事件#谢娜都出道那么多年了，也一直都被拍，都是很配合 ，会开玩笑，让粉丝注意安全，很随和的一个人，助理确实有错，态度不好，代拍的也有错啊，也不能一直骂谢娜吧,0,0,0,北京,中国,北京
4894738563467083,大军哥0314,2625395645,m,2023-04-26 11:34:36,#谢娜再回应助理打手机事件#不太理解那些追星族，有什么好拍的。有这时间还不如去晒晒阳光，看看大自然……,0,0,0,北京,中国,北京
4894738475912927,我的娜娜是天使,5145457002,f,2023-04-26 11:34:15,#谢娜再回应助理打手机事件# 看了rs的营销号全是用视频看到也没什么人来引导，把过错全部引导艺人那一方。首先仅凭4秒视频怎么确认现场人不多？说上海高铁站人流量不多的你们是认真的吗？还有说距离远的，没看到镜头已经越来越靠近zj了吗？zj也在阻止另一边的代拍靠近拍照啊，代拍却跑到另一边继续拍。从其他视频看出代拍也跟拍了一路，根本不是只拍了4秒。最后央视也曾报道过代拍产业乱像！助理不对，但帮代拍洗的也大可不必,1,0,0,佛山,中国,广东
4894738412471047,不懂_就要_问,1782287527,f,2023-04-26 11:34:00,#谢娜再回应助理打手机事件#花点钱找个好的公关团队吧，抠门找自己的亲戚只会帮倒忙,0,0,0,徐州,中国,江苏
4894738371051580,星冰乐kiki,1573919467,m,2023-04-26 11:33:49,#综艺# 张杰谢娜的爱情故事（第三集）……不得不说，张杰就是一个宠妻狂魔#谢娜再回应助理打手机事件# 星冰乐kiki的微博视频,1,0,0,郑州,中国,河南
4894509353406358,搜狐娱乐,1843633441,m,2023-04-25 20:23:48,#谢娜再回应助理打手机事件# 今日谢娜现身机场，再次回应前段时间助理引发的风波。她表示正常距离拍摄是可以的，但如果拍摄者奔跑影响到其他旅客，那他们一定会去制止的，“不是在外面不让拍”。 搜狐娱乐的微博视频,35835,1816,183,北京,中国,北京
4894707332682774,新浪娱乐,1642591402,f,2023-04-26 09:30:30,#谢娜再回应助理打手机事件##谢娜 不是说在外面不让拍# 25日，@谢娜 现身机场，再次回应前段时间助理打手机引发的争议，她表示正常距离拍摄是可以的，但如果拍摄者奔跑影响到其他旅客，那他们肯定会去制止的，“不是说在外面不让拍”。视频中，谢娜看到有拍摄者没看路差点摔倒，还上前扶了一把。,2396,273,7,北京,中国,北京
4894737964469474,红名村庄,2558795011,m,2023-04-26 11:32:13,好了好了，错的不是谢娜，也不是助理，错的是拍照的人，行了吧。 #谢娜再回应助理打手机事件#,2,1,0,孝感,中国,湖北
4894737910203032,米饭_再来十碗,7637320432,f,2023-04-26 11:32:00,#谢娜再回应助理打手机事件#代拍就是有错啊为什么要去骂谢娜代拍眼里只有拍照会顾上秩序嘛？,1,0,0,湛江,中国,广东
4894737851221770,是茜qian丫,7495052449,f,2023-04-26 11:31:46,#谢娜再回应助理打手机事件#助理态度确实有一点问题吧，但是代拍和ss真的很yue 况且助理是出于他职责保护明星吧,1,0,0,,中国,江苏
4894737780442755,Wuli小祖宗哟,3085776144,f,2023-04-26 11:31:29,#谢娜再回应助理打手机事件# 艺人就是这样，没人拍的时候花钱买人来拍，有人拍的时候就嫌弃了！ 又不是一个明星有助理，咋其他人的助理没有这么蛮横凶狠呢？ 助理都能这么蛮横，可见艺人……,0,0,0,湛江,中国,广东
4894737754753578,石家庄吃瓜群众,2674818155,m,2023-04-26 11:31:23,#谢娜再回应助理打手机事件#从安全角度考虑，制止是对的。但是从手段和方式考虑，还是欠妥。总之，公众人物的形象很重要，手下工作人员的一行一动就代表着公众人物本人。需要严格规范。,0,0,0,石家庄,中国,河北
4894737687383388,迟迟不现li,3908148434,f,2023-04-26 11:31:07,#谢娜再回应助理打手机事件#这回应真不如好好道个歉,0,0,0,北京,中国,北京
4894737604282564,大咖朝这看,6041830302,f,2023-04-26 11:30:47,#谢娜再回应助理打手机事件# 谢娜再回应助理打手机事件，表示正常距离拍摄没有问题 大咖朝这看的微博视频,1,0,0,天津,中国,天津
4894737599039819,期货花娇,1822163270,f,2023-04-26 11:30:46,#谢娜再回应助理打手机事件#这张杰也是有实力唱功的，最近怎么一直搞这些灰色新闻上热搜索呢？上欠是房产买卖，这次是助理打手机？,3,1,0,南京,中国,江苏
4894737498114702,你的小七1,5422106711,f,2023-04-26 11:30:22,#谢娜再回应助理打手机事件# 你的小七1的微博视频,0,0,0,东莞,中国,广东
4894737481602238,地心通往虫洞,1699026687,m,2023-04-26 11:30:18,#谢娜再回应助理打手机事件#没看到拍摄者奔跑，只看到助理恶狗一样奔跑着打人，难怪这助理这幅态度，看看主子，这都是惯的……回应比宝马公关还要强硬呢,0,1,0,广州,中国,广东
4894737465608101,熊妮子k,7576329022,f,2023-04-26 11:30:14,#谢娜再回应助理打手机事件#回应也不对，不回应也不对，事情刚出来人家第一时间出来解释道歉了，网友又扯东扯西，避重就轻打代拍确实是助理的问题，那个视频为什么把后面谢娜上前讲话的片段删掉，人夫妻最近又是浪姐又是演唱会的热度这么高，现在连黑他们的通稿一溜都差不多，什么用心大家应该都知道吧,3,0,0,长沙,中国,湖南
4894707971523806,安迪造福开运命理师,5986748439,m,2023-04-26 09:33:02,#谢娜再回应助理打手机事件# 任何情况下，你的助理都没执法权！都没资格对人行凶！你要感谢对方没反打过来！那才是真的扰乱致序！ 钱太多，让你这个公众人物忘乎所以了 ！,47,13,0,新乡,中国,河南
4894734349502799,圈内狙击手,2022990945,m,2023-04-26 11:17:51,#谢娜再回应助理打手机事件#事件发生没多久后，谢娜再回应助理打手机事件，你赞同谢娜的这个回应吗？ 圈内狙击手的微博视频,212,0,212,保定,中国,河北
4894737342926751,不懂_就要_问,1782287527,f,2023-04-26 11:29:45,#谢娜再回应助理打手机事件#自己的狗自己没管好，难道没责任吗？是不是养狗就是让它咬人的,0,0,0,徐州,中国,江苏
4894737330869070,上帝之鹰_5zn,1647486362,m,2023-04-26 11:29:42,#谢娜再回应助理打手机事件# 制止，指的是恶狠狠地打别人手机？这是毁坏私人财产啊，公众艺人如此为助理护短？？,17,6,1,福州,中国,福建
4894737272932409,花下小妮,1826124110,f,2023-04-26 11:29:28,#谢娜再回应助理打手机事件#反正怎么都是被黑，说不让代拍拍吧，公共场合。人家会说那私人场合拍吗？有说影响次序，人家说哪里来的人，影响什么次序？道歉了也不行，不道歉更不行，就是觉得现在黑谢娜就是高人一等一样，其他明星踹打都一片叫好。这还不是她自己上手，就被骂的罪孽滔天一样，黑那么多年也没有黑出个所以然来。就单看4秒钟视频，网友就知道全部了一样，知道人家牵手都跑不掉，几个人围着，人家谢娜是害怕那些代拍跑时候撞到经过的人，不是你们说的隔几米有什么影响？所以大家还是以后少上网吧，和那些人说的清楚吗？只会气的你心梗。有时候多陪陪家人，看看世界。时间会证明一切，赚的黑心钱以后会去医院花的。昨天看了北京卫视一个节目，那个爷爷一个很厉害专家说了一堆话也是被营销号掐头去尾，骂了好久，所以说释然吧。,1,0,0,遂宁,中国,四川
4894737171483178,大白i小螃蟹na,6033445046,f,2023-04-26 11:29:04,#谢娜再回应助理打手机事件# 看视频代拍根本不止一个啊 我猜代拍手里肯定有全程的视频等着谢娜出高价买 如果这个代拍真的只是拍一下就被助理这样对待，那他们把全部的视频发出来，不是更能锤死谢娜吗？ 抵制代拍，代拍犯法。,1,0,0,乐山,中国,四川
4894737162572296,星冰乐kiki,1573919467,m,2023-04-26 11:29:02,#综艺# 张杰谢娜的爱情故事（第二集）……张杰的爱是毫不掩饰的#谢娜再回应助理打手机事件# 星冰乐kiki的微博视频,0,0,0,郑州,中国,河南
4894737015770667,爱你爱你永远,7349058857,f,2023-04-26 11:28:27,#谢娜再回应助理打手机事件#还不如不解释,0,0,0,南宁,中国,广西
4894737003975407,米饭_再来十碗,7637320432,f,2023-04-26 11:28:24,#谢娜再回应助理打手机事件#这个事情可以没必要解释了代拍眼里只有拍照那会顾上那么都秩序所以代拍就是有错啊,2,0,0,湛江,中国,广东
4894704904702877,我的娜娜是天使,5145457002,f,2023-04-26 09:20:51,#谢娜再回应助理打手机事件# 谢娜只是和粉丝聊天，哪里是回应？在不影响其他人的前提下，谢娜都是很愿意和粉丝们唠嗑的，她还会让粉丝们不要为她花💰，看她节目她就很开心，也会让晚上回家的粉丝注意安全。代拍和粉丝的区别就是代拍只顾拍照盈|利，不会管公共秩序，反正出事了也有艺人背。这么多年谢娜从来没有让粉丝不要拍，这一次是因为代拍真的影响到其他乘客，现场的乘客也证实代拍影响到他们，谢娜在现场也带有很明显的歉意跟他们道歉。而代拍只留下对自己有利的4秒视频卖给yxh洗脱后，完美隐身。 我的娜娜是天使的微博视频,447,43,15,佛山,中国,广东
4894736932407936,薄荷姑娘的裙摆,5726413116,m,2023-04-26 11:28:07,#谢娜再回应助理打手机事件# 粉丝想通过指责代拍为由洗白助理，一副正义言辞指责代拍的时候，粉丝可别忘了你们买卖同罪,2,0,0,湛江,中国,广东
4894736920612419,天吐一啖,2751339937,m,2023-04-26 11:28:04,#谢娜再回应助理打手机事件#这个话题什么情况，反复横跳。一会上去一会下去的，现在又冲上来了。,1,0,0,牡丹江,中国,黑龙江
4894736839606753,裸枪,1180860635,m,2023-04-26 11:27:44,#谢娜再回应助理打手机事件#回应不回应的先放一边，拍的也都要点脸，让人像撵狗一样对待有意思吗？ 人都是一米多高，你不弯腰屈膝，没人能踩在你头上。,4,0,0,齐齐哈尔,中国,黑龙江
4894732197039936,芒果捞微微,6101764818,m,2023-04-26 11:09:18,#谢娜再回应助理打手机事件# 谢娜再一次回应助理拍打代拍手机这件事，对于近距离非正常拍摄，公众场合影响到其他人，这都会被制止，并不是在外面就不让拍，这件事明星本人没错，工作人员还是要注意方式方法！ 芒果捞微微的微博视频,163,52,52,菏泽,中国,山东
4894736824143946,蹦蹦跳跳小兔兔呦,5636483225,f,2023-04-26 11:27:41,#谢娜再回应助理打手机事件#那天人看着并不多，这个回应还不如不回应,0,0,0,唐山,中国,河北
4894736638805192,愚蠢的土拨鼠国际范,6330798214,m,2023-04-26 11:26:57,#谢娜再回应助理打手机事件#真的下头，这是她儿子这么护着？,0,0,0,齐齐哈尔,中国,黑龙江
4894736625960931,小P_Dylan,1827778864,f,2023-04-26 11:26:54,#谢娜再回应助理打手机事件# 制止可以 好好沟通 但是动手打人有道理也变成没道理,1,0,0,上海,中国,上海
