{
  "丫丫": {
    "href": "https://s.weibo.com/weibo?q=%E4%B8%AB%E4%B8%AB&t=31&band_rank=1&Refer=top",
    "hot": 2201859,
    "zhong": ""
  },
  "梅姨案2名人贩子被执行死刑": {
    "href": "https://s.weibo.com/weibo?q=%23%E6%A2%85%E5%A7%A8%E6%A1%882%E5%90%8D%E4%BA%BA%E8%B4%A9%E5%AD%90%E8%A2%AB%E6%89%A7%E8%A1%8C%E6%AD%BB%E5%88%91%23&t=31&band_rank=2&Refer=top",
    "hot": 1874120,
    "zhong": ""
  },
  "流动的中国生机勃勃": {
    "href": "https://s.weibo.com/weibo?q=%23%E6%B5%81%E5%8A%A8%E7%9A%84%E4%B8%AD%E5%9B%BD%E7%94%9F%E6%9C%BA%E5%8B%83%E5%8B%83%23&t=31&band_rank=3&Refer=top",
    "hot": 1104400,
    "zhong": ""
  },
  "因分享无人回应爸爸退了家庭群": {
    "href": "https://s.weibo.com/weibo?q=%E5%9B%A0%E5%88%86%E4%BA%AB%E6%97%A0%E4%BA%BA%E5%9B%9E%E5%BA%94%E7%88%B8%E7%88%B8%E9%80%80%E4%BA%86%E5%AE%B6%E5%BA%AD%E7%BE%A4&t=31&band_rank=4&Refer=top",
    "hot": 990754,
    "zhong": ""
  },
  "丫丫启程回国": {
    "href": "https://s.weibo.com/weibo?q=%23%E4%B8%AB%E4%B8%AB%E5%90%AF%E7%A8%8B%E5%9B%9E%E5%9B%BD%23&t=31&band_rank=5&Refer=top",
    "hot": 587388,
    "zhong": ""
  },
  "去世两年后他突然出现在篮球场上": {
    "href": "https://s.weibo.com/weibo?q=%23%E5%8E%BB%E4%B8%96%E4%B8%A4%E5%B9%B4%E5%90%8E%E4%BB%96%E7%AA%81%E7%84%B6%E5%87%BA%E7%8E%B0%E5%9C%A8%E7%AF%AE%E7%90%83%E5%9C%BA%E4%B8%8A%23&t=31&band_rank=6&Refer=top",
    "hot": 575177,
    "zhong": ""
  },
  "陈都灵邓为花朵吻": {
    "href": "https://s.weibo.com/weibo?q=%23%E9%99%88%E9%83%BD%E7%81%B5%E9%82%93%E4%B8%BA%E8%8A%B1%E6%9C%B5%E5%90%BB%23&t=31&band_rank=7&Refer=top",
    "hot": 491708,
    "zhong": "剧集"
  },
  "杭州6万一晚酒店没有涨价": {
    "href": "https://s.weibo.com/weibo?q=%23%E6%9D%AD%E5%B7%9E6%E4%B8%87%E4%B8%80%E6%99%9A%E9%85%92%E5%BA%97%E6%B2%A1%E6%9C%89%E6%B6%A8%E4%BB%B7%23&t=31&band_rank=8&Refer=top",
    "hot": 472662,
    "zhong": ""
  },
  "江浙沪人已经放弃五一抢票": {
    "href": "https://s.weibo.com/weibo?q=%23%E6%B1%9F%E6%B5%99%E6%B2%AA%E4%BA%BA%E5%B7%B2%E7%BB%8F%E6%94%BE%E5%BC%83%E4%BA%94%E4%B8%80%E6%8A%A2%E7%A5%A8%23&t=31&band_rank=9&Refer=top",
    "hot": 376419,
    "zhong": ""
  },
  "一人一句话祝福丫丫": {
    "href": "https://s.weibo.com/weibo?q=%23%E4%B8%80%E4%BA%BA%E4%B8%80%E5%8F%A5%E8%AF%9D%E7%A5%9D%E7%A6%8F%E4%B8%AB%E4%B8%AB%23&t=31&band_rank=10&Refer=top",
    "hot": 331548,
    "zhong": ""
  },
  "曝王雷改戏黄轩辞演上甘岭": {
    "href": "https://s.weibo.com/weibo?q=%23%E6%9B%9D%E7%8E%8B%E9%9B%B7%E6%94%B9%E6%88%8F%E9%BB%84%E8%BD%A9%E8%BE%9E%E6%BC%94%E4%B8%8A%E7%94%98%E5%B2%AD%23&t=31&band_rank=11&Refer=top",
    "hot": 330129,
    "zhong": "剧集"
  },
  "孙艺珍产后复出": {
    "href": "https://s.weibo.com/weibo?q=%23%E5%AD%99%E8%89%BA%E7%8F%8D%E4%BA%A7%E5%90%8E%E5%A4%8D%E5%87%BA%23&t=31&band_rank=12&Refer=top",
    "hot": 322817,
    "zhong": ""
  },
  "鹿哈直播带货": {
    "href": "https://s.weibo.com/weibo?q=%23%E9%B9%BF%E5%93%88%E7%9B%B4%E6%92%AD%E5%B8%A6%E8%B4%A7%23&t=31&band_rank=13&Refer=top",
    "hot": 318209,
    "zhong": ""
  },
  "李玉刚 知乎": {
    "href": "https://s.weibo.com/weibo?q=%E6%9D%8E%E7%8E%89%E5%88%9A%20%E7%9F%A5%E4%B9%8E&t=31&band_rank=14&Refer=top",
    "hot": 311658,
    "zhong": ""
  },
  "宋妍霏回应古装丑": {
    "href": "https://s.weibo.com/weibo?q=%23%E5%AE%8B%E5%A6%8D%E9%9C%8F%E5%9B%9E%E5%BA%94%E5%8F%A4%E8%A3%85%E4%B8%91%23&t=31&band_rank=15&Refer=top",
    "hot": 308591,
    "zhong": "剧集"
  },
  "38岁985硕士失业被迫送外卖": {
    "href": "https://s.weibo.com/weibo?q=%2338%E5%B2%81985%E7%A1%95%E5%A3%AB%E5%A4%B1%E4%B8%9A%E8%A2%AB%E8%BF%AB%E9%80%81%E5%A4%96%E5%8D%96%23&t=31&band_rank=16&Refer=top",
    "hot": 304574,
    "zhong": ""
  },
  "CL被曝耍大牌": {
    "href": "https://s.weibo.com/weibo?q=%23CL%E8%A2%AB%E6%9B%9D%E8%80%8D%E5%A4%A7%E7%89%8C%23&t=31&band_rank=17&Refer=top",
    "hot": 296556,
    "zhong": ""
  },
  "周也听到谢谢阿瑟的反应": {
    "href": "https://s.weibo.com/weibo?q=%23%E5%91%A8%E4%B9%9F%E5%90%AC%E5%88%B0%E8%B0%A2%E8%B0%A2%E9%98%BF%E7%91%9F%E7%9A%84%E5%8F%8D%E5%BA%94%23&t=31&band_rank=18&Refer=top",
    "hot": 296495,
    "zhong": "电影"
  },
  "侵权迪丽热巴网友已无财产可执行": {
    "href": "https://s.weibo.com/weibo?q=%23%E4%BE%B5%E6%9D%83%E8%BF%AA%E4%B8%BD%E7%83%AD%E5%B7%B4%E7%BD%91%E5%8F%8B%E5%B7%B2%E6%97%A0%E8%B4%A2%E4%BA%A7%E5%8F%AF%E6%89%A7%E8%A1%8C%23&t=31&band_rank=19&Refer=top",
    "hot": 286608,
    "zhong": ""
  },
  "女子因男友要求旅行AA提分手": {
    "href": "https://s.weibo.com/weibo?q=%23%E5%A5%B3%E5%AD%90%E5%9B%A0%E7%94%B7%E5%8F%8B%E8%A6%81%E6%B1%82%E6%97%85%E8%A1%8CAA%E6%8F%90%E5%88%86%E6%89%8B%23&t=31&band_rank=20&Refer=top",
    "hot": 286339,
    "zhong": ""
  },
  "杭州小伙给乐山大佛戴超大plus耳机": {
    "href": "https://s.weibo.com/weibo?q=%23%E6%9D%AD%E5%B7%9E%E5%B0%8F%E4%BC%99%E7%BB%99%E4%B9%90%E5%B1%B1%E5%A4%A7%E4%BD%9B%E6%88%B4%E8%B6%85%E5%A4%A7plus%E8%80%B3%E6%9C%BA%23&t=31&band_rank=21&Refer=top",
    "hot": 276189,
    "zhong": ""
  },
  "入职半个月被同事孤立了": {
    "href": "https://s.weibo.com/weibo?q=%23%E5%85%A5%E8%81%8C%E5%8D%8A%E4%B8%AA%E6%9C%88%E8%A2%AB%E5%90%8C%E4%BA%8B%E5%AD%A4%E7%AB%8B%E4%BA%86%23&t=31&band_rank=22&Refer=top",
    "hot": 275733,
    "zhong": ""
  },
  "曾经很火却已消失了的品牌": {
    "href": "https://s.weibo.com/weibo?q=%23%E6%9B%BE%E7%BB%8F%E5%BE%88%E7%81%AB%E5%8D%B4%E5%B7%B2%E6%B6%88%E5%A4%B1%E4%BA%86%E7%9A%84%E5%93%81%E7%89%8C%23&t=31&band_rank=23&Refer=top",
    "hot": 239796,
    "zhong": ""
  },
  "四六级报名": {
    "href": "https://s.weibo.com/weibo?q=%E5%9B%9B%E5%85%AD%E7%BA%A7%E6%8A%A5%E5%90%8D&t=31&band_rank=24&Refer=top",
    "hot": 233541,
    "zhong": ""
  },
  "谭飞要赵露思回答别那么官方": {
    "href": "https://s.weibo.com/weibo?q=%23%E8%B0%AD%E9%A3%9E%E8%A6%81%E8%B5%B5%E9%9C%B2%E6%80%9D%E5%9B%9E%E7%AD%94%E5%88%AB%E9%82%A3%E4%B9%88%E5%AE%98%E6%96%B9%23&t=31&band_rank=25&Refer=top",
    "hot": 230070,
    "zhong": ""
  },
  "女子称肚痛就医检查遭医生猥亵": {
    "href": "https://s.weibo.com/weibo?q=%23%E5%A5%B3%E5%AD%90%E7%A7%B0%E8%82%9A%E7%97%9B%E5%B0%B1%E5%8C%BB%E6%A3%80%E6%9F%A5%E9%81%AD%E5%8C%BB%E7%94%9F%E7%8C%A5%E4%BA%B5%23&t=31&band_rank=26&Refer=top",
    "hot": 222630,
    "zhong": ""
  },
  "求职者嫌8000工资高要求降到2000": {
    "href": "https://s.weibo.com/weibo?q=%23%E6%B1%82%E8%81%8C%E8%80%85%E5%AB%8C8000%E5%B7%A5%E8%B5%84%E9%AB%98%E8%A6%81%E6%B1%82%E9%99%8D%E5%88%B02000%23&t=31&band_rank=27&Refer=top",
    "hot": 218080,
    "zhong": ""
  },
  "在网上为丫丫接机": {
    "href": "https://s.weibo.com/weibo?q=%23%E5%9C%A8%E7%BD%91%E4%B8%8A%E4%B8%BA%E4%B8%AB%E4%B8%AB%E6%8E%A5%E6%9C%BA%23&t=31&band_rank=28&Refer=top",
    "hot": 207834,
    "zhong": ""
  },
  "丫丫将落地上海": {
    "href": "https://s.weibo.com/weibo?q=%23%E4%B8%AB%E4%B8%AB%E5%B0%86%E8%90%BD%E5%9C%B0%E4%B8%8A%E6%B5%B7%23&t=31&band_rank=29&Refer=top",
    "hot": 207822,
    "zhong": ""
  },
  "奚梦瑶回应去深圳不是上课是上班": {
    "href": "https://s.weibo.com/weibo?q=%23%E5%A5%9A%E6%A2%A6%E7%91%B6%E5%9B%9E%E5%BA%94%E5%8E%BB%E6%B7%B1%E5%9C%B3%E4%B8%8D%E6%98%AF%E4%B8%8A%E8%AF%BE%E6%98%AF%E4%B8%8A%E7%8F%AD%23&t=31&band_rank=30&Refer=top",
    "hot": 195552,
    "zhong": ""
  },
  "淄博中学生上分了": {
    "href": "https://s.weibo.com/weibo?q=%23%E6%B7%84%E5%8D%9A%E4%B8%AD%E5%AD%A6%E7%94%9F%E4%B8%8A%E5%88%86%E4%BA%86%23&t=31&band_rank=31&Refer=top",
    "hot": 194312,
    "zhong": ""
  },
  "OPPO成中国手机市场一季度销量第一": {
    "href": "https://s.weibo.com/weibo?q=%23OPPO%E6%88%90%E4%B8%AD%E5%9B%BD%E6%89%8B%E6%9C%BA%E5%B8%82%E5%9C%BA%E4%B8%80%E5%AD%A3%E5%BA%A6%E9%94%80%E9%87%8F%E7%AC%AC%E4%B8%80%23&t=31&band_rank=32&Refer=top",
    "hot": 193011,
    "zhong": ""
  },
  "宜嘉": {
    "href": "https://s.weibo.com/weibo?q=%E5%AE%9C%E5%98%89&t=31&band_rank=33&Refer=top",
    "hot": 191865,
    "zhong": ""
  },
  "字母哥垫脚": {
    "href": "https://s.weibo.com/weibo?q=%E5%AD%97%E6%AF%8D%E5%93%A5%E5%9E%AB%E8%84%9A&t=31&band_rank=34&Refer=top",
    "hot": 187143,
    "zhong": ""
  },
  "蔡徐坤的现象戒指": {
    "href": "https://s.weibo.com/weibo?q=%23%E8%94%A1%E5%BE%90%E5%9D%A4%E7%9A%84%E7%8E%B0%E8%B1%A1%E6%88%92%E6%8C%87%23&t=31&band_rank=35&Refer=top",
    "hot": 179837,
    "zhong": ""
  },
  "恋爱差点就让他们谈上了": {
    "href": "https://s.weibo.com/weibo?q=%23%E6%81%8B%E7%88%B1%E5%B7%AE%E7%82%B9%E5%B0%B1%E8%AE%A9%E4%BB%96%E4%BB%AC%E8%B0%88%E4%B8%8A%E4%BA%86%23&t=31&band_rank=36&Refer=top",
    "hot": 178786,
    "zhong": ""
  },
  "四川内江地震": {
    "href": "https://s.weibo.com/weibo?q=%E5%9B%9B%E5%B7%9D%E5%86%85%E6%B1%9F%E5%9C%B0%E9%9C%87&t=31&band_rank=37&Refer=top",
    "hot": 178322,
    "zhong": ""
  },
  "梅姨": {
    "href": "https://s.weibo.com/weibo?q=%E6%A2%85%E5%A7%A8&t=31&band_rank=38&Refer=top",
    "hot": 176148,
    "zhong": ""
  },
  "男子怀疑妻子出轨拧松其车胎酿车祸": {
    "href": "https://s.weibo.com/weibo?q=%23%E7%94%B7%E5%AD%90%E6%80%80%E7%96%91%E5%A6%BB%E5%AD%90%E5%87%BA%E8%BD%A8%E6%8B%A7%E6%9D%BE%E5%85%B6%E8%BD%A6%E8%83%8E%E9%85%BF%E8%BD%A6%E7%A5%B8%23&t=31&band_rank=39&Refer=top",
    "hot": 171817,
    "zhong": ""
  },
  "巴特勒太硬了": {
    "href": "https://s.weibo.com/weibo?q=%E5%B7%B4%E7%89%B9%E5%8B%92%E5%A4%AA%E7%A1%AC%E4%BA%86&t=31&band_rank=40&Refer=top",
    "hot": 170476,
    "zhong": ""
  },
  "香港演员宗华病逝": {
    "href": "https://s.weibo.com/weibo?q=%23%E9%A6%99%E6%B8%AF%E6%BC%94%E5%91%98%E5%AE%97%E5%8D%8E%E7%97%85%E9%80%9D%23&t=31&band_rank=41&Refer=top",
    "hot": 170028,
    "zhong": ""
  },
  "赵丽颖直角肩": {
    "href": "https://s.weibo.com/weibo?q=%23%E8%B5%B5%E4%B8%BD%E9%A2%96%E7%9B%B4%E8%A7%92%E8%82%A9%23&t=31&band_rank=42&Refer=top",
    "hot": 169747,
    "zhong": ""
  },
  "戏霸": {
    "href": "https://s.weibo.com/weibo?q=%E6%88%8F%E9%9C%B8&t=31&band_rank=43&Refer=top",
    "hot": 161844,
    "zhong": ""
  },
  "警方回应有人出售和女网友见面机会": {
    "href": "https://s.weibo.com/weibo?q=%23%E8%AD%A6%E6%96%B9%E5%9B%9E%E5%BA%94%E6%9C%89%E4%BA%BA%E5%87%BA%E5%94%AE%E5%92%8C%E5%A5%B3%E7%BD%91%E5%8F%8B%E8%A7%81%E9%9D%A2%E6%9C%BA%E4%BC%9A%23&t=31&band_rank=44&Refer=top",
    "hot": 156958,
    "zhong": ""
  },
  "GALI 我想对TT说声抱歉": {
    "href": "https://s.weibo.com/weibo?q=GALI%20%E6%88%91%E6%83%B3%E5%AF%B9TT%E8%AF%B4%E5%A3%B0%E6%8A%B1%E6%AD%89&t=31&band_rank=45&Refer=top",
    "hot": 147596,
    "zhong": ""
  },
  "周柯宇首次个人巡演": {
    "href": "https://s.weibo.com/weibo?q=%23%E5%91%A8%E6%9F%AF%E5%AE%87%E9%A6%96%E6%AC%A1%E4%B8%AA%E4%BA%BA%E5%B7%A1%E6%BC%94%23&t=31&band_rank=46&Refer=top",
    "hot": 143713,
    "zhong": "音乐"
  },
  "工资不高却要经常熬夜的工作": {
    "href": "https://s.weibo.com/weibo?q=%23%E5%B7%A5%E8%B5%84%E4%B8%8D%E9%AB%98%E5%8D%B4%E8%A6%81%E7%BB%8F%E5%B8%B8%E7%86%AC%E5%A4%9C%E7%9A%84%E5%B7%A5%E4%BD%9C%23&t=31&band_rank=47&Refer=top",
    "hot": 140916,
    "zhong": "投票"
  },
  "妲己青丘九尾新皮肤": {
    "href": "https://s.weibo.com/weibo?q=%23%E5%A6%B2%E5%B7%B1%E9%9D%92%E4%B8%98%E4%B9%9D%E5%B0%BE%E6%96%B0%E7%9A%AE%E8%82%A4%23&t=31&band_rank=48&Refer=top",
    "hot": 129927,
    "zhong": ""
  },
  "恋与制作人春色无边": {
    "href": "https://s.weibo.com/weibo?q=%23%E6%81%8B%E4%B8%8E%E5%88%B6%E4%BD%9C%E4%BA%BA%E6%98%A5%E8%89%B2%E6%97%A0%E8%BE%B9%23&t=31&band_rank=49&Refer=top",
    "hot": 126003,
    "zhong": ""
  },
  "无期迷途": {
    "href": "https://s.weibo.com/weibo?q=%E6%97%A0%E6%9C%9F%E8%BF%B7%E9%80%94&t=31&band_rank=50&Refer=top",
    "hot": 125554,
    "zhong": ""
  }
}