{
  "你支持全面禁止老头乐吗": {
    "href": "https://s.weibo.com/weibo?q=%23%E4%BD%A0%E6%94%AF%E6%8C%81%E5%85%A8%E9%9D%A2%E7%A6%81%E6%AD%A2%E8%80%81%E5%A4%B4%E4%B9%90%E5%90%97%23&t=31&band_rank=1&Refer=top",
    "hot": 3395496,
    "zhong": "投票"
  },
  "笑果无限期停止house演艺工作": {
    "href": "https://s.weibo.com/weibo?q=%23%E7%AC%91%E6%9E%9C%E6%97%A0%E9%99%90%E6%9C%9F%E5%81%9C%E6%AD%A2house%E6%BC%94%E8%89%BA%E5%B7%A5%E4%BD%9C%23&t=31&band_rank=2&Refer=top",
    "hot": 2560333,
    "zhong": ""
  },
  "关注2023中关村论坛": {
    "href": "https://s.weibo.com/weibo?q=%23%E5%85%B3%E6%B3%A82023%E4%B8%AD%E5%85%B3%E6%9D%91%E8%AE%BA%E5%9D%9B%23&t=31&band_rank=3&Refer=top",
    "hot": 1583944,
    "zhong": ""
  },
  "gidle 抄袭": {
    "href": "https://s.weibo.com/weibo?q=gidle%20%E6%8A%84%E8%A2%AD&t=31&band_rank=4&Refer=top",
    "hot": 1196126,
    "zhong": "音乐"
  },
  "洞洞鞋": {
    "href": "https://s.weibo.com/weibo?q=%E6%B4%9E%E6%B4%9E%E9%9E%8B&t=31&band_rank=5&Refer=top",
    "hot": 1012745,
    "zhong": ""
  },
  "加拿大模特在中国坐月子": {
    "href": "https://s.weibo.com/weibo?q=%E5%8A%A0%E6%8B%BF%E5%A4%A7%E6%A8%A1%E7%89%B9%E5%9C%A8%E4%B8%AD%E5%9B%BD%E5%9D%90%E6%9C%88%E5%AD%90&t=31&band_rank=6&Refer=top",
    "hot": 964378,
    "zhong": ""
  },
  "窦靖童和王菲是怎么认识的": {
    "href": "https://s.weibo.com/weibo?q=%23%E7%AA%A6%E9%9D%96%E7%AB%A5%E5%92%8C%E7%8E%8B%E8%8F%B2%E6%98%AF%E6%80%8E%E4%B9%88%E8%AE%A4%E8%AF%86%E7%9A%84%23&t=31&band_rank=7&Refer=top",
    "hot": 915067,
    "zhong": ""
  },
  "gidle回归": {
    "href": "https://s.weibo.com/weibo?q=gidle%E5%9B%9E%E5%BD%92&t=31&band_rank=8&Refer=top",
    "hot": 838699,
    "zhong": ""
  },
  "秋瓷炫工地芭蕾直拍流出": {
    "href": "https://s.weibo.com/weibo?q=%E7%A7%8B%E7%93%B7%E7%82%AB%E5%B7%A5%E5%9C%B0%E8%8A%AD%E8%95%BE%E7%9B%B4%E6%8B%8D%E6%B5%81%E5%87%BA&t=31&band_rank=9&Refer=top",
    "hot": 735953,
    "zhong": "综艺"
  },
  "gidle新歌Queencard": {
    "href": "https://s.weibo.com/weibo?q=%23gidle%E6%96%B0%E6%AD%8CQueencard%23&t=31&band_rank=10&Refer=top",
    "hot": 732943,
    "zhong": "音乐"
  },
  "刘丹母亲节拒谈杨幂": {
    "href": "https://s.weibo.com/weibo?q=%23%E5%88%98%E4%B8%B9%E6%AF%8D%E4%BA%B2%E8%8A%82%E6%8B%92%E8%B0%88%E6%9D%A8%E5%B9%82%23&t=31&band_rank=11&Refer=top",
    "hot": 730487,
    "zhong": ""
  },
  "昆工虐猫": {
    "href": "https://s.weibo.com/weibo?q=%23%E6%98%86%E5%B7%A5%E8%99%90%E7%8C%AB%23&t=31&band_rank=12&Refer=top",
    "hot": 727102,
    "zhong": ""
  },
  "house道歉": {
    "href": "https://s.weibo.com/weibo?q=%23house%E9%81%93%E6%AD%89%23&t=31&band_rank=13&Refer=top",
    "hot": 717132,
    "zhong": ""
  },
  "宋小宝 王嘉尔": {
    "href": "https://s.weibo.com/weibo?q=%E5%AE%8B%E5%B0%8F%E5%AE%9D%20%E7%8E%8B%E5%98%89%E5%B0%94&t=31&band_rank=14&Refer=top",
    "hot": 590680,
    "zhong": ""
  },
  "张嘉倪为叮叮当当组设计项链": {
    "href": "https://s.weibo.com/weibo?q=%23%E5%BC%A0%E5%98%89%E5%80%AA%E4%B8%BA%E5%8F%AE%E5%8F%AE%E5%BD%93%E5%BD%93%E7%BB%84%E8%AE%BE%E8%AE%A1%E9%A1%B9%E9%93%BE%23&t=31&band_rank=15&Refer=top",
    "hot": 579265,
    "zhong": "综艺"
  },
  "老虎剃了毛依然有花纹": {
    "href": "https://s.weibo.com/weibo?q=%E8%80%81%E8%99%8E%E5%89%83%E4%BA%86%E6%AF%9B%E4%BE%9D%E7%84%B6%E6%9C%89%E8%8A%B1%E7%BA%B9&t=31&band_rank=16&Refer=top",
    "hot": 479727,
    "zhong": ""
  },
  "杨紫阔腿工装裤": {
    "href": "https://s.weibo.com/weibo?q=%23%E6%9D%A8%E7%B4%AB%E9%98%94%E8%85%BF%E5%B7%A5%E8%A3%85%E8%A3%A4%23&t=31&band_rank=17&Refer=top",
    "hot": 380205,
    "zhong": ""
  },
  "王源的戒断日记": {
    "href": "https://s.weibo.com/weibo?q=%E7%8E%8B%E6%BA%90%E7%9A%84%E6%88%92%E6%96%AD%E6%97%A5%E8%AE%B0&t=31&band_rank=18&Refer=top",
    "hot": 353956,
    "zhong": "音乐"
  },
  "江西失踪5岁双胞胎均已身亡": {
    "href": "https://s.weibo.com/weibo?q=%23%E6%B1%9F%E8%A5%BF%E5%A4%B1%E8%B8%AA5%E5%B2%81%E5%8F%8C%E8%83%9E%E8%83%8E%E5%9D%87%E5%B7%B2%E8%BA%AB%E4%BA%A1%23&t=31&band_rank=19&Refer=top",
    "hot": 279066,
    "zhong": ""
  },
  "母亲见牙医像已故女儿瞬间落泪": {
    "href": "https://s.weibo.com/weibo?q=%23%E6%AF%8D%E4%BA%B2%E8%A7%81%E7%89%99%E5%8C%BB%E5%83%8F%E5%B7%B2%E6%95%85%E5%A5%B3%E5%84%BF%E7%9E%AC%E9%97%B4%E8%90%BD%E6%B3%AA%23&t=31&band_rank=20&Refer=top",
    "hot": 268762,
    "zhong": ""
  },
  "下班在地铁上被公司辞退了": {
    "href": "https://s.weibo.com/weibo?q=%23%E4%B8%8B%E7%8F%AD%E5%9C%A8%E5%9C%B0%E9%93%81%E4%B8%8A%E8%A2%AB%E5%85%AC%E5%8F%B8%E8%BE%9E%E9%80%80%E4%BA%86%23&t=31&band_rank=21&Refer=top",
    "hot": 267839,
    "zhong": ""
  },
  "易烊千玺新专辑售价198元": {
    "href": "https://s.weibo.com/weibo?q=%23%E6%98%93%E7%83%8A%E5%8D%83%E7%8E%BA%E6%96%B0%E4%B8%93%E8%BE%91%E5%94%AE%E4%BB%B7198%E5%85%83%23&t=31&band_rank=22&Refer=top",
    "hot": 267008,
    "zhong": "音乐"
  },
  "年度最吸金本科专业出炉": {
    "href": "https://s.weibo.com/weibo?q=%23%E5%B9%B4%E5%BA%A6%E6%9C%80%E5%90%B8%E9%87%91%E6%9C%AC%E7%A7%91%E4%B8%93%E4%B8%9A%E5%87%BA%E7%82%89%23&t=31&band_rank=23&Refer=top",
    "hot": 266341,
    "zhong": ""
  },
  "吴谨言再现魏璎珞": {
    "href": "https://s.weibo.com/weibo?q=%23%E5%90%B4%E8%B0%A8%E8%A8%80%E5%86%8D%E7%8E%B0%E9%AD%8F%E7%92%8E%E7%8F%9E%23&t=31&band_rank=24&Refer=top",
    "hot": 265308,
    "zhong": ""
  },
  "原来每个户外人都有阴间照片": {
    "href": "https://s.weibo.com/weibo?q=%23%E5%8E%9F%E6%9D%A5%E6%AF%8F%E4%B8%AA%E6%88%B7%E5%A4%96%E4%BA%BA%E9%83%BD%E6%9C%89%E9%98%B4%E9%97%B4%E7%85%A7%E7%89%87%23&t=31&band_rank=25&Refer=top",
    "hot": 264945,
    "zhong": ""
  },
  "bing崩了": {
    "href": "https://s.weibo.com/weibo?q=bing%E5%B4%A9%E4%BA%86&t=31&band_rank=26&Refer=top",
    "hot": 221563,
    "zhong": ""
  },
  "初中同学成我导师了": {
    "href": "https://s.weibo.com/weibo?q=%23%E5%88%9D%E4%B8%AD%E5%90%8C%E5%AD%A6%E6%88%90%E6%88%91%E5%AF%BC%E5%B8%88%E4%BA%86%23&t=31&band_rank=27&Refer=top",
    "hot": 204613,
    "zhong": ""
  },
  "虞书欣骑龙vs周也骑龙": {
    "href": "https://s.weibo.com/weibo?q=%23%E8%99%9E%E4%B9%A6%E6%AC%A3%E9%AA%91%E9%BE%99vs%E5%91%A8%E4%B9%9F%E9%AA%91%E9%BE%99%23&t=31&band_rank=28&Refer=top",
    "hot": 201158,
    "zhong": ""
  },
  "男子猝死万幸倒在医生面前": {
    "href": "https://s.weibo.com/weibo?q=%23%E7%94%B7%E5%AD%90%E7%8C%9D%E6%AD%BB%E4%B8%87%E5%B9%B8%E5%80%92%E5%9C%A8%E5%8C%BB%E7%94%9F%E9%9D%A2%E5%89%8D%23&t=31&band_rank=29&Refer=top",
    "hot": 199323,
    "zhong": ""
  },
  "七个徐天召唤一个肖春生": {
    "href": "https://s.weibo.com/weibo?q=%23%E4%B8%83%E4%B8%AA%E5%BE%90%E5%A4%A9%E5%8F%AC%E5%94%A4%E4%B8%80%E4%B8%AA%E8%82%96%E6%98%A5%E7%94%9F%23&t=31&band_rank=30&Refer=top",
    "hot": 184925,
    "zhong": ""
  },
  "杨幂宋祖儿裙子穿反了": {
    "href": "https://s.weibo.com/weibo?q=%23%E6%9D%A8%E5%B9%82%E5%AE%8B%E7%A5%96%E5%84%BF%E8%A3%99%E5%AD%90%E7%A9%BF%E5%8F%8D%E4%BA%86%23&t=31&band_rank=31&Refer=top",
    "hot": 184876,
    "zhong": ""
  },
  "面试时HR让我写一百个一": {
    "href": "https://s.weibo.com/weibo?q=%23%E9%9D%A2%E8%AF%95%E6%97%B6HR%E8%AE%A9%E6%88%91%E5%86%99%E4%B8%80%E7%99%BE%E4%B8%AA%E4%B8%80%23&t=31&band_rank=32&Refer=top",
    "hot": 184485,
    "zhong": ""
  },
  "张雨绮 去法国看看我的队排到哪儿了": {
    "href": "https://s.weibo.com/weibo?q=%E5%BC%A0%E9%9B%A8%E7%BB%AE%20%E5%8E%BB%E6%B3%95%E5%9B%BD%E7%9C%8B%E7%9C%8B%E6%88%91%E7%9A%84%E9%98%9F%E6%8E%92%E5%88%B0%E5%93%AA%E5%84%BF%E4%BA%86&t=31&band_rank=33&Refer=top",
    "hot": 178218,
    "zhong": ""
  },
  "谢娜主动给组员让词": {
    "href": "https://s.weibo.com/weibo?q=%23%E8%B0%A2%E5%A8%9C%E4%B8%BB%E5%8A%A8%E7%BB%99%E7%BB%84%E5%91%98%E8%AE%A9%E8%AF%8D%23&t=31&band_rank=34&Refer=top",
    "hot": 177338,
    "zhong": "综艺"
  },
  "朴树报平安": {
    "href": "https://s.weibo.com/weibo?q=%23%E6%9C%B4%E6%A0%91%E6%8A%A5%E5%B9%B3%E5%AE%89%23&t=31&band_rank=35&Refer=top",
    "hot": 170767,
    "zhong": ""
  },
  "王鹤棣王传君看起来真的不聪明": {
    "href": "https://s.weibo.com/weibo?q=%23%E7%8E%8B%E9%B9%A4%E6%A3%A3%E7%8E%8B%E4%BC%A0%E5%90%9B%E7%9C%8B%E8%B5%B7%E6%9D%A5%E7%9C%9F%E7%9A%84%E4%B8%8D%E8%81%AA%E6%98%8E%23&t=31&band_rank=36&Refer=top",
    "hot": 166130,
    "zhong": "综艺"
  },
  "考个驾照瘦了10斤了": {
    "href": "https://s.weibo.com/weibo?q=%23%E8%80%83%E4%B8%AA%E9%A9%BE%E7%85%A7%E7%98%A6%E4%BA%8610%E6%96%A4%E4%BA%86%23&t=31&band_rank=37&Refer=top",
    "hot": 166121,
    "zhong": ""
  },
  "被相处半年的相亲对象分手了": {
    "href": "https://s.weibo.com/weibo?q=%23%E8%A2%AB%E7%9B%B8%E5%A4%84%E5%8D%8A%E5%B9%B4%E7%9A%84%E7%9B%B8%E4%BA%B2%E5%AF%B9%E8%B1%A1%E5%88%86%E6%89%8B%E4%BA%86%23&t=31&band_rank=38&Refer=top",
    "hot": 166108,
    "zhong": ""
  },
  "乘风的姐夫们": {
    "href": "https://s.weibo.com/weibo?q=%23%E4%B9%98%E9%A3%8E%E7%9A%84%E5%A7%90%E5%A4%AB%E4%BB%AC%23&t=31&band_rank=39&Refer=top",
    "hot": 162975,
    "zhong": "综艺"
  },
  "被爸妈的聊天记录整破防了": {
    "href": "https://s.weibo.com/weibo?q=%23%E8%A2%AB%E7%88%B8%E5%A6%88%E7%9A%84%E8%81%8A%E5%A4%A9%E8%AE%B0%E5%BD%95%E6%95%B4%E7%A0%B4%E9%98%B2%E4%BA%86%23&t=31&band_rank=40&Refer=top",
    "hot": 157933,
    "zhong": ""
  },
  "宋浩老师回应高数视频播放破亿": {
    "href": "https://s.weibo.com/weibo?q=%23%E5%AE%8B%E6%B5%A9%E8%80%81%E5%B8%88%E5%9B%9E%E5%BA%94%E9%AB%98%E6%95%B0%E8%A7%86%E9%A2%91%E6%92%AD%E6%94%BE%E7%A0%B4%E4%BA%BF%23&t=31&band_rank=41&Refer=top",
    "hot": 157528,
    "zhong": ""
  },
  "辞职后去旅游发朋友圈被说了": {
    "href": "https://s.weibo.com/weibo?q=%23%E8%BE%9E%E8%81%8C%E5%90%8E%E5%8E%BB%E6%97%85%E6%B8%B8%E5%8F%91%E6%9C%8B%E5%8F%8B%E5%9C%88%E8%A2%AB%E8%AF%B4%E4%BA%86%23&t=31&band_rank=42&Refer=top",
    "hot": 139755,
    "zhong": ""
  },
  "迪丽热巴冰淇淋侧颜": {
    "href": "https://s.weibo.com/weibo?q=%23%E8%BF%AA%E4%B8%BD%E7%83%AD%E5%B7%B4%E5%86%B0%E6%B7%87%E6%B7%8B%E4%BE%A7%E9%A2%9C%23&t=31&band_rank=43&Refer=top",
    "hot": 139138,
    "zhong": ""
  },
  "80岁奶奶3小时跑完半马": {
    "href": "https://s.weibo.com/weibo?q=%2380%E5%B2%81%E5%A5%B6%E5%A5%B63%E5%B0%8F%E6%97%B6%E8%B7%91%E5%AE%8C%E5%8D%8A%E9%A9%AC%23&t=31&band_rank=44&Refer=top",
    "hot": 138538,
    "zhong": ""
  },
  "30岁前快解决的几个问题": {
    "href": "https://s.weibo.com/weibo?q=30%E5%B2%81%E5%89%8D%E5%BF%AB%E8%A7%A3%E5%86%B3%E7%9A%84%E5%87%A0%E4%B8%AA%E9%97%AE%E9%A2%98&t=31&band_rank=45&Refer=top",
    "hot": 135459,
    "zhong": ""
  },
  "足浴技师称被灌醉遭性侵获立案": {
    "href": "https://s.weibo.com/weibo?q=%23%E8%B6%B3%E6%B5%B4%E6%8A%80%E5%B8%88%E7%A7%B0%E8%A2%AB%E7%81%8C%E9%86%89%E9%81%AD%E6%80%A7%E4%BE%B5%E8%8E%B7%E7%AB%8B%E6%A1%88%23&t=31&band_rank=46&Refer=top",
    "hot": 131572,
    "zhong": ""
  },
  "这到底是开榴莲还是剥香蕉": {
    "href": "https://s.weibo.com/weibo?q=%23%E8%BF%99%E5%88%B0%E5%BA%95%E6%98%AF%E5%BC%80%E6%A6%B4%E8%8E%B2%E8%BF%98%E6%98%AF%E5%89%A5%E9%A6%99%E8%95%89%23&t=31&band_rank=47&Refer=top",
    "hot": 131005,
    "zhong": ""
  },
  "宋茜好像洋娃娃": {
    "href": "https://s.weibo.com/weibo?q=%23%E5%AE%8B%E8%8C%9C%E5%A5%BD%E5%83%8F%E6%B4%8B%E5%A8%83%E5%A8%83%23&t=31&band_rank=48&Refer=top",
    "hot": 130884,
    "zhong": ""
  },
  "王者荣耀女装": {
    "href": "https://s.weibo.com/weibo?q=%23%E7%8E%8B%E8%80%85%E8%8D%A3%E8%80%80%E5%A5%B3%E8%A3%85%23&t=31&band_rank=49&Refer=top",
    "hot": 116250,
    "zhong": ""
  },
  "塞学家研究所": {
    "href": "https://s.weibo.com/weibo?q=%23%E5%A1%9E%E5%AD%A6%E5%AE%B6%E7%A0%94%E7%A9%B6%E6%89%80%23&t=31&band_rank=50&Refer=top",
    "hot": 111624,
    "zhong": ""
  }
}