{
  "玉桂狗": {
    "href": "https://s.weibo.com/weibo?q=%E7%8E%89%E6%A1%82%E7%8B%97&t=31&band_rank=1&Refer=top",
    "hot": 1495018,
    "zhong": ""
  },
  "陈意涵小考": {
    "href": "https://s.weibo.com/weibo?q=%E9%99%88%E6%84%8F%E6%B6%B5%E5%B0%8F%E8%80%83&t=31&band_rank=2&Refer=top",
    "hot": 1106248,
    "zhong": "综艺"
  },
  "中国有约": {
    "href": "https://s.weibo.com/weibo?q=%23%E4%B8%AD%E5%9B%BD%E6%9C%89%E7%BA%A6%23&t=31&band_rank=3&Refer=top",
    "hot": 909925,
    "zhong": ""
  },
  "为和男友结婚伪造深度美颜身份证": {
    "href": "https://s.weibo.com/weibo?q=%23%E4%B8%BA%E5%92%8C%E7%94%B7%E5%8F%8B%E7%BB%93%E5%A9%9A%E4%BC%AA%E9%80%A0%E6%B7%B1%E5%BA%A6%E7%BE%8E%E9%A2%9C%E8%BA%AB%E4%BB%BD%E8%AF%81%23&t=31&band_rank=4&Refer=top",
    "hot": 821026,
    "zhong": ""
  },
  "厦航偷拍飞行员被行政拘留": {
    "href": "https://s.weibo.com/weibo?q=%23%E5%8E%A6%E8%88%AA%E5%81%B7%E6%8B%8D%E9%A3%9E%E8%A1%8C%E5%91%98%E8%A2%AB%E8%A1%8C%E6%94%BF%E6%8B%98%E7%95%99%23&t=31&band_rank=5&Refer=top",
    "hot": 700386,
    "zhong": ""
  },
  "杭州警方已对两名赖车乘客行政拘留7日": {
    "href": "https://s.weibo.com/weibo?q=%23%E6%9D%AD%E5%B7%9E%E8%AD%A6%E6%96%B9%E5%B7%B2%E5%AF%B9%E4%B8%A4%E5%90%8D%E8%B5%96%E8%BD%A6%E4%B9%98%E5%AE%A2%E8%A1%8C%E6%94%BF%E6%8B%98%E7%95%997%E6%97%A5%23&t=31&band_rank=6&Refer=top",
    "hot": 632520,
    "zhong": ""
  },
  "刘亦菲的素颜状态": {
    "href": "https://s.weibo.com/weibo?q=%23%E5%88%98%E4%BA%A6%E8%8F%B2%E7%9A%84%E7%B4%A0%E9%A2%9C%E7%8A%B6%E6%80%81%23&t=31&band_rank=7&Refer=top",
    "hot": 613070,
    "zhong": ""
  },
  "微信开放520元红包": {
    "href": "https://s.weibo.com/weibo?q=%23%E5%BE%AE%E4%BF%A1%E5%BC%80%E6%94%BE520%E5%85%83%E7%BA%A2%E5%8C%85%23&t=31&band_rank=8&Refer=top",
    "hot": 569581,
    "zhong": ""
  },
  "汤唯迪士尼在逃公主": {
    "href": "https://s.weibo.com/weibo?q=%23%E6%B1%A4%E5%94%AF%E8%BF%AA%E5%A3%AB%E5%B0%BC%E5%9C%A8%E9%80%83%E5%85%AC%E4%B8%BB%23&t=31&band_rank=9&Refer=top",
    "hot": 551470,
    "zhong": ""
  },
  "王菲李嫣法国同框照": {
    "href": "https://s.weibo.com/weibo?q=%23%E7%8E%8B%E8%8F%B2%E6%9D%8E%E5%AB%A3%E6%B3%95%E5%9B%BD%E5%90%8C%E6%A1%86%E7%85%A7%23&t=31&band_rank=10&Refer=top",
    "hot": 542740,
    "zhong": ""
  },
  "赵露思的腿好白": {
    "href": "https://s.weibo.com/weibo?q=%23%E8%B5%B5%E9%9C%B2%E6%80%9D%E7%9A%84%E8%85%BF%E5%A5%BD%E7%99%BD%23&t=31&band_rank=11&Refer=top",
    "hot": 533500,
    "zhong": ""
  },
  "朱珠追着去跟许靖韵道别": {
    "href": "https://s.weibo.com/weibo?q=%23%E6%9C%B1%E7%8F%A0%E8%BF%BD%E7%9D%80%E5%8E%BB%E8%B7%9F%E8%AE%B8%E9%9D%96%E9%9F%B5%E9%81%93%E5%88%AB%23&t=31&band_rank=12&Refer=top",
    "hot": 472040,
    "zhong": "综艺"
  },
  "红毯四美": {
    "href": "https://s.weibo.com/weibo?q=%23%E7%BA%A2%E6%AF%AF%E5%9B%9B%E7%BE%8E%23&t=31&band_rank=13&Refer=top",
    "hot": 456480,
    "zhong": ""
  },
  "18岁男生继承30套房产后坠亡": {
    "href": "https://s.weibo.com/weibo?q=%2318%E5%B2%81%E7%94%B7%E7%94%9F%E7%BB%A7%E6%89%BF30%E5%A5%97%E6%88%BF%E4%BA%A7%E5%90%8E%E5%9D%A0%E4%BA%A1%23&t=31&band_rank=14&Refer=top",
    "hot": 432660,
    "zhong": ""
  },
  "肯德基玩具": {
    "href": "https://s.weibo.com/weibo?q=%E8%82%AF%E5%BE%B7%E5%9F%BA%E7%8E%A9%E5%85%B7&t=31&band_rank=15&Refer=top",
    "hot": 346148,
    "zhong": ""
  },
  "Amber谢欣跳入观众席": {
    "href": "https://s.weibo.com/weibo?q=%23Amber%E8%B0%A2%E6%AC%A3%E8%B7%B3%E5%85%A5%E8%A7%82%E4%BC%97%E5%B8%AD%23&t=31&band_rank=16&Refer=top",
    "hot": 345601,
    "zhong": "综艺"
  },
  "王俊凯去录向往的生活了吗": {
    "href": "https://s.weibo.com/weibo?q=%23%E7%8E%8B%E4%BF%8A%E5%87%AF%E5%8E%BB%E5%BD%95%E5%90%91%E5%BE%80%E7%9A%84%E7%94%9F%E6%B4%BB%E4%BA%86%E5%90%97%23&t=31&band_rank=17&Refer=top",
    "hot": 301961,
    "zhong": "综艺"
  },
  "警嫂在抗癌日记中对丈夫说我应该离开你": {
    "href": "https://s.weibo.com/weibo?q=%23%E8%AD%A6%E5%AB%82%E5%9C%A8%E6%8A%97%E7%99%8C%E6%97%A5%E8%AE%B0%E4%B8%AD%E5%AF%B9%E4%B8%88%E5%A4%AB%E8%AF%B4%E6%88%91%E5%BA%94%E8%AF%A5%E7%A6%BB%E5%BC%80%E4%BD%A0%23&t=31&band_rank=18&Refer=top",
    "hot": 263444,
    "zhong": ""
  },
  "男子为520领证准备半年": {
    "href": "https://s.weibo.com/weibo?q=%23%E7%94%B7%E5%AD%90%E4%B8%BA520%E9%A2%86%E8%AF%81%E5%87%86%E5%A4%87%E5%8D%8A%E5%B9%B4%23&t=31&band_rank=19&Refer=top",
    "hot": 226376,
    "zhong": ""
  },
  "阴阳师美依礼芽联动": {
    "href": "https://s.weibo.com/weibo?q=%23%E9%98%B4%E9%98%B3%E5%B8%88%E7%BE%8E%E4%BE%9D%E7%A4%BC%E8%8A%BD%E8%81%94%E5%8A%A8%23&t=31&band_rank=20&Refer=top",
    "hot": 201050,
    "zhong": ""
  },
  "劝退了频繁请假的7岁琴童": {
    "href": "https://s.weibo.com/weibo?q=%23%E5%8A%9D%E9%80%80%E4%BA%86%E9%A2%91%E7%B9%81%E8%AF%B7%E5%81%87%E7%9A%847%E5%B2%81%E7%90%B4%E7%AB%A5%23&t=31&band_rank=21&Refer=top",
    "hot": 201042,
    "zhong": ""
  },
  "六一放假通知": {
    "href": "https://s.weibo.com/weibo?q=%23%E5%85%AD%E4%B8%80%E6%94%BE%E5%81%87%E9%80%9A%E7%9F%A5%23&t=31&band_rank=22&Refer=top",
    "hot": 200636,
    "zhong": ""
  },
  "浪姐请Ella赚了": {
    "href": "https://s.weibo.com/weibo?q=%23%E6%B5%AA%E5%A7%90%E8%AF%B7Ella%E8%B5%9A%E4%BA%86%23&t=31&band_rank=23&Refer=top",
    "hot": 200474,
    "zhong": "综艺"
  },
  "易烊千玺戛纳名利场": {
    "href": "https://s.weibo.com/weibo?q=%23%E6%98%93%E7%83%8A%E5%8D%83%E7%8E%BA%E6%88%9B%E7%BA%B3%E5%90%8D%E5%88%A9%E5%9C%BA%23&t=31&band_rank=24&Refer=top",
    "hot": 200180,
    "zhong": "盛典"
  },
  "杨紫520营业照": {
    "href": "https://s.weibo.com/weibo?q=%23%E6%9D%A8%E7%B4%AB520%E8%90%A5%E4%B8%9A%E7%85%A7%23&t=31&band_rank=25&Refer=top",
    "hot": 199906,
    "zhong": ""
  },
  "惊封": {
    "href": "https://s.weibo.com/weibo?q=%E6%83%8A%E5%B0%81&t=31&band_rank=26&Refer=top",
    "hot": 199793,
    "zhong": ""
  },
  "小鬼你管得着吗": {
    "href": "https://s.weibo.com/weibo?q=%23%E5%B0%8F%E9%AC%BC%E4%BD%A0%E7%AE%A1%E5%BE%97%E7%9D%80%E5%90%97%23&t=31&band_rank=27&Refer=top",
    "hot": 195115,
    "zhong": "综艺"
  },
  "三千万把年龄倒过来你愿意吗": {
    "href": "https://s.weibo.com/weibo?q=%23%E4%B8%89%E5%8D%83%E4%B8%87%E6%8A%8A%E5%B9%B4%E9%BE%84%E5%80%92%E8%BF%87%E6%9D%A5%E4%BD%A0%E6%84%BF%E6%84%8F%E5%90%97%23&t=31&band_rank=28&Refer=top",
    "hot": 192972,
    "zhong": "投票"
  },
  "肖战龚俊王鹤棣吴磊520开屏": {
    "href": "https://s.weibo.com/weibo?q=%23%E8%82%96%E6%88%98%E9%BE%9A%E4%BF%8A%E7%8E%8B%E9%B9%A4%E6%A3%A3%E5%90%B4%E7%A3%8A520%E5%BC%80%E5%B1%8F%23&t=31&band_rank=29&Refer=top",
    "hot": 182986,
    "zhong": ""
  },
  "杭州亚运会": {
    "href": "https://s.weibo.com/weibo?q=%E6%9D%AD%E5%B7%9E%E4%BA%9A%E8%BF%90%E4%BC%9A&t=31&band_rank=30&Refer=top",
    "hot": 172139,
    "zhong": ""
  },
  "Ella听到许靖韵淘汰的反应": {
    "href": "https://s.weibo.com/weibo?q=%23Ella%E5%90%AC%E5%88%B0%E8%AE%B8%E9%9D%96%E9%9F%B5%E6%B7%98%E6%B1%B0%E7%9A%84%E5%8F%8D%E5%BA%94%23&t=31&band_rank=31&Refer=top",
    "hot": 168359,
    "zhong": "综艺"
  },
  "王源重庆演唱会门票秒没": {
    "href": "https://s.weibo.com/weibo?q=%23%E7%8E%8B%E6%BA%90%E9%87%8D%E5%BA%86%E6%BC%94%E5%94%B1%E4%BC%9A%E9%97%A8%E7%A5%A8%E7%A7%92%E6%B2%A1%23&t=31&band_rank=32&Refer=top",
    "hot": 165855,
    "zhong": "音乐"
  },
  "刘昊然周冬雨戛纳海边同框": {
    "href": "https://s.weibo.com/weibo?q=%23%E5%88%98%E6%98%8A%E7%84%B6%E5%91%A8%E5%86%AC%E9%9B%A8%E6%88%9B%E7%BA%B3%E6%B5%B7%E8%BE%B9%E5%90%8C%E6%A1%86%23&t=31&band_rank=33&Refer=top",
    "hot": 160573,
    "zhong": "盛典"
  },
  "网友解析孟羽童高分简历": {
    "href": "https://s.weibo.com/weibo?q=%E7%BD%91%E5%8F%8B%E8%A7%A3%E6%9E%90%E5%AD%9F%E7%BE%BD%E7%AB%A5%E9%AB%98%E5%88%86%E7%AE%80%E5%8E%86&t=31&band_rank=34&Refer=top",
    "hot": 156644,
    "zhong": ""
  },
  "24岁小伙带着一群年轻人干保洁": {
    "href": "https://s.weibo.com/weibo?q=%2324%E5%B2%81%E5%B0%8F%E4%BC%99%E5%B8%A6%E7%9D%80%E4%B8%80%E7%BE%A4%E5%B9%B4%E8%BD%BB%E4%BA%BA%E5%B9%B2%E4%BF%9D%E6%B4%81%23&t=31&band_rank=35&Refer=top",
    "hot": 150164,
    "zhong": ""
  },
  "华晨宇武汉": {
    "href": "https://s.weibo.com/weibo?q=%E5%8D%8E%E6%99%A8%E5%AE%87%E6%AD%A6%E6%B1%89&t=31&band_rank=36&Refer=top",
    "hot": 148774,
    "zhong": "音乐"
  },
  "打工小伙请10天年假参加音乐比赛": {
    "href": "https://s.weibo.com/weibo?q=%23%E6%89%93%E5%B7%A5%E5%B0%8F%E4%BC%99%E8%AF%B710%E5%A4%A9%E5%B9%B4%E5%81%87%E5%8F%82%E5%8A%A0%E9%9F%B3%E4%B9%90%E6%AF%94%E8%B5%9B%23&t=31&band_rank=37&Refer=top",
    "hot": 142987,
    "zhong": ""
  },
  "桃花坞": {
    "href": "https://s.weibo.com/weibo?q=%E6%A1%83%E8%8A%B1%E5%9D%9E&t=31&band_rank=38&Refer=top",
    "hot": 141352,
    "zhong": "综艺"
  },
  "伯远给种地吧买了半头猪": {
    "href": "https://s.weibo.com/weibo?q=%23%E4%BC%AF%E8%BF%9C%E7%BB%99%E7%A7%8D%E5%9C%B0%E5%90%A7%E4%B9%B0%E4%BA%86%E5%8D%8A%E5%A4%B4%E7%8C%AA%23&t=31&band_rank=39&Refer=top",
    "hot": 141245,
    "zhong": "综艺"
  },
  "女子当全职主妇20余年离婚获5万劳补": {
    "href": "https://s.weibo.com/weibo?q=%23%E5%A5%B3%E5%AD%90%E5%BD%93%E5%85%A8%E8%81%8C%E4%B8%BB%E5%A6%8720%E4%BD%99%E5%B9%B4%E7%A6%BB%E5%A9%9A%E8%8E%B75%E4%B8%87%E5%8A%B3%E8%A1%A5%23&t=31&band_rank=40&Refer=top",
    "hot": 141165,
    "zhong": ""
  },
  "汤唯戛纳晚宴发言": {
    "href": "https://s.weibo.com/weibo?q=%23%E6%B1%A4%E5%94%AF%E6%88%9B%E7%BA%B3%E6%99%9A%E5%AE%B4%E5%8F%91%E8%A8%80%23&t=31&band_rank=41&Refer=top",
    "hot": 141105,
    "zhong": "盛典"
  },
  "许靖韵 淘汰": {
    "href": "https://s.weibo.com/weibo?q=%E8%AE%B8%E9%9D%96%E9%9F%B5%20%E6%B7%98%E6%B1%B0&t=31&band_rank=42&Refer=top",
    "hot": 135032,
    "zhong": "综艺"
  },
  "赵丽颖对镜比心六连拍": {
    "href": "https://s.weibo.com/weibo?q=%23%E8%B5%B5%E4%B8%BD%E9%A2%96%E5%AF%B9%E9%95%9C%E6%AF%94%E5%BF%83%E5%85%AD%E8%BF%9E%E6%8B%8D%23&t=31&band_rank=43&Refer=top",
    "hot": 119278,
    "zhong": ""
  },
  "王源演唱会门票": {
    "href": "https://s.weibo.com/weibo?q=%E7%8E%8B%E6%BA%90%E6%BC%94%E5%94%B1%E4%BC%9A%E9%97%A8%E7%A5%A8&t=31&band_rank=44&Refer=top",
    "hot": 119043,
    "zhong": "音乐"
  },
  "弑母案吴谢宇自称考试机器值得警醒": {
    "href": "https://s.weibo.com/weibo?q=%23%E5%BC%91%E6%AF%8D%E6%A1%88%E5%90%B4%E8%B0%A2%E5%AE%87%E8%87%AA%E7%A7%B0%E8%80%83%E8%AF%95%E6%9C%BA%E5%99%A8%E5%80%BC%E5%BE%97%E8%AD%A6%E9%86%92%23&t=31&band_rank=45&Refer=top",
    "hot": 116682,
    "zhong": ""
  },
  "布丁狗": {
    "href": "https://s.weibo.com/weibo?q=%E5%B8%83%E4%B8%81%E7%8B%97&t=31&band_rank=46&Refer=top",
    "hot": 103508,
    "zhong": ""
  },
  "放在整个致谢届都是相当炸裂": {
    "href": "https://s.weibo.com/weibo?q=%23%E6%94%BE%E5%9C%A8%E6%95%B4%E4%B8%AA%E8%87%B4%E8%B0%A2%E5%B1%8A%E9%83%BD%E6%98%AF%E7%9B%B8%E5%BD%93%E7%82%B8%E8%A3%82%23&t=31&band_rank=47&Refer=top",
    "hot": 103396,
    "zhong": ""
  },
  "女子独自输液外卖小哥帮插奶茶吸管": {
    "href": "https://s.weibo.com/weibo?q=%23%E5%A5%B3%E5%AD%90%E7%8B%AC%E8%87%AA%E8%BE%93%E6%B6%B2%E5%A4%96%E5%8D%96%E5%B0%8F%E5%93%A5%E5%B8%AE%E6%8F%92%E5%A5%B6%E8%8C%B6%E5%90%B8%E7%AE%A1%23&t=31&band_rank=48&Refer=top",
    "hot": 103307,
    "zhong": ""
  },
  "钎城白衬衫好清新": {
    "href": "https://s.weibo.com/weibo?q=%23%E9%92%8E%E5%9F%8E%E7%99%BD%E8%A1%AC%E8%A1%AB%E5%A5%BD%E6%B8%85%E6%96%B0%23&t=31&band_rank=49&Refer=top",
    "hot": 103181,
    "zhong": ""
  },
  "巴特勒格威冲突": {
    "href": "https://s.weibo.com/weibo?q=%23%E5%B7%B4%E7%89%B9%E5%8B%92%E6%A0%BC%E5%A8%81%E5%86%B2%E7%AA%81%23&t=31&band_rank=50&Refer=top",
    "hot": 103113,
    "zhong": ""
  }
}