{
  "金鸡奖15个评委都投给了朱一龙": {
    "href": "https://s.weibo.com/weibo?q=%23%E9%87%91%E9%B8%A1%E5%A5%9615%E4%B8%AA%E8%AF%84%E5%A7%94%E9%83%BD%E6%8A%95%E7%BB%99%E4%BA%86%E6%9C%B1%E4%B8%80%E9%BE%99%23&t=31&band_rank=1&Refer=top",
    "hot": 2059373,
    "zhong": "盛典"
  },
  "河南紧急下拨2亿元用于小麦烘干": {
    "href": "https://s.weibo.com/weibo?q=%23%E6%B2%B3%E5%8D%97%E7%B4%A7%E6%80%A5%E4%B8%8B%E6%8B%A82%E4%BA%BF%E5%85%83%E7%94%A8%E4%BA%8E%E5%B0%8F%E9%BA%A6%E7%83%98%E5%B9%B2%23&t=31&band_rank=2&Refer=top",
    "hot": 1187833,
    "zhong": ""
  },
  "一人一句祝福神十六": {
    "href": "https://s.weibo.com/weibo?q=%23%E4%B8%80%E4%BA%BA%E4%B8%80%E5%8F%A5%E7%A5%9D%E7%A6%8F%E7%A5%9E%E5%8D%81%E5%85%AD%23&t=31&band_rank=3&Refer=top",
    "hot": 1081210,
    "zhong": ""
  },
  "离婚了30万彩礼该不该返还": {
    "href": "https://s.weibo.com/weibo?q=%23%E7%A6%BB%E5%A9%9A%E4%BA%8630%E4%B8%87%E5%BD%A9%E7%A4%BC%E8%AF%A5%E4%B8%8D%E8%AF%A5%E8%BF%94%E8%BF%98%23&t=31&band_rank=4&Refer=top",
    "hot": 1055273,
    "zhong": "投票"
  },
  "身体缺什么 嘴巴早知道": {
    "href": "https://s.weibo.com/weibo?q=%E8%BA%AB%E4%BD%93%E7%BC%BA%E4%BB%80%E4%B9%88%20%E5%98%B4%E5%B7%B4%E6%97%A9%E7%9F%A5%E9%81%93&t=31&band_rank=5&Refer=top",
    "hot": 1021415,
    "zhong": ""
  },
  "点亮精神火炬": {
    "href": "https://s.weibo.com/weibo?q=%23%E7%82%B9%E4%BA%AE%E7%B2%BE%E7%A5%9E%E7%81%AB%E7%82%AC%23&t=31&band_rank=3&Refer=top",
    "hot": 974404,
    "zhong": ""
  },
  "杨紫摄影师出来聊聊": {
    "href": "https://s.weibo.com/weibo?q=%23%E6%9D%A8%E7%B4%AB%E6%91%84%E5%BD%B1%E5%B8%88%E5%87%BA%E6%9D%A5%E8%81%8A%E8%81%8A%23&t=31&band_rank=10&Refer=top",
    "hot": 950509,
    "zhong": ""
  },
  "刘宪华一天给Amber打8个电话": {
    "href": "https://s.weibo.com/weibo?q=%23%E5%88%98%E5%AE%AA%E5%8D%8E%E4%B8%80%E5%A4%A9%E7%BB%99Amber%E6%89%938%E4%B8%AA%E7%94%B5%E8%AF%9D%23&t=31&band_rank=6&Refer=top",
    "hot": 935346,
    "zhong": ""
  },
  "丫丫回家后判若两熊": {
    "href": "https://s.weibo.com/weibo?q=%23%E4%B8%AB%E4%B8%AB%E5%9B%9E%E5%AE%B6%E5%90%8E%E5%88%A4%E8%8B%A5%E4%B8%A4%E7%86%8A%23&t=31&band_rank=7&Refer=top",
    "hot": 604546,
    "zhong": ""
  },
  "华晨宇加入LGD": {
    "href": "https://s.weibo.com/weibo?q=%23%E5%8D%8E%E6%99%A8%E5%AE%87%E5%8A%A0%E5%85%A5LGD%23&t=31&band_rank=8&Refer=top",
    "hot": 592224,
    "zhong": ""
  },
  "马斯克私人飞机降落北京": {
    "href": "https://s.weibo.com/weibo?q=%23%E9%A9%AC%E6%96%AF%E5%85%8B%E7%A7%81%E4%BA%BA%E9%A3%9E%E6%9C%BA%E9%99%8D%E8%90%BD%E5%8C%97%E4%BA%AC%23&t=31&band_rank=9&Refer=top",
    "hot": 559411,
    "zhong": ""
  },
  "时尚芭莎年度派对": {
    "href": "https://s.weibo.com/weibo?q=%E6%97%B6%E5%B0%9A%E8%8A%AD%E8%8E%8E%E5%B9%B4%E5%BA%A6%E6%B4%BE%E5%AF%B9&t=31&band_rank=25&Refer=top",
    "hot": 543591,
    "zhong": ""
  },
  "电子科技大学": {
    "href": "https://s.weibo.com/weibo?q=%E7%94%B5%E5%AD%90%E7%A7%91%E6%8A%80%E5%A4%A7%E5%AD%A6&t=31&band_rank=11&Refer=top",
    "hot": 542983,
    "zhong": ""
  },
  "20岁小伙月入6000背百万房贷": {
    "href": "https://s.weibo.com/weibo?q=%2320%E5%B2%81%E5%B0%8F%E4%BC%99%E6%9C%88%E5%85%A56000%E8%83%8C%E7%99%BE%E4%B8%87%E6%88%BF%E8%B4%B7%23&t=31&band_rank=12&Refer=top",
    "hot": 539125,
    "zhong": ""
  },
  "杨紫脸颊痣": {
    "href": "https://s.weibo.com/weibo?q=%23%E6%9D%A8%E7%B4%AB%E8%84%B8%E9%A2%8A%E7%97%A3%23&t=31&band_rank=13&Refer=top",
    "hot": 538688,
    "zhong": ""
  },
  "杨紫新妆容": {
    "href": "https://s.weibo.com/weibo?q=%23%E6%9D%A8%E7%B4%AB%E6%96%B0%E5%A6%86%E5%AE%B9%23&t=31&band_rank=14&Refer=top",
    "hot": 520901,
    "zhong": ""
  },
  "宋轶白敬亭好嗑": {
    "href": "https://s.weibo.com/weibo?q=%23%E5%AE%8B%E8%BD%B6%E7%99%BD%E6%95%AC%E4%BA%AD%E5%A5%BD%E5%97%91%23&t=31&band_rank=15&Refer=top",
    "hot": 520849,
    "zhong": "剧集"
  },
  "神十六成功对接空间站组合体": {
    "href": "https://s.weibo.com/weibo?q=%23%E7%A5%9E%E5%8D%81%E5%85%AD%E6%88%90%E5%8A%9F%E5%AF%B9%E6%8E%A5%E7%A9%BA%E9%97%B4%E7%AB%99%E7%BB%84%E5%90%88%E4%BD%93%23&t=31&band_rank=16&Refer=top",
    "hot": 516270,
    "zhong": ""
  },
  "孙千 妈爱你一万年骗你是小狗": {
    "href": "https://s.weibo.com/weibo?q=%E5%AD%99%E5%8D%83%20%E5%A6%88%E7%88%B1%E4%BD%A0%E4%B8%80%E4%B8%87%E5%B9%B4%E9%AA%97%E4%BD%A0%E6%98%AF%E5%B0%8F%E7%8B%97&t=31&band_rank=18&Refer=top",
    "hot": 499173,
    "zhong": ""
  },
  "被丈夫砍杀柯基威胁女子回应彩礼争议": {
    "href": "https://s.weibo.com/weibo?q=%23%E8%A2%AB%E4%B8%88%E5%A4%AB%E7%A0%8D%E6%9D%80%E6%9F%AF%E5%9F%BA%E5%A8%81%E8%83%81%E5%A5%B3%E5%AD%90%E5%9B%9E%E5%BA%94%E5%BD%A9%E7%A4%BC%E4%BA%89%E8%AE%AE%23&t=31&band_rank=17&Refer=top",
    "hot": 490301,
    "zhong": ""
  },
  "胡彦斌新恋情被曝后首发博": {
    "href": "https://s.weibo.com/weibo?q=%23%E8%83%A1%E5%BD%A6%E6%96%8C%E6%96%B0%E6%81%8B%E6%83%85%E8%A2%AB%E6%9B%9D%E5%90%8E%E9%A6%96%E5%8F%91%E5%8D%9A%23&t=31&band_rank=19&Refer=top",
    "hot": 463135,
    "zhong": ""
  },
  "鹿晗演唱会主办方是自己": {
    "href": "https://s.weibo.com/weibo?q=%E9%B9%BF%E6%99%97%E6%BC%94%E5%94%B1%E4%BC%9A%E4%B8%BB%E5%8A%9E%E6%96%B9%E6%98%AF%E8%87%AA%E5%B7%B1&t=31&band_rank=20&Refer=top",
    "hot": 438085,
    "zhong": "音乐"
  },
  "03 你还有七个学生没毕业": {
    "href": "https://s.weibo.com/weibo?q=%2303%20%E4%BD%A0%E8%BF%98%E6%9C%89%E4%B8%83%E4%B8%AA%E5%AD%A6%E7%94%9F%E6%B2%A1%E6%AF%95%E4%B8%9A%23&t=31&band_rank=22&Refer=top",
    "hot": 381839,
    "zhong": ""
  },
  "秦昊恋爱脑": {
    "href": "https://s.weibo.com/weibo?q=%23%E7%A7%A6%E6%98%8A%E6%81%8B%E7%88%B1%E8%84%91%23&t=31&band_rank=21&Refer=top",
    "hot": 378325,
    "zhong": ""
  },
  "韩国男爱豆猥亵队友一审被判缓刑": {
    "href": "https://s.weibo.com/weibo?q=%23%E9%9F%A9%E5%9B%BD%E7%94%B7%E7%88%B1%E8%B1%86%E7%8C%A5%E4%BA%B5%E9%98%9F%E5%8F%8B%E4%B8%80%E5%AE%A1%E8%A2%AB%E5%88%A4%E7%BC%93%E5%88%91%23&t=31&band_rank=23&Refer=top",
    "hot": 371523,
    "zhong": ""
  },
  "90后为什么不喝星巴克了": {
    "href": "https://s.weibo.com/weibo?q=%2390%E5%90%8E%E4%B8%BA%E4%BB%80%E4%B9%88%E4%B8%8D%E5%96%9D%E6%98%9F%E5%B7%B4%E5%85%8B%E4%BA%86%23&t=31&band_rank=24&Refer=top",
    "hot": 345856,
    "zhong": ""
  },
  "直播间明星带货竟是AI换脸": {
    "href": "https://s.weibo.com/weibo?q=%23%E7%9B%B4%E6%92%AD%E9%97%B4%E6%98%8E%E6%98%9F%E5%B8%A6%E8%B4%A7%E7%AB%9F%E6%98%AFAI%E6%8D%A2%E8%84%B8%23&t=31&band_rank=26&Refer=top",
    "hot": 300549,
    "zhong": ""
  },
  "吴谢宇死刑": {
    "href": "https://s.weibo.com/weibo?q=%23%E5%90%B4%E8%B0%A2%E5%AE%87%E6%AD%BB%E5%88%91%23&t=31&band_rank=27&Refer=top",
    "hot": 285825,
    "zhong": ""
  },
  "韩国豆瓣排名靠前的中国艺人": {
    "href": "https://s.weibo.com/weibo?q=%23%E9%9F%A9%E5%9B%BD%E8%B1%86%E7%93%A3%E6%8E%92%E5%90%8D%E9%9D%A0%E5%89%8D%E7%9A%84%E4%B8%AD%E5%9B%BD%E8%89%BA%E4%BA%BA%23&t=31&band_rank=29&Refer=top",
    "hot": 283231,
    "zhong": ""
  },
  "陈都灵粉色吊带": {
    "href": "https://s.weibo.com/weibo?q=%23%E9%99%88%E9%83%BD%E7%81%B5%E7%B2%89%E8%89%B2%E5%90%8A%E5%B8%A6%23&t=31&band_rank=28&Refer=top",
    "hot": 274444,
    "zhong": ""
  },
  "林彦俊芭莎年度派对上班路透": {
    "href": "https://s.weibo.com/weibo?q=%23%E6%9E%97%E5%BD%A6%E4%BF%8A%E8%8A%AD%E8%8E%8E%E5%B9%B4%E5%BA%A6%E6%B4%BE%E5%AF%B9%E4%B8%8A%E7%8F%AD%E8%B7%AF%E9%80%8F%23&t=31&band_rank=39&Refer=top",
    "hot": 255860,
    "zhong": ""
  },
  "给孩子买学习硬件注意啥": {
    "href": "https://s.weibo.com/weibo?q=%23%E7%BB%99%E5%AD%A9%E5%AD%90%E4%B9%B0%E5%AD%A6%E4%B9%A0%E7%A1%AC%E4%BB%B6%E6%B3%A8%E6%84%8F%E5%95%A5%23&t=31&band_rank=40&Refer=top",
    "hot": 254299,
    "zhong": ""
  },
  "这才是真正的梨型身材": {
    "href": "https://s.weibo.com/weibo?q=%23%E8%BF%99%E6%89%8D%E6%98%AF%E7%9C%9F%E6%AD%A3%E7%9A%84%E6%A2%A8%E5%9E%8B%E8%BA%AB%E6%9D%90%23&t=31&band_rank=30&Refer=top",
    "hot": 252018,
    "zhong": ""
  },
  "2023新一线城市名单官宣": {
    "href": "https://s.weibo.com/weibo?q=%232023%E6%96%B0%E4%B8%80%E7%BA%BF%E5%9F%8E%E5%B8%82%E5%90%8D%E5%8D%95%E5%AE%98%E5%AE%A3%23&t=31&band_rank=31&Refer=top",
    "hot": 239091,
    "zhong": ""
  },
  "四川自来水公司呼吁每月洗澡2到4次": {
    "href": "https://s.weibo.com/weibo?q=%23%E5%9B%9B%E5%B7%9D%E8%87%AA%E6%9D%A5%E6%B0%B4%E5%85%AC%E5%8F%B8%E5%91%BC%E5%90%81%E6%AF%8F%E6%9C%88%E6%B4%97%E6%BE%A12%E5%88%B04%E6%AC%A1%23&t=31&band_rank=34&Refer=top",
    "hot": 238861,
    "zhong": ""
  },
  "明星芭莎年度派对造型": {
    "href": "https://s.weibo.com/weibo?q=%23%E6%98%8E%E6%98%9F%E8%8A%AD%E8%8E%8E%E5%B9%B4%E5%BA%A6%E6%B4%BE%E5%AF%B9%E9%80%A0%E5%9E%8B%23&t=31&band_rank=33&Refer=top",
    "hot": 236545,
    "zhong": ""
  },
  "迪丽热巴龚俊坐在一起": {
    "href": "https://s.weibo.com/weibo?q=%23%E8%BF%AA%E4%B8%BD%E7%83%AD%E5%B7%B4%E9%BE%9A%E4%BF%8A%E5%9D%90%E5%9C%A8%E4%B8%80%E8%B5%B7%23&t=31&band_rank=32&Refer=top",
    "hot": 235898,
    "zhong": ""
  },
  "月入多少才会考虑买房": {
    "href": "https://s.weibo.com/weibo?q=%23%E6%9C%88%E5%85%A5%E5%A4%9A%E5%B0%91%E6%89%8D%E4%BC%9A%E8%80%83%E8%99%91%E4%B9%B0%E6%88%BF%23&t=31&band_rank=35&Refer=top",
    "hot": 229499,
    "zhong": "投票"
  },
  "李湘为王诗龄庆儿童节": {
    "href": "https://s.weibo.com/weibo?q=%23%E6%9D%8E%E6%B9%98%E4%B8%BA%E7%8E%8B%E8%AF%97%E9%BE%84%E5%BA%86%E5%84%BF%E7%AB%A5%E8%8A%82%23&t=31&band_rank=36&Refer=top",
    "hot": 222848,
    "zhong": ""
  },
  "长风渡": {
    "href": "https://s.weibo.com/weibo?q=%E9%95%BF%E9%A3%8E%E6%B8%A1&t=31&band_rank=37&Refer=top",
    "hot": 220606,
    "zhong": "剧集"
  },
  "吴磊演我向往的生活": {
    "href": "https://s.weibo.com/weibo?q=%23%E5%90%B4%E7%A3%8A%E6%BC%94%E6%88%91%E5%90%91%E5%BE%80%E7%9A%84%E7%94%9F%E6%B4%BB%23&t=31&band_rank=38&Refer=top",
    "hot": 199223,
    "zhong": "综艺"
  },
  "时尚芭莎红毯": {
    "href": "https://s.weibo.com/weibo?q=%E6%97%B6%E5%B0%9A%E8%8A%AD%E8%8E%8E%E7%BA%A2%E6%AF%AF&t=31&band_rank=40&Refer=top",
    "hot": 197397,
    "zhong": ""
  },
  "众星祝贺神十六发射圆满成功": {
    "href": "https://s.weibo.com/weibo?q=%23%E4%BC%97%E6%98%9F%E7%A5%9D%E8%B4%BA%E7%A5%9E%E5%8D%81%E5%85%AD%E5%8F%91%E5%B0%84%E5%9C%86%E6%BB%A1%E6%88%90%E5%8A%9F%23&t=31&band_rank=41&Refer=top",
    "hot": 188167,
    "zhong": ""
  },
  "因为会骂人被领导赏识": {
    "href": "https://s.weibo.com/weibo?q=%23%E5%9B%A0%E4%B8%BA%E4%BC%9A%E9%AA%82%E4%BA%BA%E8%A2%AB%E9%A2%86%E5%AF%BC%E8%B5%8F%E8%AF%86%23&t=31&band_rank=43&Refer=top",
    "hot": 186612,
    "zhong": ""
  },
  "哈尔滨偶遇宁艺卓": {
    "href": "https://s.weibo.com/weibo?q=%23%E5%93%88%E5%B0%94%E6%BB%A8%E5%81%B6%E9%81%87%E5%AE%81%E8%89%BA%E5%8D%93%23&t=31&band_rank=42&Refer=top",
    "hot": 170035,
    "zhong": ""
  },
  "陶昕然发博寻5年前飞机邻座男士": {
    "href": "https://s.weibo.com/weibo?q=%23%E9%99%B6%E6%98%95%E7%84%B6%E5%8F%91%E5%8D%9A%E5%AF%BB5%E5%B9%B4%E5%89%8D%E9%A3%9E%E6%9C%BA%E9%82%BB%E5%BA%A7%E7%94%B7%E5%A3%AB%23&t=31&band_rank=44&Refer=top",
    "hot": 164774,
    "zhong": ""
  },
  "专家称女性独立的副作用是生育下降": {
    "href": "https://s.weibo.com/weibo?q=%23%E4%B8%93%E5%AE%B6%E7%A7%B0%E5%A5%B3%E6%80%A7%E7%8B%AC%E7%AB%8B%E7%9A%84%E5%89%AF%E4%BD%9C%E7%94%A8%E6%98%AF%E7%94%9F%E8%82%B2%E4%B8%8B%E9%99%8D%23&t=31&band_rank=45&Refer=top",
    "hot": 163418,
    "zhong": ""
  },
  "儿童护眼学习小妙招": {
    "href": "https://s.weibo.com/weibo?q=%23%E5%84%BF%E7%AB%A5%E6%8A%A4%E7%9C%BC%E5%AD%A6%E4%B9%A0%E5%B0%8F%E5%A6%99%E6%8B%9B%23&t=31&band_rank=47&Refer=top",
    "hot": 161004,
    "zhong": ""
  },
  "生孩子到底能治什么病": {
    "href": "https://s.weibo.com/weibo?q=%E7%94%9F%E5%AD%A9%E5%AD%90%E5%88%B0%E5%BA%95%E8%83%BD%E6%B2%BB%E4%BB%80%E4%B9%88%E7%97%85&t=31&band_rank=46&Refer=top",
    "hot": 159761,
    "zhong": ""
  },
  "磁悬浮小肥羊": {
    "href": "https://s.weibo.com/weibo?q=%E7%A3%81%E6%82%AC%E6%B5%AE%E5%B0%8F%E8%82%A5%E7%BE%8A&t=31&band_rank=49&Refer=top",
    "hot": 157749,
    "zhong": ""
  },
  "莫斯科": {
    "href": "https://s.weibo.com/weibo?q=%E8%8E%AB%E6%96%AF%E7%A7%91&t=31&band_rank=48&Refer=top",
    "hot": 156306,
    "zhong": ""
  },
  "五月天演唱会的钱都被谁赚了": {
    "href": "https://s.weibo.com/weibo?q=%23%E4%BA%94%E6%9C%88%E5%A4%A9%E6%BC%94%E5%94%B1%E4%BC%9A%E7%9A%84%E9%92%B1%E9%83%BD%E8%A2%AB%E8%B0%81%E8%B5%9A%E4%BA%86%23&t=31&band_rank=50&Refer=top",
    "hot": 155064,
    "zhong": "音乐"
  }
}