{
  "宁安如梦没播": {
    "href": "https://s.weibo.com/weibo?q=%23%E5%AE%81%E5%AE%89%E5%A6%82%E6%A2%A6%E6%B2%A1%E6%92%AD%23&t=31&band_rank=1&Refer=top",
    "hot": 6712131,
    "zhong": "剧集"
  },
  "葫芦鸡是峰会国宴的主菜": {
    "href": "https://s.weibo.com/weibo?q=%23%E8%91%AB%E8%8A%A6%E9%B8%A1%E6%98%AF%E5%B3%B0%E4%BC%9A%E5%9B%BD%E5%AE%B4%E7%9A%84%E4%B8%BB%E8%8F%9C%23&t=31&band_rank=2&Refer=top",
    "hot": 3408272,
    "zhong": ""
  },
  "今天是中国旅游日": {
    "href": "https://s.weibo.com/weibo?q=%23%E4%BB%8A%E5%A4%A9%E6%98%AF%E4%B8%AD%E5%9B%BD%E6%97%85%E6%B8%B8%E6%97%A5%23&t=31&band_rank=3&Refer=top",
    "hot": 1851211,
    "zhong": ""
  },
  "爱奇艺": {
    "href": "https://s.weibo.com/weibo?q=%E7%88%B1%E5%A5%87%E8%89%BA&t=31&band_rank=4&Refer=top",
    "hot": 1231807,
    "zhong": ""
  },
  "车辆坠河众人义无反顾跳河救人": {
    "href": "https://s.weibo.com/weibo?q=%23%E8%BD%A6%E8%BE%86%E5%9D%A0%E6%B2%B3%E4%BC%97%E4%BA%BA%E4%B9%89%E6%97%A0%E5%8F%8D%E9%A1%BE%E8%B7%B3%E6%B2%B3%E6%95%91%E4%BA%BA%23&t=31&band_rank=5&Refer=top",
    "hot": 905423,
    "zhong": ""
  },
  "庾澄庆方否认心脏病恶化": {
    "href": "https://s.weibo.com/weibo?q=%23%E5%BA%BE%E6%BE%84%E5%BA%86%E6%96%B9%E5%90%A6%E8%AE%A4%E5%BF%83%E8%84%8F%E7%97%85%E6%81%B6%E5%8C%96%23&t=31&band_rank=6&Refer=top",
    "hot": 866361,
    "zhong": ""
  },
  "日照这家无声面馆真的太治愈了": {
    "href": "https://s.weibo.com/weibo?q=%23%E6%97%A5%E7%85%A7%E8%BF%99%E5%AE%B6%E6%97%A0%E5%A3%B0%E9%9D%A2%E9%A6%86%E7%9C%9F%E7%9A%84%E5%A4%AA%E6%B2%BB%E6%84%88%E4%BA%86%23&t=31&band_rank=7&Refer=top",
    "hot": 863697,
    "zhong": ""
  },
  "洪晃": {
    "href": "https://s.weibo.com/weibo?q=%E6%B4%AA%E6%99%83&t=31&band_rank=8&Refer=top",
    "hot": 863264,
    "zhong": "盛典"
  },
  "上班以后情绪真的稳定了": {
    "href": "https://s.weibo.com/weibo?q=%E4%B8%8A%E7%8F%AD%E4%BB%A5%E5%90%8E%E6%83%85%E7%BB%AA%E7%9C%9F%E7%9A%84%E7%A8%B3%E5%AE%9A%E4%BA%86&t=31&band_rank=9&Refer=top",
    "hot": 833863,
    "zhong": ""
  },
  "澳洲钉子户拒绝2.3亿拆迁款": {
    "href": "https://s.weibo.com/weibo?q=%E6%BE%B3%E6%B4%B2%E9%92%89%E5%AD%90%E6%88%B7%E6%8B%92%E7%BB%9D2.3%E4%BA%BF%E6%8B%86%E8%BF%81%E6%AC%BE&t=31&band_rank=10&Refer=top",
    "hot": 827843,
    "zhong": ""
  },
  "宁安如梦": {
    "href": "https://s.weibo.com/weibo?q=%E5%AE%81%E5%AE%89%E5%A6%82%E6%A2%A6&t=31&band_rank=11&Refer=top",
    "hot": 827802,
    "zhong": "剧集"
  },
  "巴厘岛男子割颈后为何还能挣扎20分钟": {
    "href": "https://s.weibo.com/weibo?q=%23%E5%B7%B4%E5%8E%98%E5%B2%9B%E7%94%B7%E5%AD%90%E5%89%B2%E9%A2%88%E5%90%8E%E4%B8%BA%E4%BD%95%E8%BF%98%E8%83%BD%E6%8C%A3%E6%89%8E20%E5%88%86%E9%92%9F%23&t=31&band_rank=12&Refer=top",
    "hot": 827367,
    "zhong": ""
  },
  "宁安如梦直播呢": {
    "href": "https://s.weibo.com/weibo?q=%E5%AE%81%E5%AE%89%E5%A6%82%E6%A2%A6%E7%9B%B4%E6%92%AD%E5%91%A2&t=31&band_rank=13&Refer=top",
    "hot": 825713,
    "zhong": "剧集"
  },
  "李秀满来北京了": {
    "href": "https://s.weibo.com/weibo?q=%23%E6%9D%8E%E7%A7%80%E6%BB%A1%E6%9D%A5%E5%8C%97%E4%BA%AC%E4%BA%86%23&t=31&band_rank=14&Refer=top",
    "hot": 691788,
    "zhong": ""
  },
  "毕业季告白": {
    "href": "https://s.weibo.com/weibo?q=%23%E6%AF%95%E4%B8%9A%E5%AD%A3%E5%91%8A%E7%99%BD%23&t=31&band_rank=15&Refer=top",
    "hot": 651405,
    "zhong": ""
  },
  "徐怀钰一个人坐在角落里": {
    "href": "https://s.weibo.com/weibo?q=%23%E5%BE%90%E6%80%80%E9%92%B0%E4%B8%80%E4%B8%AA%E4%BA%BA%E5%9D%90%E5%9C%A8%E8%A7%92%E8%90%BD%E9%87%8C%23&t=31&band_rank=16&Refer=top",
    "hot": 620146,
    "zhong": "综艺"
  },
  "唐嫣父亲接唐嫣女儿放学": {
    "href": "https://s.weibo.com/weibo?q=%23%E5%94%90%E5%AB%A3%E7%88%B6%E4%BA%B2%E6%8E%A5%E5%94%90%E5%AB%A3%E5%A5%B3%E5%84%BF%E6%94%BE%E5%AD%A6%23&t=31&band_rank=17&Refer=top",
    "hot": 615330,
    "zhong": ""
  },
  "服务区": {
    "href": "https://s.weibo.com/weibo?q=%E6%9C%8D%E5%8A%A1%E5%8C%BA&t=31&band_rank=18&Refer=top",
    "hot": 340448,
    "zhong": ""
  },
  "YG在调查Jennie金泰亨照片散布者": {
    "href": "https://s.weibo.com/weibo?q=%23YG%E5%9C%A8%E8%B0%83%E6%9F%A5Jennie%E9%87%91%E6%B3%B0%E4%BA%A8%E7%85%A7%E7%89%87%E6%95%A3%E5%B8%83%E8%80%85%23&t=31&band_rank=19&Refer=top",
    "hot": 331763,
    "zhong": ""
  },
  "妈妈没有处理好课题分离": {
    "href": "https://s.weibo.com/weibo?q=%E5%A6%88%E5%A6%88%E6%B2%A1%E6%9C%89%E5%A4%84%E7%90%86%E5%A5%BD%E8%AF%BE%E9%A2%98%E5%88%86%E7%A6%BB&t=31&band_rank=20&Refer=top",
    "hot": 309931,
    "zhong": ""
  },
  "原来子宫比鸡蛋还要小": {
    "href": "https://s.weibo.com/weibo?q=%23%E5%8E%9F%E6%9D%A5%E5%AD%90%E5%AE%AB%E6%AF%94%E9%B8%A1%E8%9B%8B%E8%BF%98%E8%A6%81%E5%B0%8F%23&t=31&band_rank=21&Refer=top",
    "hot": 305480,
    "zhong": ""
  },
  "同事让我给他看工资条后悔了": {
    "href": "https://s.weibo.com/weibo?q=%23%E5%90%8C%E4%BA%8B%E8%AE%A9%E6%88%91%E7%BB%99%E4%BB%96%E7%9C%8B%E5%B7%A5%E8%B5%84%E6%9D%A1%E5%90%8E%E6%82%94%E4%BA%86%23&t=31&band_rank=22&Refer=top",
    "hot": 303537,
    "zhong": ""
  },
  "梦中的那片海": {
    "href": "https://s.weibo.com/weibo?q=%E6%A2%A6%E4%B8%AD%E7%9A%84%E9%82%A3%E7%89%87%E6%B5%B7&t=31&band_rank=23&Refer=top",
    "hot": 300652,
    "zhong": "剧集"
  },
  "龚俊和洪晃合照闭眼了": {
    "href": "https://s.weibo.com/weibo?q=%23%E9%BE%9A%E4%BF%8A%E5%92%8C%E6%B4%AA%E6%99%83%E5%90%88%E7%85%A7%E9%97%AD%E7%9C%BC%E4%BA%86%23&t=31&band_rank=24&Refer=top",
    "hot": 289290,
    "zhong": "盛典"
  },
  "哈工大回应为学生结婚开绿灯": {
    "href": "https://s.weibo.com/weibo?q=%23%E5%93%88%E5%B7%A5%E5%A4%A7%E5%9B%9E%E5%BA%94%E4%B8%BA%E5%AD%A6%E7%94%9F%E7%BB%93%E5%A9%9A%E5%BC%80%E7%BB%BF%E7%81%AF%23&t=31&band_rank=25&Refer=top",
    "hot": 272370,
    "zhong": ""
  },
  "张雨绮戛纳晚宴": {
    "href": "https://s.weibo.com/weibo?q=%E5%BC%A0%E9%9B%A8%E7%BB%AE%E6%88%9B%E7%BA%B3%E6%99%9A%E5%AE%B4&t=31&band_rank=26&Refer=top",
    "hot": 271440,
    "zhong": "盛典"
  },
  "YG新女团生图": {
    "href": "https://s.weibo.com/weibo?q=%23YG%E6%96%B0%E5%A5%B3%E5%9B%A2%E7%94%9F%E5%9B%BE%23&t=31&band_rank=27&Refer=top",
    "hot": 266628,
    "zhong": ""
  },
  "网友把TFBOYS头像文身上": {
    "href": "https://s.weibo.com/weibo?q=%23%E7%BD%91%E5%8F%8B%E6%8A%8ATFBOYS%E5%A4%B4%E5%83%8F%E6%96%87%E8%BA%AB%E4%B8%8A%23&t=31&band_rank=28&Refer=top",
    "hot": 258844,
    "zhong": ""
  },
  "25岁小伙反串表演21年女角": {
    "href": "https://s.weibo.com/weibo?q=%2325%E5%B2%81%E5%B0%8F%E4%BC%99%E5%8F%8D%E4%B8%B2%E8%A1%A8%E6%BC%9421%E5%B9%B4%E5%A5%B3%E8%A7%92%23&t=31&band_rank=29&Refer=top",
    "hot": 252548,
    "zhong": "综艺"
  },
  "BLG对战GEN": {
    "href": "https://s.weibo.com/weibo?q=%23BLG%E5%AF%B9%E6%88%98GEN%23&t=31&band_rank=30&Refer=top",
    "hot": 217057,
    "zhong": ""
  },
  "知名形象指导张学润烧炭自杀": {
    "href": "https://s.weibo.com/weibo?q=%23%E7%9F%A5%E5%90%8D%E5%BD%A2%E8%B1%A1%E6%8C%87%E5%AF%BC%E5%BC%A0%E5%AD%A6%E6%B6%A6%E7%83%A7%E7%82%AD%E8%87%AA%E6%9D%80%23&t=31&band_rank=31&Refer=top",
    "hot": 210926,
    "zhong": ""
  },
  "王鹤棣范丞丞黄明昊三大显眼包": {
    "href": "https://s.weibo.com/weibo?q=%23%E7%8E%8B%E9%B9%A4%E6%A3%A3%E8%8C%83%E4%B8%9E%E4%B8%9E%E9%BB%84%E6%98%8E%E6%98%8A%E4%B8%89%E5%A4%A7%E6%98%BE%E7%9C%BC%E5%8C%85%23&t=31&band_rank=32&Refer=top",
    "hot": 210294,
    "zhong": ""
  },
  "一年存多少钱才有安全感": {
    "href": "https://s.weibo.com/weibo?q=%23%E4%B8%80%E5%B9%B4%E5%AD%98%E5%A4%9A%E5%B0%91%E9%92%B1%E6%89%8D%E6%9C%89%E5%AE%89%E5%85%A8%E6%84%9F%23&t=31&band_rank=33&Refer=top",
    "hot": 207854,
    "zhong": "投票"
  },
  "精心打扮不如大爷随便一穿": {
    "href": "https://s.weibo.com/weibo?q=%23%E7%B2%BE%E5%BF%83%E6%89%93%E6%89%AE%E4%B8%8D%E5%A6%82%E5%A4%A7%E7%88%B7%E9%9A%8F%E4%BE%BF%E4%B8%80%E7%A9%BF%23&t=31&band_rank=34&Refer=top",
    "hot": 203406,
    "zhong": ""
  },
  "石宇奇": {
    "href": "https://s.weibo.com/weibo?q=%E7%9F%B3%E5%AE%87%E5%A5%87&t=31&band_rank=35&Refer=top",
    "hot": 200414,
    "zhong": ""
  },
  "庾澄庆": {
    "href": "https://s.weibo.com/weibo?q=%E5%BA%BE%E6%BE%84%E5%BA%86&t=31&band_rank=36&Refer=top",
    "hot": 200373,
    "zhong": ""
  },
  "宁安如梦苦果亦求版预告": {
    "href": "https://s.weibo.com/weibo?q=%23%E5%AE%81%E5%AE%89%E5%A6%82%E6%A2%A6%E8%8B%A6%E6%9E%9C%E4%BA%A6%E6%B1%82%E7%89%88%E9%A2%84%E5%91%8A%23&t=31&band_rank=37&Refer=top",
    "hot": 200166,
    "zhong": "剧集"
  },
  "男子强奸大嫂出狱后还想报复": {
    "href": "https://s.weibo.com/weibo?q=%23%E7%94%B7%E5%AD%90%E5%BC%BA%E5%A5%B8%E5%A4%A7%E5%AB%82%E5%87%BA%E7%8B%B1%E5%90%8E%E8%BF%98%E6%83%B3%E6%8A%A5%E5%A4%8D%23&t=31&band_rank=38&Refer=top",
    "hot": 199836,
    "zhong": ""
  },
  "笑果": {
    "href": "https://s.weibo.com/weibo?q=%E7%AC%91%E6%9E%9C&t=31&band_rank=39&Refer=top",
    "hot": 199779,
    "zhong": ""
  },
  "大四女生边上学边带娃成绩全班第一": {
    "href": "https://s.weibo.com/weibo?q=%23%E5%A4%A7%E5%9B%9B%E5%A5%B3%E7%94%9F%E8%BE%B9%E4%B8%8A%E5%AD%A6%E8%BE%B9%E5%B8%A6%E5%A8%83%E6%88%90%E7%BB%A9%E5%85%A8%E7%8F%AD%E7%AC%AC%E4%B8%80%23&t=31&band_rank=40&Refer=top",
    "hot": 183782,
    "zhong": ""
  },
  "吴宣仪吊带白裙": {
    "href": "https://s.weibo.com/weibo?q=%23%E5%90%B4%E5%AE%A3%E4%BB%AA%E5%90%8A%E5%B8%A6%E7%99%BD%E8%A3%99%23&t=31&band_rank=41&Refer=top",
    "hot": 181722,
    "zhong": ""
  },
  "西湖音乐节": {
    "href": "https://s.weibo.com/weibo?q=%E8%A5%BF%E6%B9%96%E9%9F%B3%E4%B9%90%E8%8A%82&t=31&band_rank=42&Refer=top",
    "hot": 180737,
    "zhong": "音乐"
  },
  "陈赫问邓超最近脸上动过了吗": {
    "href": "https://s.weibo.com/weibo?q=%23%E9%99%88%E8%B5%AB%E9%97%AE%E9%82%93%E8%B6%85%E6%9C%80%E8%BF%91%E8%84%B8%E4%B8%8A%E5%8A%A8%E8%BF%87%E4%BA%86%E5%90%97%23&t=31&band_rank=43&Refer=top",
    "hot": 176230,
    "zhong": ""
  },
  "你经常穿同一双鞋吗": {
    "href": "https://s.weibo.com/weibo?q=%23%E4%BD%A0%E7%BB%8F%E5%B8%B8%E7%A9%BF%E5%90%8C%E4%B8%80%E5%8F%8C%E9%9E%8B%E5%90%97%23&t=31&band_rank=44&Refer=top",
    "hot": 172845,
    "zhong": "投票"
  },
  "护心": {
    "href": "https://s.weibo.com/weibo?q=%E6%8A%A4%E5%BF%83&t=31&band_rank=45&Refer=top",
    "hot": 162948,
    "zhong": "剧集"
  },
  "Amber第一": {
    "href": "https://s.weibo.com/weibo?q=%23Amber%E7%AC%AC%E4%B8%80%23&t=31&band_rank=46&Refer=top",
    "hot": 160497,
    "zhong": "综艺"
  },
  "同事一年存50万我失眠了": {
    "href": "https://s.weibo.com/weibo?q=%23%E5%90%8C%E4%BA%8B%E4%B8%80%E5%B9%B4%E5%AD%9850%E4%B8%87%E6%88%91%E5%A4%B1%E7%9C%A0%E4%BA%86%23&t=31&band_rank=47&Refer=top",
    "hot": 156460,
    "zhong": ""
  },
  "登珠峰遇难者在最后时刻扔掉氧气罐": {
    "href": "https://s.weibo.com/weibo?q=%23%E7%99%BB%E7%8F%A0%E5%B3%B0%E9%81%87%E9%9A%BE%E8%80%85%E5%9C%A8%E6%9C%80%E5%90%8E%E6%97%B6%E5%88%BB%E6%89%94%E6%8E%89%E6%B0%A7%E6%B0%94%E7%BD%90%23&t=31&band_rank=48&Refer=top",
    "hot": 148421,
    "zhong": ""
  },
  "5只小羊迷路后组队到派出所报警": {
    "href": "https://s.weibo.com/weibo?q=%235%E5%8F%AA%E5%B0%8F%E7%BE%8A%E8%BF%B7%E8%B7%AF%E5%90%8E%E7%BB%84%E9%98%9F%E5%88%B0%E6%B4%BE%E5%87%BA%E6%89%80%E6%8A%A5%E8%AD%A6%23&t=31&band_rank=49&Refer=top",
    "hot": 109923,
    "zhong": ""
  },
  "KPL": {
    "href": "https://s.weibo.com/weibo?q=KPL&t=31&band_rank=50&Refer=top",
    "hot": 109920,
    "zhong": ""
  }
}