{"categories": [{"name": "\u7c7b\u76ee0"}, {"name": "\u7c7b\u76ee1"}, {"name": "\u7c7b\u76ee2"}, {"name": "\u7c7b\u76ee3"}, {"name": "\u7c7b\u76ee4"}, {"name": "\u7c7b\u76ee5"}, {"name": "\u7c7b\u76ee6"}, {"name": "\u7c7b\u76ee7"}, {"name": "\u7c7b\u76ee8"}], "nodes": [{"id": 1, "name": "\u8096\u6218\u5f71\u97f3\u4f1a\u5b98\u5fae", "symbolSize": 15, "label": {"normal": {"show": true}}, "category": 7}, {"id": 2, "name": "X\u7396\u5c11\u5e74\u56e2\u8096\u6218DAYTOY", "symbolSize": 15, "label": {"normal": {"show": true}}, "category": 0}, {"id": 3, "name": "1005\u53f7\u867e\u867e\u80fd\u91cf\u5ba2\u6808", "symbolSize": 15, "label": {"normal": {"show": true}}, "category": 0}, {"id": 4, "name": "\u5154\u6bdb\u62a4\u7406\u624b\u518c", "symbolSize": 15, "label": {"normal": {"show": true}}, "category": 8}, {"id": 5, "name": "1005\u53f7\u80a5\u867e\u6307\u5357", "symbolSize": 15, "label": {"normal": {"show": true}}, "category": 7}, {"id": 6, "name": "\u8096\u8096-\u9759\u9759", "symbolSize": 15, "label": {"normal": {"show": true}}, "category": 0}, {"id": 7, "name": "\u5446\u6843\u71da", "symbolSize": 15, "label": {"normal": {"show": true}}, "category": 5}, {"id": 8, "name": "\u8096\u62181005\u53f7\u5b89\u5229\u7b52", "symbolSize": 15, "label": {"normal": {"show": true}}, "category": 5}, {"id": 9, "name": "\u8096\u6218\u7f51\u5ba3\u5b98\u5fae", "symbolSize": 15, "label": {"normal": {"show": true}}, "category": 8}, {"id": 10, "name": "\u8096\u5c0f\u8d5e\u7684\u575a\u679c", "symbolSize": 15, "label": {"normal": {"show": true}}, "category": 2}, {"id": 11, "name": "\u5fae\u96e8\u6fdb\u6fdb", "symbolSize": 15, "label": {"normal": {"show": true}}, "category": 0}, {"id": 12, "name": "\u4f4e\u8c03\u4e2d\u751f\u5b58a\u6218", "symbolSize": 15, "label": {"normal": {"show": true}}, "category": 4}, {"id": 13, "name": "_Chaud", "symbolSize": 15, "label": {"normal": {"show": true}}, "category": 5}, {"id": 14, "name": "\u534a\u7cd6\u751c\u5c9b", "symbolSize": 15, "label": {"normal": {"show": true}}, "category": 8}, {"id": 15, "name": "\u7231\u4f60\u6b23\u96e81035", "symbolSize": 15, "label": {"normal": {"show": true}}, "category": 4}, {"id": 16, "name": "\u8096\u67d3\u67d3\u7684\u5c0f\u5154\u7259", "symbolSize": 15, "label": {"normal": {"show": true}}, "category": 2}, {"id": 17, "name": "OO\u6797\u67977", "symbolSize": 15, "label": {"normal": {"show": true}}, "category": 2}, {"id": 18, "name": "\u4e8c\u56db\u4e2b", "symbolSize": 15, "label": {"normal": {"show": true}}, "category": 7}, {"id": 19, "name": "\u60ca\u4e16\u516c\u5b50", "symbolSize": 15, "label": {"normal": {"show": true}}, "category": 1}, {"id": 20, "name": "jessie\u97eb", "symbolSize": 15, "label": {"normal": {"show": true}}, "category": 5}, {"id": 21, "name": "ssfbqchhh", "symbolSize": 15, "label": {"normal": {"show": true}}, "category": 4}, {"id": 22, "name": "\u4e1c\u4e1c\u4e00\u9685", "symbolSize": 15, "label": {"normal": {"show": true}}, "category": 7}, {"id": 23, "name": "\u4eb2\u4eb2\u66feRe121218", "symbolSize": 15, "label": {"normal": {"show": true}}, "category": 4}, {"id": 24, "name": "\u5c0f\u679c\u9171\u7684\u9762\u5305", "symbolSize": 15, "label": {"normal": {"show": true}}, "category": 0}, {"id": 25, "name": "\u4e00\u8096\u5341\u5e74\u5c11", "symbolSize": 15, "label": {"normal": {"show": true}}, "category": 6}, {"id": 26, "name": "\u7fa1\u715e\u6211\u4e5fV\u00b7", "symbolSize": 15, "label": {"normal": {"show": true}}, "category": 5}, {"id": 27, "name": "\u6ee1\u6ee1\u795d\u798f95718", "symbolSize": 15, "label": {"normal": {"show": true}}, "category": 1}, {"id": 28, "name": "Selamm\u521d\u5fc3", "symbolSize": 15, "label": {"normal": {"show": true}}, "category": 5}, {"id": 29, "name": "\u517b\u4e50\u591a\u518d\u6765x\u74f6", "symbolSize": 15, "label": {"normal": {"show": true}}, "category": 4}, {"id": 30, "name": "lisa\u7231\u6843\u6843", "symbolSize": 15, "label": {"normal": {"show": true}}, "category": 8}, {"id": 31, "name": "\u6211\u8001\u516c\u662f\u7403\u5e05", "symbolSize": 15, "label": {"normal": {"show": true}}, "category": 0}, {"id": 32, "name": "\u8096\u8096\u7684\u5bb6\u52a1", "symbolSize": 15, "label": {"normal": {"show": true}}, "category": 3}, {"id": 33, "name": "\u672a\u5df2\u516c\u5b50", "symbolSize": 15, "label": {"normal": {"show": true}}, "category": 7}, {"id": 34, "name": "\u9047\u89c1\u5373\u4e3a\u4e0a\u4e0a\u7b7e-", "symbolSize": 15, "label": {"normal": {"show": true}}, "category": 0}, {"id": 35, "name": "\u5927\u54c8\u5c0f\u55bd", "symbolSize": 15, "label": {"normal": {"show": true}}, "category": 1}, {"id": 36, "name": "\u7f8e\u5c11\u5973\u5c0f\u65b0\u65b0", "symbolSize": 15, "label": {"normal": {"show": true}}, "category": 1}, {"id": 37, "name": "\u62b9\u8336\u5473\u7684\u7ea2\u8c46-", "symbolSize": 15, "label": {"normal": {"show": true}}, "category": 6}, {"id": 38, "name": "\u5feb\u4e50\u6f47\u6f47\u7231\u5b9d\u8d1d", "symbolSize": 15, "label": {"normal": {"show": true}}, "category": 3}, {"id": 39, "name": "\u6cab\u5e74\u4e4b\u590f_", "symbolSize": 15, "label": {"normal": {"show": true}}, "category": 6}, {"id": 40, "name": "\u964c\u4e0a\u67f3\u7d6e\u6f2b\u5929", "symbolSize": 15, "label": {"normal": {"show": true}}, "category": 5}, {"id": 41, "name": "\u7c73\u5170\u8fbe\u8ff7\u96fe\u68ee\u6797", "symbolSize": 15, "label": {"normal": {"show": true}}, "category": 5}, {"id": 42, "name": "\u661f\u6cb3\u6f2b\u6f2b\u9189\u6653\u6708", "symbolSize": 15, "label": {"normal": {"show": true}}, "category": 6}, {"id": 43, "name": "\u4e03\u79d2\u949f\u7684\u8bb0\u5fc6yp", "symbolSize": 15, "label": {"normal": {"show": true}}, "category": 4}, {"id": 44, "name": "\u5de7\u514b\u529b\u9171\u00b7DAYTOY", "symbolSize": 15, "label": {"normal": {"show": true}}, "category": 5}, {"id": 45, "name": "\u5965\u7279\u56e2\u5b50", "symbolSize": 15, "label": {"normal": {"show": true}}, "category": 1}, {"id": 46, "name": "\u6ee1\u76ee\u661f\u8fb01005xz", "symbolSize": 15, "label": {"normal": {"show": true}}, "category": 7}, {"id": 47, "name": "\u00b7\u6e05\u98ce\u886c\u5915\u9633\u00b7", "symbolSize": 15, "label": {"normal": {"show": true}}, "category": 2}, {"id": 48, "name": "\u7ae5\u6e29\u5a49DAYTOY", "symbolSize": 15, "label": {"normal": {"show": true}}, "category": 5}, {"id": 49, "name": "Lsz\u4e3a\u6218\u800c\u6765", "symbolSize": 15, "label": {"normal": {"show": true}}, "category": 8}, {"id": 50, "name": "\u7259\u7259\u4e0d\u61c2o", "symbolSize": 15, "label": {"normal": {"show": true}}, "category": 2}, {"id": 51, "name": "\u7ae5\u5e74\u4e0e\u81ea\u7531", "symbolSize": 15, "label": {"normal": {"show": true}}, "category": 7}, {"id": 52, "name": "\u8096\u8096\u96c5\u6960", "symbolSize": 15, "label": {"normal": {"show": true}}, "category": 4}, {"id": 53, "name": "\u5927\u59d1\u5a1812138", "symbolSize": 15, "label": {"normal": {"show": true}}, "category": 0}, {"id": 54, "name": "\u6cab\u6cabZC33", "symbolSize": 15, "label": {"normal": {"show": true}}, "category": 3}, {"id": 55, "name": "\u4e00\u53f6\u98d8\u98de9321", "symbolSize": 15, "label": {"normal": {"show": true}}, "category": 3}, {"id": 56, "name": "\u55b5\u55b5\u5154\u5154z", "symbolSize": 15, "label": {"normal": {"show": true}}, "category": 0}, {"id": 57, "name": "\u4e00\u8096\u503e\u946bDAYTOY", "symbolSize": 15, "label": {"normal": {"show": true}}, "category": 5}, {"id": 58, "name": "\u4f60\u8be5\u7f8e\u4e3d\u4e2d\u5e26\u7740\u523a", "symbolSize": 15, "label": {"normal": {"show": true}}, "category": 3}, {"id": 59, "name": "x\u8bba\u6218\u6301\u4e45", "symbolSize": 15, "label": {"normal": {"show": true}}, "category": 0}, {"id": 60, "name": "\u53ef\u7231\u8fea\u8fea-", "symbolSize": 15, "label": {"normal": {"show": true}}, "category": 8}, {"id": 61, "name": "\u8d8b\u5149yeye", "symbolSize": 15, "label": {"normal": {"show": true}}, "category": 0}, {"id": 62, "name": "\u58eb\u591a\u5564\u68a8\u5357\u6ce2\u4e07", "symbolSize": 15, "label": {"normal": {"show": true}}, "category": 6}, {"id": 63, "name": "\u8001\u5a18\u5f88\u9738\u6c14_xz", "symbolSize": 15, "label": {"normal": {"show": true}}, "category": 5}, {"id": 64, "name": "\u94c1\u67f1\u5440\u00b7DAYTOY", "symbolSize": 15, "label": {"normal": {"show": true}}, "category": 0}, {"id": 65, "name": "Cherry\u7684cherish", "symbolSize": 15, "label": {"normal": {"show": true}}, "category": 6}, {"id": 66, "name": "itsashou_", "symbolSize": 15, "label": {"normal": {"show": true}}, "category": 2}, {"id": 67, "name": "\u4e0d\u4e8c\u592a\u6781\u718a", "symbolSize": 15, "label": {"normal": {"show": true}}, "category": 5}, {"id": 68, "name": "\u8102\u80aa\u9178\u91d1\u5c5e\u76d0\u6740\u624b", "symbolSize": 15, "label": {"normal": {"show": true}}, "category": 6}, {"id": 69, "name": "\u8521\u5c11\u91ce", "symbolSize": 15, "label": {"normal": {"show": true}}, "category": 4}, {"id": 70, "name": "\u6b64\u751f\u552f\u4e001005", "symbolSize": 15, "label": {"normal": {"show": true}}, "category": 7}, {"id": 71, "name": "\u4f60\u522b\u8bf4\u68a6\u60f3\u9065\u4e0d\u53ef\u53ca", "symbolSize": 15, "label": {"normal": {"show": true}}, "category": 1}, {"id": 72, "name": "Nana_1005", "symbolSize": 15, "label": {"normal": {"show": true}}, "category": 3}, {"id": 73, "name": "\u8def\u8fb9\u5439\u8d77\u6a58\u5b50\u6c34", "symbolSize": 15, "label": {"normal": {"show": true}}, "category": 2}, {"id": 74, "name": "\u98ce\u548c\u65e5\u4e3d\u6ef41005", "symbolSize": 15, "label": {"normal": {"show": true}}, "category": 2}, {"id": 75, "name": "\u5e78\u8fd0\u7684\u5154\u5154daytoy", "symbolSize": 15, "label": {"normal": {"show": true}}, "category": 0}, {"id": 76, "name": "\u84dd\u8272\u52ff\u5fd8\u6211a", "symbolSize": 15, "label": {"normal": {"show": true}}, "category": 1}, {"id": 77, "name": "\u5c0f\u8d5e\u987a\u5229\u5065\u5eb7\u4e50\u5475\u5475", "symbolSize": 15, "label": {"normal": {"show": true}}, "category": 5}, {"id": 78, "name": "\u5c11\u5e74\u4e0e\u72d71985", "symbolSize": 15, "label": {"normal": {"show": true}}, "category": 4}, {"id": 79, "name": "\u989c\u513f\u5c0f\u53ef\u7231-521", "symbolSize": 15, "label": {"normal": {"show": true}}, "category": 6}, {"id": 80, "name": "y\u6768\u96c5\u742a\u963f2", "symbolSize": 15, "label": {"normal": {"show": true}}, "category": 3}, {"id": 81, "name": "\u7528\u4f59\u751f\u966a\u6218", "symbolSize": 15, "label": {"normal": {"show": true}}, "category": 3}, {"id": 82, "name": "YSHY\u8d5f", "symbolSize": 15, "label": {"normal": {"show": true}}, "category": 2}, {"id": 83, "name": "\u6db5\u5bb6\u5f1f\u5f1fDAYTOY", "symbolSize": 15, "label": {"normal": {"show": true}}, "category": 4}, {"id": 84, "name": "\u6ce1\u6cab\u800c\u5df2\u5566", "symbolSize": 15, "label": {"normal": {"show": true}}, "category": 1}, {"id": 85, "name": "\u8106\u6dee\u5c71", "symbolSize": 15, "label": {"normal": {"show": true}}, "category": 0}, {"id": 86, "name": "\u968f\u5fc3\u800c\u5b89xz", "symbolSize": 15, "label": {"normal": {"show": true}}, "category": 7}, {"id": 87, "name": "\u6d45\u9189\u7b11\u6d41\u5e74", "symbolSize": 15, "label": {"normal": {"show": true}}, "category": 6}, {"id": 88, "name": "\u5411\u5f80\u4e4b\u82b1xz", "symbolSize": 15, "label": {"normal": {"show": true}}, "category": 5}, {"id": 89, "name": "\u9633\u9633\u7684\u5c0f\u59d0\u59d01005", "symbolSize": 15, "label": {"normal": {"show": true}}, "category": 3}, {"id": 90, "name": "\u963f\u6728\u67281005", "symbolSize": 15, "label": {"normal": {"show": true}}, "category": 0}, {"id": 91, "name": "\u6674\u96eacatherine", "symbolSize": 15, "label": {"normal": {"show": true}}, "category": 2}, {"id": 92, "name": "Z\u7b80\u5355\u7eaf\u7cb9Z", "symbolSize": 15, "label": {"normal": {"show": true}}, "category": 1}, {"id": 93, "name": "\u665a\u98ce\u7f8e\u4e3d", "symbolSize": 15, "label": {"normal": {"show": true}}, "category": 3}, {"id": 94, "name": "\u672c\u5154\u5b9d\u5973\u6c38\u8fdc\u505a\u5154\u5154\u68a6\u5973", "symbolSize": 15, "label": {"normal": {"show": true}}, "category": 0}, {"id": 95, "name": "\u65f6\u5f71\u76db\u9633\u5ab3\u5987", "symbolSize": 15, "label": {"normal": {"show": true}}, "category": 5}, {"id": 96, "name": "\u5f80\u4e8b\u968f\u98ce-DAYTOY", "symbolSize": 15, "label": {"normal": {"show": true}}, "category": 3}, {"id": 97, "name": "\u7fa1\u7fa1\u7231\u5154\u51541005", "symbolSize": 15, "label": {"normal": {"show": true}}, "category": 5}, {"id": 98, "name": "wenwen\u7684\u5c0f\u5b9d", "symbolSize": 15, "label": {"normal": {"show": true}}, "category": 8}, {"id": 99, "name": "\u56e0\u4e3a\u5154\u5154\u624d\u7559\u5728\u8fd9\u91cc", "symbolSize": 15, "label": {"normal": {"show": true}}, "category": 4}, {"id": 100, "name": "\u6211\u7684\u5c0f\u53ef\u7231xml", "symbolSize": 15, "label": {"normal": {"show": true}}, "category": 8}, {"id": 101, "name": "\u7f8a\u54a9\u7f8a2019", "symbolSize": 15, "label": {"normal": {"show": true}}, "category": 6}, {"id": 102, "name": "\u9ed8\u9ed81217022", "symbolSize": 15, "label": {"normal": {"show": true}}, "category": 6}, {"id": 103, "name": "\u4e00\u53ea\u5c0f\u7cca\u722c\u722c", "symbolSize": 15, "label": {"normal": {"show": true}}, "category": 4}, {"id": 104, "name": "\u5173\u5fc3\u7684\u4eba\u90fd\u987a\u5229\u5b89\u5eb7", "symbolSize": 15, "label": {"normal": {"show": true}}, "category": 1}, {"id": 105, "name": "aoteman0270", "symbolSize": 15, "label": {"normal": {"show": true}}, "category": 0}, {"id": 106, "name": "\u5c0fjin60", "symbolSize": 15, "label": {"normal": {"show": true}}, "category": 3}, {"id": 107, "name": "\u72c4\u82b3\u51dd\u59b9\u7eaf\u51b0", "symbolSize": 15, "label": {"normal": {"show": true}}, "category": 8}, {"id": 108, "name": "\u5154\u6bdb\u6625\u751f", "symbolSize": 15, "label": {"normal": {"show": true}}, "category": 4}, {"id": 109, "name": "\u6f47\u6f47\u98ce\u8f7b\u7720", "symbolSize": 15, "label": {"normal": {"show": true}}, "category": 2}, {"id": 110, "name": "\u9633\u5149\u4e0e\u7231199003", "symbolSize": 15, "label": {"normal": {"show": true}}, "category": 1}, {"id": 111, "name": "\u6e05\u9152\u6696\u98ce\u718f\u4eba\u9189", "symbolSize": 15, "label": {"normal": {"show": true}}, "category": 0}, {"id": 112, "name": "ykzzldxcdh", "symbolSize": 15, "label": {"normal": {"show": true}}, "category": 7}, {"id": 113, "name": "\u6ce1\u6ce1\u56fd\u5c0f\u51b0", "symbolSize": 15, "label": {"normal": {"show": true}}, "category": 7}, {"id": 114, "name": "\u54c8\u55bd\u5927\u6c34\u74f6", "symbolSize": 15, "label": {"normal": {"show": true}}, "category": 8}, {"id": 115, "name": "b-e-t-t-e-r", "symbolSize": 15, "label": {"normal": {"show": true}}, "category": 5}, {"id": 116, "name": "\u9633\u9633\u5b66\u8f66\u4e2d", "symbolSize": 15, "label": {"normal": {"show": true}}, "category": 0}, {"id": 117, "name": "\u4e00\u53ea\u6da9\u6da9\u800c\u5df2", "symbolSize": 15, "label": {"normal": {"show": true}}, "category": 1}, {"id": 118, "name": "\u8ff7\u5931\u5c71\u57ce\u4e4b\u604b", "symbolSize": 15, "label": {"normal": {"show": true}}, "category": 8}, {"id": 119, "name": "\u5c31\u5dee\u4f60\u4e00\u4e2a202101", "symbolSize": 15, "label": {"normal": {"show": true}}, "category": 4}, {"id": 120, "name": "1005\u6a31\u6843\u5c0f\u4e38", "symbolSize": 15, "label": {"normal": {"show": true}}, "category": 5}, {"id": 121, "name": "\u68ee\u68ee256", "symbolSize": 15, "label": {"normal": {"show": true}}, "category": 3}, {"id": 122, "name": "\u661f\u5b89\u6167", "symbolSize": 15, "label": {"normal": {"show": true}}, "category": 5}, {"id": 123, "name": "\u90d1\u5b50_41697", "symbolSize": 15, "label": {"normal": {"show": true}}, "category": 5}, {"id": 124, "name": "\u6625\u751f\u7684\u59b9\u59b9", "symbolSize": 15, "label": {"normal": {"show": true}}, "category": 0}, {"id": 125, "name": "\u4fca\u7f8e\u7684\u5916\u8868", "symbolSize": 15, "label": {"normal": {"show": true}}, "category": 1}, {"id": 126, "name": "\u95f2\u6765\u65e0\u4e8b-\u541b", "symbolSize": 15, "label": {"normal": {"show": true}}, "category": 4}, {"id": 127, "name": "\u8863\u670d\u5982\u521d\u604b", "symbolSize": 15, "label": {"normal": {"show": true}}, "category": 7}, {"id": 128, "name": "\u5496\u5561\u4e4c\u9f99\u4eba\u751f", "symbolSize": 15, "label": {"normal": {"show": true}}, "category": 6}, {"id": 129, "name": "\u5154\u8033\u6735xz1005", "symbolSize": 15, "label": {"normal": {"show": true}}, "category": 6}, {"id": 130, "name": "\u5b64\u70df\u65e0\u57a0\u4e0e\u541b\u5171\u8e0f\u6c99", "symbolSize": 15, "label": {"normal": {"show": true}}, "category": 5}, {"id": 131, "name": "\u8096-DAYTOY1005", "symbolSize": 15, "label": {"normal": {"show": true}}, "category": 2}, {"id": 132, "name": "\u4e56\u4e56\u8ddf\u4f60\u8d70", "symbolSize": 15, "label": {"normal": {"show": true}}, "category": 1}, {"id": 133, "name": "wo93856", "symbolSize": 15, "label": {"normal": {"show": true}}, "category": 0}, {"id": 134, "name": "\u987e\u9b4f\u533b\u751f\u7684\u5c0f\u8ff7\u59b9w", "symbolSize": 15, "label": {"normal": {"show": true}}, "category": 6}, {"id": 135, "name": "_\u8096\u5446\u6843sean_", "symbolSize": 15, "label": {"normal": {"show": true}}, "category": 7}, {"id": 136, "name": "\u7231\u4e0a\u51b0\u7f8e\u5f0f1005", "symbolSize": 15, "label": {"normal": {"show": true}}, "category": 8}, {"id": 137, "name": "\u6735\u6735\u60f3\u6709\u94b1", "symbolSize": 15, "label": {"normal": {"show": true}}, "category": 7}, {"id": 138, "name": "\u5c0f\u9a6c\u513f\u8df3\u8df3vv", "symbolSize": 15, "label": {"normal": {"show": true}}, "category": 0}, {"id": 139, "name": "\u559c\u6b22\u51ac\u5929\u7684\u59d0\u59d0xz", "symbolSize": 15, "label": {"normal": {"show": true}}, "category": 4}, {"id": 140, "name": "\u662f\u6e05\u534e\u8d35\u4ecb\u7684\u4f18\u96c5", "symbolSize": 15, "label": {"normal": {"show": true}}, "category": 4}, {"id": 141, "name": "\u6211\u662f\u6211\u6700\u771f\u7684\u6211", "symbolSize": 15, "label": {"normal": {"show": true}}, "category": 5}, {"id": 142, "name": "\u8096\u6218\u5bb6\u7684\u7b2cn\u53f7", "symbolSize": 15, "label": {"normal": {"show": true}}, "category": 5}, {"id": 143, "name": "\u832b\u832b\u4eba\u751f\u8def\u9014\u9065\u8fdc", "symbolSize": 15, "label": {"normal": {"show": true}}, "category": 6}, {"id": 144, "name": "\u7531\u771f\u591cEleven", "symbolSize": 15, "label": {"normal": {"show": true}}, "category": 0}, {"id": 145, "name": "\u70df\u96e8\u6c5f\u6e5613889", "symbolSize": 15, "label": {"normal": {"show": true}}, "category": 6}, {"id": 146, "name": "\u4e00\u6735\u5c0f\u8475\u82b1\u5988\u5988", "symbolSize": 15, "label": {"normal": {"show": true}}, "category": 4}, {"id": 147, "name": "\u65f6\u95f4\u9057\u5fd8\u7684\u89d2\u843d\u91cc", "symbolSize": 15, "label": {"normal": {"show": true}}, "category": 4}, {"id": 148, "name": "\u8499\u8499\u5915\u590f1005", "symbolSize": 15, "label": {"normal": {"show": true}}, "category": 6}, {"id": 149, "name": "\u4e0a\u4e2a\u540d\u5b57\u4e0d\u591f\u9b45\u529b", "symbolSize": 15, "label": {"normal": {"show": true}}, "category": 3}, {"id": 150, "name": "\u6f2b\u6f2b\u661f\u6cb3198503", "symbolSize": 15, "label": {"normal": {"show": true}}, "category": 1}, {"id": 151, "name": "\u4e00\u628a\u5bd2\u5251\u6d17\u79cb\u971c1005", "symbolSize": 15, "label": {"normal": {"show": true}}, "category": 8}, {"id": 152, "name": "\u8096\u5bb6\u56db\u5152", "symbolSize": 15, "label": {"normal": {"show": true}}, "category": 0}, {"id": 153, "name": "\u90a3\u5e74\u7684\u51491221", "symbolSize": 15, "label": {"normal": {"show": true}}, "category": 5}, {"id": 154, "name": "\u5582\u558298611", "symbolSize": 15, "label": {"normal": {"show": true}}, "category": 2}, {"id": 155, "name": "\u6700\u5e78\u8fd0\u7684\u5c0f\u9762\u5305", "symbolSize": 15, "label": {"normal": {"show": true}}, "category": 6}, {"id": 156, "name": "\u60f3\u4e0d\u5230\u540d\u5b57\u5c31", "symbolSize": 15, "label": {"normal": {"show": true}}, "category": 8}, {"id": 157, "name": "\u6218\u7fa1\u5154\u7d19", "symbolSize": 15, "label": {"normal": {"show": true}}, "category": 1}, {"id": 158, "name": "\u83b9\u706b95184", "symbolSize": 15, "label": {"normal": {"show": true}}, "category": 0}, {"id": 159, "name": "\u8096\u5148\u751f\u7684haisha\u6d45\u6d45", "symbolSize": 15, "label": {"normal": {"show": true}}, "category": 0}, {"id": 160, "name": "\u5343\u4eeaVicky", "symbolSize": 15, "label": {"normal": {"show": true}}, "category": 0}, {"id": 161, "name": "\u5929\u4f7f\u7684\u6ab8\u6aac\u86cb\u7cd5", "symbolSize": 15, "label": {"normal": {"show": true}}, "category": 1}, {"id": 162, "name": "\u5e0c\u5e0c_Diana", "symbolSize": 15, "label": {"normal": {"show": true}}, "category": 6}, {"id": 163, "name": "\u8096\u5154\u5154\u5bb6\u7684\u5154\u5b50\u59d0\u59d0", "symbolSize": 15, "label": {"normal": {"show": true}}, "category": 8}, {"id": 164, "name": "\u5de8\u87f9\u5ea7\u7684\u674e\u674e", "symbolSize": 15, "label": {"normal": {"show": true}}, "category": 8}, {"id": 165, "name": "\u51b0\u96ea\u575a\u679c", "symbolSize": 15, "label": {"normal": {"show": true}}, "category": 0}, {"id": 166, "name": "\u8363\u59d0_1005", "symbolSize": 15, "label": {"normal": {"show": true}}, "category": 4}, {"id": 167, "name": "\u8336\u4e61\u7d2b\u7d2b", "symbolSize": 15, "label": {"normal": {"show": true}}, "category": 6}, {"id": 168, "name": "\u5c0f\u8d5e\u7684\u5b9d\u8d1dstone", "symbolSize": 15, "label": {"normal": {"show": true}}, "category": 7}, {"id": 169, "name": "TL-\u5411\u9633\u800c\u751fDAYToY", "symbolSize": 15, "label": {"normal": {"show": true}}, "category": 8}, {"id": 170, "name": "\u8096\u7c73xz\u7f18\u5206\u5929\u7a7a", "symbolSize": 15, "label": {"normal": {"show": true}}, "category": 0}, {"id": 171, "name": "\u5c0f\u718a\u732b\u7684\u9ebb\u9ebb2018", "symbolSize": 15, "label": {"normal": {"show": true}}, "category": 8}, {"id": 172, "name": "\u62fe\u4e09\u661f\u95d4\u6f2b\u6f2b", "symbolSize": 15, "label": {"normal": {"show": true}}, "category": 6}, {"id": 173, "name": "\u9685\u7fa1\u8096\u9065-z", "symbolSize": 15, "label": {"normal": {"show": true}}, "category": 3}, {"id": 174, "name": "\u4ef0\u61551005", "symbolSize": 15, "label": {"normal": {"show": true}}, "category": 0}, {"id": 175, "name": "\u5c0f\u8d5e17123", "symbolSize": 15, "label": {"normal": {"show": true}}, "category": 5}, {"id": 176, "name": "\u80d6\u603c\u603cz", "symbolSize": 15, "label": {"normal": {"show": true}}, "category": 5}, {"id": 177, "name": "\u660e\u6708\u4f9d\u65e7-z", "symbolSize": 15, "label": {"normal": {"show": true}}, "category": 2}, {"id": 178, "name": "\u6d45\u7b11\u5fc3\u67d4_828", "symbolSize": 15, "label": {"normal": {"show": true}}, "category": 8}, {"id": 179, "name": "\u6709\u94b1\u7684\u5154\u5154-z", "symbolSize": 15, "label": {"normal": {"show": true}}, "category": 1}, {"id": 180, "name": "LOVExzLOVE1005", "symbolSize": 15, "label": {"normal": {"show": true}}, "category": 5}, {"id": 181, "name": "\u6218\u9171\u62cc\u996d", "symbolSize": 15, "label": {"normal": {"show": true}}, "category": 5}, {"id": 182, "name": "\u96e8\u540e\u7684\u5f69\u8679\u4e3a\u7231\u800c\u6765", "symbolSize": 15, "label": {"normal": {"show": true}}, "category": 3}, {"id": 183, "name": "35\u5c81\u90a3\u5e74", "symbolSize": 15, "label": {"normal": {"show": true}}, "category": 3}, {"id": 184, "name": "\u5e78\u8fd0\u7684\u82b1\u6eaa\u6893", "symbolSize": 15, "label": {"normal": {"show": true}}, "category": 0}, {"id": 185, "name": "\u7a7a\u8c37\u5e7d\u5170liuxiuxin", "symbolSize": 15, "label": {"normal": {"show": true}}, "category": 2}, {"id": 186, "name": "\u7a7a\u8c37lxx\u5e7d\u5170", "symbolSize": 15, "label": {"normal": {"show": true}}, "category": 1}, {"id": 187, "name": "\u60f3\u5728\u5fae\u535a\u8d77\u4e2a\u540d\u5b57\u548b\u8fd9\u4e48\u96be\u5462", "symbolSize": 15, "label": {"normal": {"show": true}}, "category": 6}, {"id": 188, "name": "\u7528\u62377362327700", "symbolSize": 15, "label": {"normal": {"show": true}}, "category": 4}, {"id": 189, "name": "\u96e8\u540e\u5929\u6674198105", "symbolSize": 15, "label": {"normal": {"show": true}}, "category": 2}, {"id": 190, "name": "\u82b8\u82b8yzy", "symbolSize": 15, "label": {"normal": {"show": true}}, "category": 4}, {"id": 191, "name": "\u5929\u5357\u661f1005", "symbolSize": 15, "label": {"normal": {"show": true}}, "category": 6}, {"id": 192, "name": "cocogong\u7684\u8001\u5de2", "symbolSize": 15, "label": {"normal": {"show": true}}, "category": 4}, {"id": 193, "name": "\u7a97\u5916\u68a7\u6850\u53d1\u65b0\u82bd", "symbolSize": 15, "label": {"normal": {"show": true}}, "category": 3}, {"id": 194, "name": "\u4eba\u4e001005", "symbolSize": 15, "label": {"normal": {"show": true}}, "category": 6}, {"id": 195, "name": "\u7231\u559d\u5496\u5561\u7684\u59ae\u59aeDAYTOY", "symbolSize": 15, "label": {"normal": {"show": true}}, "category": 0}, {"id": 196, "name": "\u79cb\u67ab\u843d\u53f61005", "symbolSize": 15, "label": {"normal": {"show": true}}, "category": 8}, {"id": 197, "name": "\u9c7c\u513f\u5929\u4e0a\u6e38\u9e1f\u513f\u6c34\u4e2d\u98de", "symbolSize": 15, "label": {"normal": {"show": true}}, "category": 3}], "links": [{"source": 1, "target": 2, "time": "2023-03-17 10:10:11"}, {"source": 3, "target": 2, "time": "2023-03-17 10:10:21"}, {"source": 4, "target": 2, "time": "2023-03-17 10:10:21"}, {"source": 5, "target": 2, "time": "2023-03-17 10:10:22"}, {"source": 6, "target": 1, "time": "2023-03-17 10:10:29"}, {"source": 7, "target": 2, "time": "2023-03-17 10:10:36"}, {"source": 8, "target": 2, "time": "2023-03-17 10:10:48"}, {"source": 9, "target": 2, "time": "2023-03-17 10:10:52"}, {"source": 10, "target": 1, "time": "2023-03-17 10:11:05"}, {"source": 11, "target": 1, "time": "2023-03-17 10:11:07"}, {"source": 12, "target": 9, "time": "2023-03-17 10:11:37"}, {"source": 13, "target": 5, "time": "2023-03-17 10:11:47"}, {"source": 14, "target": 1, "time": "2023-03-17 10:11:50"}, {"source": 15, "target": 6, "time": "2023-03-17 10:11:50"}, {"source": 16, "target": 9, "time": "2023-03-17 10:12:04"}, {"source": 17, "target": 9, "time": "2023-03-17 10:12:10"}, {"source": 18, "target": 1, "time": "2023-03-17 10:12:37"}, {"source": 19, "target": 2, "time": "2023-03-17 10:13:06"}, {"source": 20, "target": 18, "time": "2023-03-17 10:13:10"}, {"source": 21, "target": 9, "time": "2023-03-17 10:13:34"}, {"source": 10, "target": 3, "time": "2023-03-17 10:13:36"}, {"source": 6, "target": 8, "time": "2023-03-17 10:13:50"}, {"source": 22, "target": 3, "time": "2023-03-17 10:14:10"}, {"source": 23, "target": 1, "time": "2023-03-17 10:15:45"}, {"source": 24, "target": 6, "time": "2023-03-17 10:15:46"}, {"source": 6, "target": 4, "time": "2023-03-17 10:15:55"}, {"source": 23, "target": 23, "time": "2023-03-17 10:15:55"}, {"source": 25, "target": 7, "time": "2023-03-17 10:16:00"}, {"source": 26, "target": 9, "time": "2023-03-17 10:16:27"}, {"source": 10, "target": 9, "time": "2023-03-17 10:17:38"}, {"source": 27, "target": 8, "time": "2023-03-17 10:18:58"}, {"source": 28, "target": 8, "time": "2023-03-17 10:20:43"}, {"source": 29, "target": 6, "time": "2023-03-17 10:22:05"}, {"source": 28, "target": 4, "time": "2023-03-17 10:22:16"}, {"source": 19, "target": 19, "time": "2023-03-17 10:22:16"}, {"source": 30, "target": 9, "time": "2023-03-17 10:22:26"}, {"source": 31, "target": 13, "time": "2023-03-17 10:23:28"}, {"source": 32, "target": 5, "time": "2023-03-17 10:23:46"}, {"source": 28, "target": 5, "time": "2023-03-17 10:24:10"}, {"source": 33, "target": 8, "time": "2023-03-17 10:24:47"}, {"source": 33, "target": 5, "time": "2023-03-17 10:25:12"}, {"source": 28, "target": 3, "time": "2023-03-17 10:25:52"}, {"source": 34, "target": 1, "time": "2023-03-17 10:26:35"}, {"source": 35, "target": 5, "time": "2023-03-17 10:28:58"}, {"source": 36, "target": 10, "time": "2023-03-17 10:29:18"}, {"source": 37, "target": 5, "time": "2023-03-17 10:29:23"}, {"source": 37, "target": 4, "time": "2023-03-17 10:29:31"}, {"source": 38, "target": 4, "time": "2023-03-17 10:29:38"}, {"source": 39, "target": 18, "time": "2023-03-17 10:32:59"}, {"source": 40, "target": 5, "time": "2023-03-17 10:33:22"}, {"source": 41, "target": 22, "time": "2023-03-17 10:36:44"}, {"source": 16, "target": 4, "time": "2023-03-17 10:37:13"}, {"source": 16, "target": 8, "time": "2023-03-17 10:37:20"}, {"source": 42, "target": 3, "time": "2023-03-17 10:42:43"}, {"source": 43, "target": 19, "time": "2023-03-17 10:42:56"}, {"source": 44, "target": 10, "time": "2023-03-17 10:43:36"}, {"source": 45, "target": 3, "time": "2023-03-17 10:56:00"}, {"source": 18, "target": 3, "time": "2023-03-17 10:57:48"}, {"source": 46, "target": 5, "time": "2023-03-17 11:21:09"}, {"source": 47, "target": 3, "time": "2023-03-17 11:28:32"}, {"source": 48, "target": 8, "time": "2023-03-17 11:43:33"}, {"source": 20, "target": 5, "time": "2023-03-17 11:49:12"}, {"source": 18, "target": 20, "time": "2023-03-17 11:50:08"}, {"source": 49, "target": 18, "time": "2023-03-17 12:19:35"}, {"source": 50, "target": 37, "time": "2023-03-17 12:53:42"}, {"source": 51, "target": 37, "time": "2023-03-17 14:00:42"}, {"source": 52, "target": 4, "time": "2023-03-17 14:02:49"}, {"source": 28, "target": 28, "time": "2023-03-17 14:12:20"}, {"source": 28, "target": 28, "time": "2023-03-17 14:15:52"}, {"source": 53, "target": 3, "time": "2023-03-17 14:21:40"}, {"source": 54, "target": 4, "time": "2023-03-17 14:34:01"}, {"source": 55, "target": 4, "time": "2023-03-17 15:40:25"}, {"source": 56, "target": 55, "time": "2023-03-17 15:47:24"}, {"source": 57, "target": 14, "time": "2023-03-17 16:34:06"}, {"source": 58, "target": 9, "time": "2023-03-17 17:21:06"}, {"source": 58, "target": 1, "time": "2023-03-17 17:21:26"}, {"source": 59, "target": 3, "time": "2023-03-17 17:32:05"}, {"source": 60, "target": 1, "time": "2023-03-17 17:54:21"}, {"source": 61, "target": 9, "time": "2023-03-17 17:59:37"}, {"source": 52, "target": 52, "time": "2023-03-17 18:05:55"}, {"source": 14, "target": 3, "time": "2023-03-17 18:21:18"}, {"source": 62, "target": 14, "time": "2023-03-17 18:23:30"}, {"source": 63, "target": 58, "time": "2023-03-17 18:48:27"}, {"source": 64, "target": 14, "time": "2023-03-17 19:17:08"}, {"source": 35, "target": 4, "time": "2023-03-17 19:49:54"}, {"source": 59, "target": 59, "time": "2023-03-17 19:52:35"}, {"source": 65, "target": 45, "time": "2023-03-17 22:17:28"}, {"source": 66, "target": 1, "time": "2023-03-17 23:52:57"}, {"source": 67, "target": 66, "time": "2023-03-17 23:54:54"}, {"source": 68, "target": 66, "time": "2023-03-17 23:56:10"}, {"source": 19, "target": 8, "time": "2023-03-18 01:25:00"}, {"source": 33, "target": 19, "time": "2023-03-18 01:27:30"}, {"source": 19, "target": 33, "time": "2023-03-18 01:27:51"}, {"source": 69, "target": 8, "time": "2023-03-18 09:03:16"}, {"source": 58, "target": 58, "time": "2023-03-18 09:41:07"}, {"source": 58, "target": 58, "time": "2023-03-18 09:41:28"}, {"source": 70, "target": 37, "time": "2023-03-18 10:05:00"}, {"source": 5, "target": 5, "time": "2023-03-18 10:10:05"}, {"source": 71, "target": 5, "time": "2023-03-18 10:10:56"}, {"source": 72, "target": 5, "time": "2023-03-18 10:11:18"}, {"source": 73, "target": 54, "time": "2023-03-18 10:22:07"}, {"source": 60, "target": 60, "time": "2023-03-18 10:27:11"}, {"source": 74, "target": 27, "time": "2023-03-18 10:34:29"}, {"source": 74, "target": 21, "time": "2023-03-18 10:35:05"}, {"source": 75, "target": 46, "time": "2023-03-18 10:38:04"}, {"source": 76, "target": 5, "time": "2023-03-18 10:40:12"}, {"source": 77, "target": 35, "time": "2023-03-18 10:42:09"}, {"source": 78, "target": 17, "time": "2023-03-18 10:46:42"}, {"source": 79, "target": 35, "time": "2023-03-18 10:59:40"}, {"source": 80, "target": 16, "time": "2023-03-18 11:02:30"}, {"source": 81, "target": 16, "time": "2023-03-18 11:05:05"}, {"source": 81, "target": 55, "time": "2023-03-18 11:05:12"}, {"source": 82, "target": 16, "time": "2023-03-18 11:10:42"}, {"source": 83, "target": 40, "time": "2023-03-18 11:10:59"}, {"source": 84, "target": 69, "time": "2023-03-18 11:16:25"}, {"source": 85, "target": 69, "time": "2023-03-18 11:17:32"}, {"source": 86, "target": 69, "time": "2023-03-18 11:21:26"}, {"source": 87, "target": 27, "time": "2023-03-18 11:21:26"}, {"source": 88, "target": 38, "time": "2023-03-18 11:23:33"}, {"source": 89, "target": 55, "time": "2023-03-18 11:24:25"}, {"source": 90, "target": 55, "time": "2023-03-18 11:26:24"}, {"source": 91, "target": 25, "time": "2023-03-18 11:29:46"}, {"source": 92, "target": 16, "time": "2023-03-18 11:32:11"}, {"source": 93, "target": 25, "time": "2023-03-18 11:32:32"}, {"source": 94, "target": 21, "time": "2023-03-18 11:37:00"}, {"source": 95, "target": 25, "time": "2023-03-18 11:37:02"}, {"source": 96, "target": 25, "time": "2023-03-18 11:39:28"}, {"source": 97, "target": 25, "time": "2023-03-18 11:40:12"}, {"source": 98, "target": 40, "time": "2023-03-18 11:54:46"}, {"source": 99, "target": 27, "time": "2023-03-18 11:57:30"}, {"source": 99, "target": 54, "time": "2023-03-18 11:58:08"}, {"source": 100, "target": 17, "time": "2023-03-18 12:02:57"}, {"source": 100, "target": 16, "time": "2023-03-18 12:03:30"}, {"source": 101, "target": 16, "time": "2023-03-18 12:03:40"}, {"source": 83, "target": 16, "time": "2023-03-18 12:05:55"}, {"source": 102, "target": 42, "time": "2023-03-18 12:06:10"}, {"source": 103, "target": 16, "time": "2023-03-18 12:06:32"}, {"source": 104, "target": 16, "time": "2023-03-18 12:06:37"}, {"source": 105, "target": 26, "time": "2023-03-18 12:12:39"}, {"source": 106, "target": 26, "time": "2023-03-18 12:14:20"}, {"source": 85, "target": 25, "time": "2023-03-18 12:17:32"}, {"source": 107, "target": 12, "time": "2023-03-18 12:19:03"}, {"source": 77, "target": 6, "time": "2023-03-18 12:19:50"}, {"source": 108, "target": 26, "time": "2023-03-18 12:20:51"}, {"source": 108, "target": 21, "time": "2023-03-18 12:21:08"}, {"source": 109, "target": 6, "time": "2023-03-18 12:22:52"}, {"source": 110, "target": 33, "time": "2023-03-18 12:33:40"}, {"source": 111, "target": 26, "time": "2023-03-18 12:33:51"}, {"source": 111, "target": 6, "time": "2023-03-18 12:34:11"}, {"source": 112, "target": 61, "time": "2023-03-18 12:36:24"}, {"source": 113, "target": 6, "time": "2023-03-18 12:39:17"}, {"source": 113, "target": 48, "time": "2023-03-18 12:39:25"}, {"source": 114, "target": 6, "time": "2023-03-18 12:41:12"}, {"source": 115, "target": 21, "time": "2023-03-18 12:43:56"}, {"source": 115, "target": 6, "time": "2023-03-18 12:44:41"}, {"source": 115, "target": 16, "time": "2023-03-18 12:44:44"}, {"source": 115, "target": 48, "time": "2023-03-18 12:44:48"}, {"source": 116, "target": 6, "time": "2023-03-18 12:45:12"}, {"source": 117, "target": 14, "time": "2023-03-18 12:45:51"}, {"source": 118, "target": 26, "time": "2023-03-18 12:46:19"}, {"source": 119, "target": 30, "time": "2023-03-18 12:46:21"}, {"source": 120, "target": 55, "time": "2023-03-18 12:46:41"}, {"source": 121, "target": 55, "time": "2023-03-18 12:46:50"}, {"source": 122, "target": 55, "time": "2023-03-18 12:47:19"}, {"source": 14, "target": 9, "time": "2023-03-18 12:49:52"}, {"source": 71, "target": 66, "time": "2023-03-18 12:51:09"}, {"source": 123, "target": 33, "time": "2023-03-18 12:54:07"}, {"source": 124, "target": 33, "time": "2023-03-18 12:54:28"}, {"source": 117, "target": 37, "time": "2023-03-18 12:58:29"}, {"source": 125, "target": 37, "time": "2023-03-18 12:59:19"}, {"source": 126, "target": 30, "time": "2023-03-18 13:01:35"}, {"source": 127, "target": 37, "time": "2023-03-18 13:02:11"}, {"source": 128, "target": 54, "time": "2023-03-18 13:03:42"}, {"source": 128, "target": 30, "time": "2023-03-18 13:04:11"}, {"source": 129, "target": 33, "time": "2023-03-18 13:04:46"}, {"source": 130, "target": 33, "time": "2023-03-18 13:05:03"}, {"source": 129, "target": 47, "time": "2023-03-18 13:05:40"}, {"source": 131, "target": 23, "time": "2023-03-18 13:05:59"}, {"source": 131, "target": 11, "time": "2023-03-18 13:06:03"}, {"source": 111, "target": 34, "time": "2023-03-18 13:06:06"}, {"source": 131, "target": 10, "time": "2023-03-18 13:06:11"}, {"source": 132, "target": 47, "time": "2023-03-18 13:07:35"}, {"source": 133, "target": 10, "time": "2023-03-18 13:08:35"}, {"source": 133, "target": 14, "time": "2023-03-18 13:08:45"}, {"source": 134, "target": 10, "time": "2023-03-18 13:08:46"}, {"source": 133, "target": 42, "time": "2023-03-18 13:08:53"}, {"source": 135, "target": 23, "time": "2023-03-18 13:10:09"}, {"source": 133, "target": 32, "time": "2023-03-18 13:10:30"}, {"source": 133, "target": 52, "time": "2023-03-18 13:11:20"}, {"source": 133, "target": 54, "time": "2023-03-18 13:11:34"}, {"source": 133, "target": 30, "time": "2023-03-18 13:12:08"}, {"source": 133, "target": 19, "time": "2023-03-18 13:13:02"}, {"source": 136, "target": 34, "time": "2023-03-18 13:13:08"}, {"source": 133, "target": 6, "time": "2023-03-18 13:13:11"}, {"source": 133, "target": 16, "time": "2023-03-18 13:13:14"}, {"source": 133, "target": 69, "time": "2023-03-18 13:13:22"}, {"source": 133, "target": 27, "time": "2023-03-18 13:13:25"}, {"source": 137, "target": 10, "time": "2023-03-18 13:14:31"}, {"source": 138, "target": 28, "time": "2023-03-18 13:15:04"}, {"source": 139, "target": 48, "time": "2023-03-18 13:16:38"}, {"source": 140, "target": 30, "time": "2023-03-18 13:17:14"}, {"source": 125, "target": 6, "time": "2023-03-18 13:17:28"}, {"source": 141, "target": 30, "time": "2023-03-18 13:17:55"}, {"source": 141, "target": 30, "time": "2023-03-18 13:18:01"}, {"source": 141, "target": 30, "time": "2023-03-18 13:18:07"}, {"source": 142, "target": 35, "time": "2023-03-18 13:18:22"}, {"source": 143, "target": 28, "time": "2023-03-18 13:18:29"}, {"source": 144, "target": 22, "time": "2023-03-18 13:18:37"}, {"source": 143, "target": 28, "time": "2023-03-18 13:18:37"}, {"source": 143, "target": 28, "time": "2023-03-18 13:19:02"}, {"source": 145, "target": 10, "time": "2023-03-18 13:19:11"}, {"source": 43, "target": 19, "time": "2023-03-18 13:19:42"}, {"source": 146, "target": 22, "time": "2023-03-18 13:19:53"}, {"source": 147, "target": 28, "time": "2023-03-18 13:20:19"}, {"source": 148, "target": 53, "time": "2023-03-18 13:20:49"}, {"source": 149, "target": 19, "time": "2023-03-18 13:21:15"}, {"source": 149, "target": 33, "time": "2023-03-18 13:21:24"}, {"source": 150, "target": 52, "time": "2023-03-18 13:22:05"}, {"source": 151, "target": 25, "time": "2023-03-18 13:22:44"}, {"source": 152, "target": 13, "time": "2023-03-18 13:27:13"}, {"source": 153, "target": 28, "time": "2023-03-18 13:33:44"}, {"source": 154, "target": 10, "time": "2023-03-18 14:09:51"}, {"source": 155, "target": 10, "time": "2023-03-18 14:10:49"}, {"source": 156, "target": 28, "time": "2023-03-18 14:16:33"}, {"source": 157, "target": 7, "time": "2023-03-18 14:34:37"}, {"source": 158, "target": 61, "time": "2023-03-18 14:36:10"}, {"source": 159, "target": 157, "time": "2023-03-18 15:20:16"}, {"source": 160, "target": 157, "time": "2023-03-18 16:00:12"}, {"source": 161, "target": 25, "time": "2023-03-18 16:24:40"}, {"source": 162, "target": 157, "time": "2023-03-18 16:24:42"}, {"source": 163, "target": 28, "time": "2023-03-18 16:28:06"}, {"source": 164, "target": 28, "time": "2023-03-18 16:51:04"}, {"source": 165, "target": 19, "time": "2023-03-18 17:22:38"}, {"source": 166, "target": 19, "time": "2023-03-18 17:40:09"}, {"source": 167, "target": 14, "time": "2023-03-18 17:51:55"}, {"source": 168, "target": 14, "time": "2023-03-18 17:54:15"}, {"source": 169, "target": 37, "time": "2023-03-18 18:01:46"}, {"source": 170, "target": 6, "time": "2023-03-18 18:26:05"}, {"source": 171, "target": 37, "time": "2023-03-18 19:19:10"}, {"source": 171, "target": 19, "time": "2023-03-18 19:21:20"}, {"source": 171, "target": 25, "time": "2023-03-18 19:21:51"}, {"source": 172, "target": 10, "time": "2023-03-18 20:08:12"}, {"source": 173, "target": 37, "time": "2023-03-18 20:43:04"}, {"source": 174, "target": 59, "time": "2023-03-18 20:50:10"}, {"source": 175, "target": 59, "time": "2023-03-18 20:52:03"}, {"source": 176, "target": 20, "time": "2023-03-18 20:54:12"}, {"source": 177, "target": 28, "time": "2023-03-18 21:07:25"}, {"source": 177, "target": 19, "time": "2023-03-18 21:08:28"}, {"source": 178, "target": 52, "time": "2023-03-18 22:44:27"}, {"source": 179, "target": 37, "time": "2023-03-18 22:54:18"}, {"source": 179, "target": 37, "time": "2023-03-18 22:54:50"}, {"source": 180, "target": 37, "time": "2023-03-18 23:32:59"}, {"source": 181, "target": 66, "time": "2023-03-18 23:45:29"}, {"source": 182, "target": 59, "time": "2023-03-19 01:32:46"}, {"source": 183, "target": 53, "time": "2023-03-19 03:00:14"}, {"source": 184, "target": 53, "time": "2023-03-19 03:17:44"}, {"source": 185, "target": 53, "time": "2023-03-19 03:22:01"}, {"source": 186, "target": 53, "time": "2023-03-19 03:38:12"}, {"source": 187, "target": 53, "time": "2023-03-19 03:54:55"}, {"source": 188, "target": 53, "time": "2023-03-19 04:09:50"}, {"source": 189, "target": 52, "time": "2023-03-19 06:37:01"}, {"source": 190, "target": 47, "time": "2023-03-19 07:06:05"}, {"source": 191, "target": 37, "time": "2023-03-19 07:41:32"}, {"source": 192, "target": 59, "time": "2023-03-19 08:13:27"}, {"source": 193, "target": 12, "time": "2023-03-19 09:53:58"}, {"source": 194, "target": 18, "time": "2023-03-19 10:51:05"}, {"source": 195, "target": 47, "time": "2023-03-19 12:42:12"}, {"source": 196, "target": 18, "time": "2023-03-19 15:18:54"}, {"source": 197, "target": 18, "time": "2023-03-19 18:49:10"}, {"source": 197, "target": 18, "time": "2023-03-19 18:49:16"}, {"source": 197, "target": 18, "time": "2023-03-19 18:49:29"}]}