{"categories": [{"name": "\u7c7b\u76ee0"}, {"name": "\u7c7b\u76ee1"}, {"name": "\u7c7b\u76ee2"}, {"name": "\u7c7b\u76ee3"}, {"name": "\u7c7b\u76ee4"}, {"name": "\u7c7b\u76ee5"}, {"name": "\u7c7b\u76ee6"}, {"name": "\u7c7b\u76ee7"}, {"name": "\u7c7b\u76ee8"}], "nodes": [{"id": 1, "name": "itsashou_", "symbolSize": 15, "label": {"normal": {"show": true}}, "category": 6}, {"id": 2, "name": "\u7d2b\u5fae\u661f\u7a7aKingStar", "symbolSize": 15, "label": {"normal": {"show": true}}, "category": 5}, {"id": 3, "name": "\u5fc3\u788e\u5374\u7740\u8ff7", "symbolSize": 15, "label": {"normal": {"show": true}}, "category": 6}, {"id": 4, "name": "\u8096\u6218\u5f71\u97f3\u4f1a\u5b98\u5fae", "symbolSize": 15, "label": {"normal": {"show": true}}, "category": 3}, {"id": 5, "name": "\u6d01\u51c0\u6ce1\u6ce1", "symbolSize": 15, "label": {"normal": {"show": true}}, "category": 6}, {"id": 6, "name": "\u73ca\u745a", "symbolSize": 15, "label": {"normal": {"show": true}}, "category": 0}, {"id": 7, "name": "\u60ca\u4e16\u516c\u5b50", "symbolSize": 15, "label": {"normal": {"show": true}}, "category": 6}, {"id": 8, "name": "\u8096\u62181005\u53f7\u5b89\u5229\u7b52", "symbolSize": 15, "label": {"normal": {"show": true}}, "category": 1}, {"id": 9, "name": "1005\u53f7\u867e\u867e\u80fd\u91cf\u5ba2\u6808", "symbolSize": 15, "label": {"normal": {"show": true}}, "category": 0}, {"id": 10, "name": "d\u6c89\u9ed8\u7684\u590f\u5b63d", "symbolSize": 15, "label": {"normal": {"show": true}}, "category": 8}, {"id": 11, "name": "\u8096\u5c0f\u8d5e\u7684\u575a\u679c", "symbolSize": 15, "label": {"normal": {"show": true}}, "category": 1}, {"id": 12, "name": "1005\u53f7\u80a5\u867e\u6307\u5357", "symbolSize": 15, "label": {"normal": {"show": true}}, "category": 1}, {"id": 13, "name": "\u65af\u6587\u7684\u5b81DAYTOY", "symbolSize": 15, "label": {"normal": {"show": true}}, "category": 3}, {"id": 14, "name": "\u989c\u7a76\u6240bot", "symbolSize": 15, "label": {"normal": {"show": true}}, "category": 6}, {"id": 15, "name": "\u78d5\u989c\u65e5\u5fd7", "symbolSize": 15, "label": {"normal": {"show": true}}, "category": 3}, {"id": 16, "name": "\u65e0\u8bed\u6d1b", "symbolSize": 15, "label": {"normal": {"show": true}}, "category": 6}, {"id": 17, "name": "\u8096\u6218\u7f51\u5ba3\u5b98\u5fae", "symbolSize": 15, "label": {"normal": {"show": true}}, "category": 6}, {"id": 18, "name": "waxz0619", "symbolSize": 15, "label": {"normal": {"show": true}}, "category": 6}, {"id": 19, "name": "\u65bd\u56db\u5c0f\u59d0daytoy", "symbolSize": 15, "label": {"normal": {"show": true}}, "category": 1}, {"id": 20, "name": "\u65bd\u5c0f\u7e46", "symbolSize": 15, "label": {"normal": {"show": true}}, "category": 6}, {"id": 21, "name": "\u537f\u537f\u4e0e\u4f60DT", "symbolSize": 15, "label": {"normal": {"show": true}}, "category": 5}, {"id": 22, "name": "\u6f2b\u6f2b\u661f\u6cb3198503", "symbolSize": 15, "label": {"normal": {"show": true}}, "category": 4}, {"id": 23, "name": "\u6d77rays", "symbolSize": 15, "label": {"normal": {"show": true}}, "category": 8}, {"id": 24, "name": "\u6781\u54c1\u61d2\u4eba78918", "symbolSize": 15, "label": {"normal": {"show": true}}, "category": 4}, {"id": 25, "name": "\u575a\u679c\u5c0f\u53ef\u7231\u54e61005", "symbolSize": 15, "label": {"normal": {"show": true}}, "category": 1}, {"id": 26, "name": "183-6\u5de8\u5154", "symbolSize": 15, "label": {"normal": {"show": true}}, "category": 4}, {"id": 27, "name": "\u4e00\u675f\u5149105", "symbolSize": 15, "label": {"normal": {"show": true}}, "category": 3}, {"id": 28, "name": "\u987e\u4e00\u91ce0719", "symbolSize": 15, "label": {"normal": {"show": true}}, "category": 8}], "links": [{"source": 1, "target": 2, "time": "2023-01-24 00:31:52"}, {"source": 1, "target": 2, "time": "2023-01-24 00:31:52"}, {"source": 3, "target": 2, "time": "2023-01-24 00:32:17"}, {"source": 3, "target": 2, "time": "2023-01-24 00:32:17"}, {"source": 4, "target": 2, "time": "2023-01-24 00:32:33"}, {"source": 4, "target": 2, "time": "2023-01-24 00:32:33"}, {"source": 5, "target": 2, "time": "2023-01-24 00:33:13"}, {"source": 5, "target": 2, "time": "2023-01-24 00:33:13"}, {"source": 6, "target": 2, "time": "2023-01-24 00:33:52"}, {"source": 6, "target": 2, "time": "2023-01-24 00:33:52"}, {"source": 7, "target": 2, "time": "2023-01-24 00:35:53"}, {"source": 7, "target": 2, "time": "2023-01-24 00:35:53"}, {"source": 8, "target": 2, "time": "2023-01-24 00:36:15"}, {"source": 8, "target": 2, "time": "2023-01-24 00:36:15"}, {"source": 9, "target": 2, "time": "2023-01-24 00:36:41"}, {"source": 9, "target": 2, "time": "2023-01-24 00:36:41"}, {"source": 10, "target": 9, "time": "2023-01-24 00:42:01"}, {"source": 10, "target": 9, "time": "2023-01-24 00:42:01"}, {"source": 11, "target": 4, "time": "2023-01-24 00:45:00"}, {"source": 11, "target": 4, "time": "2023-01-24 00:45:00"}, {"source": 12, "target": 2, "time": "2023-01-24 00:56:31"}, {"source": 12, "target": 2, "time": "2023-01-24 00:56:31"}, {"source": 13, "target": 4, "time": "2023-01-24 01:11:15"}, {"source": 13, "target": 4, "time": "2023-01-24 01:11:15"}, {"source": 14, "target": 4, "time": "2023-01-24 07:20:10"}, {"source": 14, "target": 4, "time": "2023-01-24 07:20:10"}, {"source": 15, "target": 4, "time": "2023-01-24 07:51:12"}, {"source": 15, "target": 4, "time": "2023-01-24 07:51:12"}, {"source": 16, "target": 4, "time": "2023-01-24 08:55:39"}, {"source": 16, "target": 4, "time": "2023-01-24 08:55:39"}, {"source": 17, "target": 2, "time": "2023-01-24 09:02:46"}, {"source": 17, "target": 2, "time": "2023-01-24 09:02:46"}, {"source": 18, "target": 10, "time": "2023-01-24 15:40:16"}, {"source": 19, "target": 10, "time": "2023-01-24 16:53:36"}, {"source": 20, "target": 10, "time": "2023-01-24 16:57:16"}, {"source": 21, "target": 10, "time": "2023-01-24 20:10:09"}, {"source": 22, "target": 10, "time": "2023-01-24 21:10:18"}, {"source": 23, "target": 10, "time": "2023-01-24 21:56:32"}, {"source": 24, "target": 15, "time": "2023-01-24 22:08:34"}, {"source": 25, "target": 10, "time": "2023-01-24 23:21:46"}, {"source": 26, "target": 11, "time": "2023-01-25 10:28:17"}, {"source": 27, "target": 11, "time": "2023-01-27 10:08:23"}, {"source": 28, "target": 11, "time": "2023-01-30 13:37:46"}]}