{"categories": [{"name": "\u7c7b\u76ee0"}, {"name": "\u7c7b\u76ee1"}, {"name": "\u7c7b\u76ee2"}, {"name": "\u7c7b\u76ee3"}, {"name": "\u7c7b\u76ee4"}, {"name": "\u7c7b\u76ee5"}, {"name": "\u7c7b\u76ee6"}, {"name": "\u7c7b\u76ee7"}, {"name": "\u7c7b\u76ee8"}], "nodes": [{"id": 1, "name": "\u8096\u62181005\u53f7\u5b89\u5229\u7b52", "symbolSize": 15, "label": {"normal": {"show": true}}, "category": 3}, {"id": 2, "name": "X\u7396\u5c11\u5e74\u56e2\u8096\u6218DAYTOY", "symbolSize": 15, "label": {"normal": {"show": true}}, "category": 5}, {"id": 3, "name": "\u8096\u6218\u7f51\u5ba3\u5b98\u5fae", "symbolSize": 15, "label": {"normal": {"show": true}}, "category": 4}, {"id": 4, "name": "\u8096\u5c0f\u8d5e\u7684\u575a\u679c", "symbolSize": 15, "label": {"normal": {"show": true}}, "category": 5}, {"id": 5, "name": "1005\u53f7\u867e\u867e\u80fd\u91cf\u5ba2\u6808", "symbolSize": 15, "label": {"normal": {"show": true}}, "category": 7}, {"id": 6, "name": "\u987e\u7b19DAYTOY", "symbolSize": 15, "label": {"normal": {"show": true}}, "category": 2}, {"id": 7, "name": "\u6d45\u590f\u9633\u5149ai", "symbolSize": 15, "label": {"normal": {"show": true}}, "category": 1}, {"id": 8, "name": "\u738b\u5c0f\u514ebaby", "symbolSize": 15, "label": {"normal": {"show": true}}, "category": 4}, {"id": 9, "name": "\u8096\u5c0f\u96ea\u4e2b", "symbolSize": 15, "label": {"normal": {"show": true}}, "category": 6}, {"id": 10, "name": "OO\u6797\u67977", "symbolSize": 15, "label": {"normal": {"show": true}}, "category": 0}, {"id": 11, "name": "\u8096\u67d3\u67d3\u7684\u5c0f\u5154\u7259", "symbolSize": 15, "label": {"normal": {"show": true}}, "category": 4}, {"id": 12, "name": "\u5c0f\u98de\u4fa0maybe", "symbolSize": 15, "label": {"normal": {"show": true}}, "category": 1}, {"id": 13, "name": "1005\u53f7\u80a5\u867e\u6307\u5357", "symbolSize": 15, "label": {"normal": {"show": true}}, "category": 3}, {"id": 14, "name": "\u5154\u6bdb\u62a4\u7406\u624b\u518c", "symbolSize": 15, "label": {"normal": {"show": true}}, "category": 5}, {"id": 15, "name": "\u95fb\u98ce\u89c1\u4f60", "symbolSize": 15, "label": {"normal": {"show": true}}, "category": 0}, {"id": 16, "name": "\u8096\u8096-\u9759\u9759", "symbolSize": 15, "label": {"normal": {"show": true}}, "category": 3}, {"id": 17, "name": "\u8096\u8096\u96c5\u6960", "symbolSize": 15, "label": {"normal": {"show": true}}, "category": 7}, {"id": 18, "name": "x\u58a8\u6709\u94b1z", "symbolSize": 15, "label": {"normal": {"show": true}}, "category": 8}, {"id": 19, "name": "\u534a\u9762\u5e84152", "symbolSize": 15, "label": {"normal": {"show": true}}, "category": 5}, {"id": 20, "name": "\u8096\u6218\u5f71\u97f3\u4f1a\u5b98\u5fae", "symbolSize": 15, "label": {"normal": {"show": true}}, "category": 0}, {"id": 21, "name": "x\u8bba\u6218\u6301\u4e45", "symbolSize": 15, "label": {"normal": {"show": true}}, "category": 2}, {"id": 22, "name": "\u987e\u533b\u751f\u7684\u5c0f\u7b28\u86cb\u9152\u7a9d", "symbolSize": 15, "label": {"normal": {"show": true}}, "category": 3}, {"id": 23, "name": "\u8096\u6218\u5de5\u4f5c\u5ba4", "symbolSize": 15, "label": {"normal": {"show": true}}, "category": 8}, {"id": 24, "name": "\u6cab\u6cabZC33", "symbolSize": 15, "label": {"normal": {"show": true}}, "category": 0}, {"id": 25, "name": "\u5fae\u96e8\u6fdb\u6fdb", "symbolSize": 15, "label": {"normal": {"show": true}}, "category": 4}, {"id": 26, "name": "\u4e00\u9897\u732a\u7684\u5fc3X", "symbolSize": 15, "label": {"normal": {"show": true}}, "category": 8}, {"id": 27, "name": "itsashou_", "symbolSize": 15, "label": {"normal": {"show": true}}, "category": 6}, {"id": 28, "name": "\u964c\u4e0a\u67f3\u7d6e\u6f2b\u5929", "symbolSize": 15, "label": {"normal": {"show": true}}, "category": 5}, {"id": 29, "name": "\u7fa1\u715e\u6211\u4e5fV\u00b7", "symbolSize": 15, "label": {"normal": {"show": true}}, "category": 1}, {"id": 30, "name": "\u6eaa\u4e0a\u9752\u8349\u83b2\u84ec\u597d", "symbolSize": 15, "label": {"normal": {"show": true}}, "category": 7}, {"id": 31, "name": "\u60ca\u4e16\u516c\u5b50", "symbolSize": 15, "label": {"normal": {"show": true}}, "category": 4}, {"id": 32, "name": "\u97f5\u8272\u5343\u767e\u5ea6", "symbolSize": 15, "label": {"normal": {"show": true}}, "category": 0}, {"id": 33, "name": "\u99a5\u6842\u674f\u79cb\u5bb9", "symbolSize": 15, "label": {"normal": {"show": true}}, "category": 1}, {"id": 34, "name": "fancy\u5bb6\u7684\u5c0f\u5609\u5609", "symbolSize": 15, "label": {"normal": {"show": true}}, "category": 0}, {"id": 35, "name": "\u5189\u5189\u5c0f\u9a6cDAYTOY", "symbolSize": 15, "label": {"normal": {"show": true}}, "category": 8}, {"id": 36, "name": "\u8c01\u5077\u6211\u7684\u7968\u4e86", "symbolSize": 15, "label": {"normal": {"show": true}}, "category": 7}, {"id": 37, "name": "\u7a0b\u5806\u7684\u94b1", "symbolSize": 15, "label": {"normal": {"show": true}}, "category": 2}, {"id": 38, "name": "\u5927\u54c8\u5c0f\u55bd", "symbolSize": 15, "label": {"normal": {"show": true}}, "category": 8}, {"id": 39, "name": "Nana_1005", "symbolSize": 15, "label": {"normal": {"show": true}}, "category": 2}, {"id": 40, "name": "jessie\u97eb", "symbolSize": 15, "label": {"normal": {"show": true}}, "category": 3}, {"id": 41, "name": "\u8521\u5c11\u91ce", "symbolSize": 15, "label": {"normal": {"show": true}}, "category": 1}, {"id": 42, "name": "xpromise\u00b705", "symbolSize": 15, "label": {"normal": {"show": true}}, "category": 1}, {"id": 43, "name": "\u6211\u8fd8\u80fd\u7761\u561e", "symbolSize": 15, "label": {"normal": {"show": true}}, "category": 3}, {"id": 44, "name": "\u4eb2\u4eb2\u66feRe121218", "symbolSize": 15, "label": {"normal": {"show": true}}, "category": 8}, {"id": 45, "name": "\u84b9\u846d\u4f0a\u4eba\u9189\u6218\u7532", "symbolSize": 15, "label": {"normal": {"show": true}}, "category": 7}, {"id": 46, "name": "\u6d01\u51c0\u6ce1\u6ce1", "symbolSize": 15, "label": {"normal": {"show": true}}, "category": 0}, {"id": 47, "name": "\u6749\u4e88\u6218\u516e\u537f\u4f3c\u610f", "symbolSize": 15, "label": {"normal": {"show": true}}, "category": 7}, {"id": 48, "name": "\u53ef\u7231\u8fea\u8fea-", "symbolSize": 15, "label": {"normal": {"show": true}}, "category": 1}, {"id": 49, "name": "\u4f60\u522b\u8bf4\u68a6\u60f3\u9065\u4e0d\u53ef\u53ca", "symbolSize": 15, "label": {"normal": {"show": true}}, "category": 7}, {"id": 50, "name": "\u76db\u9633\u529e\u6211_\u5411\u9633\u800c\u751f\u7248", "symbolSize": 15, "label": {"normal": {"show": true}}, "category": 3}, {"id": 51, "name": "\u4e0d\u4e8c\u592a\u6781\u718a", "symbolSize": 15, "label": {"normal": {"show": true}}, "category": 3}, {"id": 52, "name": "rumor1437", "symbolSize": 15, "label": {"normal": {"show": true}}, "category": 3}, {"id": 53, "name": "\u662f\u59dc\u5c0f\u4e2b", "symbolSize": 15, "label": {"normal": {"show": true}}, "category": 3}, {"id": 54, "name": "\u60a0\u7136\u82e5\u96eaxz", "symbolSize": 15, "label": {"normal": {"show": true}}, "category": 8}, {"id": 55, "name": "Selamm\u521d\u5fc3", "symbolSize": 15, "label": {"normal": {"show": true}}, "category": 8}, {"id": 56, "name": "\u964c\u8bed\u8a00\u7231\u8d22\u795e", "symbolSize": 15, "label": {"normal": {"show": true}}, "category": 7}, {"id": 57, "name": "\u8096\u8096\u7684\u5bb6\u52a1", "symbolSize": 15, "label": {"normal": {"show": true}}, "category": 8}, {"id": 58, "name": "\u661f\u6cb3\u6f2b\u6f2b\u9189\u6653\u6708", "symbolSize": 15, "label": {"normal": {"show": true}}, "category": 8}, {"id": 59, "name": "\u5feb\u4e50\u6f47\u6f47\u7231\u5b9d\u8d1d", "symbolSize": 15, "label": {"normal": {"show": true}}, "category": 6}, {"id": 60, "name": "\u5fc3\u52a8\u7684\u6ee1\u8db35555", "symbolSize": 15, "label": {"normal": {"show": true}}, "category": 6}, {"id": 61, "name": "\u8d5e\u5b50xz", "symbolSize": 15, "label": {"normal": {"show": true}}, "category": 7}, {"id": 62, "name": "wjq_1128", "symbolSize": 15, "label": {"normal": {"show": true}}, "category": 8}, {"id": 63, "name": "\u6ee1\u76ee\u661f\u8fb01005xz", "symbolSize": 15, "label": {"normal": {"show": true}}, "category": 3}, {"id": 64, "name": "\u5154\u6843\u7f50\u5934DAYTOY", "symbolSize": 15, "label": {"normal": {"show": true}}, "category": 4}, {"id": 65, "name": "\u5b50\u58a8\u5c81\u6708\u9759\u597d", "symbolSize": 15, "label": {"normal": {"show": true}}, "category": 1}, {"id": 66, "name": "\u8d8b\u5149yeye", "symbolSize": 15, "label": {"normal": {"show": true}}, "category": 6}, {"id": 67, "name": "Hannah\u9648\u5c0f\u7476", "symbolSize": 15, "label": {"normal": {"show": true}}, "category": 7}, {"id": 68, "name": "\u4f73\u4eba\u6709\u7ea6wawzh", "symbolSize": 15, "label": {"normal": {"show": true}}, "category": 5}, {"id": 69, "name": "\u725b\u5976\u69b4\u83b2\u5c0f\u5e03\u4e01", "symbolSize": 15, "label": {"normal": {"show": true}}, "category": 6}, {"id": 70, "name": "\u8fa3\u59b9\u5b50\u5403\u8fa3\u4e0d\u6015\u8fa3XH", "symbolSize": 15, "label": {"normal": {"show": true}}, "category": 1}, {"id": 71, "name": "\u65e0\u8bed\u6d1b", "symbolSize": 15, "label": {"normal": {"show": true}}, "category": 2}, {"id": 72, "name": "\u7ae5\u6e29\u5a49DAYTOY", "symbolSize": 15, "label": {"normal": {"show": true}}, "category": 0}, {"id": 73, "name": "\u534a\u7cd6\u751c\u5c9b", "symbolSize": 15, "label": {"normal": {"show": true}}, "category": 7}, {"id": 74, "name": "\u564e\u564e\u7231\u4f60\u4e00\u7396", "symbolSize": 15, "label": {"normal": {"show": true}}, "category": 4}, {"id": 75, "name": "\u00b7\u7b80\u5355\u7684\u7231\u7ed9\u4f60\u00b7", "symbolSize": 15, "label": {"normal": {"show": true}}, "category": 0}, {"id": 76, "name": "\u6a59\u82b1\u5154\u5b50sean", "symbolSize": 15, "label": {"normal": {"show": true}}, "category": 0}, {"id": 77, "name": "\u672a\u5df2\u516c\u5b50", "symbolSize": 15, "label": {"normal": {"show": true}}, "category": 6}, {"id": 78, "name": "\u59ae\u53ef\u5154\u5154\u6c38\u8fdc\u504f\u7231\u8096\u8096", "symbolSize": 15, "label": {"normal": {"show": true}}, "category": 0}, {"id": 79, "name": "\u9e6d\u5c9b\u98ce72032", "symbolSize": 15, "label": {"normal": {"show": true}}, "category": 2}, {"id": 80, "name": "\u840c\u8c46\u8c46\u54401005", "symbolSize": 15, "label": {"normal": {"show": true}}, "category": 5}, {"id": 81, "name": "\u8096\u814a\u814a", "symbolSize": 15, "label": {"normal": {"show": true}}, "category": 5}, {"id": 82, "name": "\u7ea2\u8272\u9c7c\u6ce1\u6ce1", "symbolSize": 15, "label": {"normal": {"show": true}}, "category": 1}, {"id": 83, "name": "\u8b0e\u7173\u83df", "symbolSize": 15, "label": {"normal": {"show": true}}, "category": 6}, {"id": 84, "name": "\u7eaa\u7ea2\u73a5", "symbolSize": 15, "label": {"normal": {"show": true}}, "category": 5}, {"id": 85, "name": "\u96c1\u6e21\u5bd2\u6f6d1530", "symbolSize": 15, "label": {"normal": {"show": true}}, "category": 2}, {"id": 86, "name": "hy_\u6749", "symbolSize": 15, "label": {"normal": {"show": true}}, "category": 2}, {"id": 87, "name": "\u4f60\u662f\u6b64\u751f\u6700\u7f8e\u7684\u98ce\u666fiaz", "symbolSize": 15, "label": {"normal": {"show": true}}, "category": 5}, {"id": 88, "name": "\u8096\u8096\u60f3\u8096", "symbolSize": 15, "label": {"normal": {"show": true}}, "category": 6}, {"id": 89, "name": "\u6797\u4e2d\u770b\u96e81005", "symbolSize": 15, "label": {"normal": {"show": true}}, "category": 6}, {"id": 90, "name": "\u7528\u6237xfnzdkcmeg", "symbolSize": 15, "label": {"normal": {"show": true}}, "category": 5}, {"id": 91, "name": "\u7965\u745e\u5146\u548c", "symbolSize": 15, "label": {"normal": {"show": true}}, "category": 4}, {"id": 92, "name": "\u613f\u8fd9\u4e2a\u4e16\u754c\u90fd\u80fd\u6e29\u67d4", "symbolSize": 15, "label": {"normal": {"show": true}}, "category": 2}, {"id": 93, "name": "\u963f\u94d6\u513f\u54e5\u54e5", "symbolSize": 15, "label": {"normal": {"show": true}}, "category": 4}, {"id": 94, "name": "\u68cb\u5b50\u53ef\u7231\u591a", "symbolSize": 15, "label": {"normal": {"show": true}}, "category": 6}, {"id": 95, "name": "\u7b2c\u4e00\u6b21\u8ffd\u661f\u4e0d\u540e\u6094", "symbolSize": 15, "label": {"normal": {"show": true}}, "category": 2}, {"id": 96, "name": "\u6bcf\u5929\u90fd\u559d\u8981\u559d\u4e00\u74f6", "symbolSize": 15, "label": {"normal": {"show": true}}, "category": 3}, {"id": 97, "name": "\u67e0\u6aac\u6696\u5915\u590fANXZ", "symbolSize": 15, "label": {"normal": {"show": true}}, "category": 7}, {"id": 98, "name": "\u56e0\u4e3a\u5154\u5154\u624d\u7559\u5728\u8fd9\u91cc", "symbolSize": 15, "label": {"normal": {"show": true}}, "category": 7}, {"id": 99, "name": "\u751c\u997cO\u65e5\u8bb0", "symbolSize": 15, "label": {"normal": {"show": true}}, "category": 0}, {"id": 100, "name": "\u6218\u5728\u4e00\u8d77zz", "symbolSize": 15, "label": {"normal": {"show": true}}, "category": 3}, {"id": 101, "name": "\u5deb\u5a46\u7684\u5c0f\u82f9\u679c", "symbolSize": 15, "label": {"normal": {"show": true}}, "category": 5}, {"id": 102, "name": "\u7ea2\u8c46\u8309\u8389\u96cf\u83ca", "symbolSize": 15, "label": {"normal": {"show": true}}, "category": 4}, {"id": 103, "name": "\u8096\u6f47\u58a8\u67d3", "symbolSize": 15, "label": {"normal": {"show": true}}, "category": 3}, {"id": 104, "name": "\u6211\u5bb6\u7684\u575a\u679c\u59d1\u5a18", "symbolSize": 15, "label": {"normal": {"show": true}}, "category": 3}, {"id": 105, "name": "\u8096-DAYTOY1005", "symbolSize": 15, "label": {"normal": {"show": true}}, "category": 7}, {"id": 106, "name": "A\u8096\u94c5\u7b14JOY", "symbolSize": 15, "label": {"normal": {"show": true}}, "category": 7}, {"id": 107, "name": "\u7cd6\u679c\u6735\u59d0", "symbolSize": 15, "label": {"normal": {"show": true}}, "category": 5}, {"id": 108, "name": "\u542c\u96e8231005z", "symbolSize": 15, "label": {"normal": {"show": true}}, "category": 3}, {"id": 109, "name": "\u5c3e\u53f7\u738b\u70b8", "symbolSize": 15, "label": {"normal": {"show": true}}, "category": 2}, {"id": 110, "name": "\u613f\u8fd9\u4e2a\u4e16\u754c\u90fd\u80fd\u7f8e\u597d", "symbolSize": 15, "label": {"normal": {"show": true}}, "category": 8}, {"id": 111, "name": "\u5f71\u9896-\u7981\u56de\u9ed1", "symbolSize": 15, "label": {"normal": {"show": true}}, "category": 2}, {"id": 112, "name": "\u6de1\u7136\u82e5\u6c34\u5982\u83ca\u5982\u7af9", "symbolSize": 15, "label": {"normal": {"show": true}}, "category": 7}, {"id": 113, "name": "\u6696\u9633\u601d\u5609", "symbolSize": 15, "label": {"normal": {"show": true}}, "category": 6}, {"id": 114, "name": "\u6843\u592d\u707c\u534e520", "symbolSize": 15, "label": {"normal": {"show": true}}, "category": 3}, {"id": 115, "name": "\u4e00\u8d77\u8d70\u8fc7\u76f8\u7ea6\u660e\u59291005", "symbolSize": 15, "label": {"normal": {"show": true}}, "category": 0}, {"id": 116, "name": "TY\u7231\u6218\u62181005", "symbolSize": 15, "label": {"normal": {"show": true}}, "category": 3}, {"id": 117, "name": "\u55d1\u74dc\u5b50\u770b\u7b11\u8bdd", "symbolSize": 15, "label": {"normal": {"show": true}}, "category": 4}, {"id": 118, "name": "\u4e09\u9867\u91ce\u5728\u9a30\u98db", "symbolSize": 15, "label": {"normal": {"show": true}}, "category": 3}, {"id": 119, "name": "\u9b54\u874e\u8001\u592a", "symbolSize": 15, "label": {"normal": {"show": true}}, "category": 1}, {"id": 120, "name": "\u83ab\u66f0-\u5f88\u65e0\u5948", "symbolSize": 15, "label": {"normal": {"show": true}}, "category": 7}, {"id": 121, "name": "\u6218\u6218\u5bb6\u53ef\u7231\u7684\u5c0f\u4ed9\u5973", "symbolSize": 15, "label": {"normal": {"show": true}}, "category": 0}, {"id": 122, "name": "\u4e00\u672862", "symbolSize": 15, "label": {"normal": {"show": true}}, "category": 3}, {"id": 123, "name": "\u62e5\u6709\u4f60-\u6211\u7684\u4e16\u754c", "symbolSize": 15, "label": {"normal": {"show": true}}, "category": 8}, {"id": 124, "name": "\u9ed8\u9ed81217022", "symbolSize": 15, "label": {"normal": {"show": true}}, "category": 2}, {"id": 125, "name": "\u6885\u9999\u5982\u6545688", "symbolSize": 15, "label": {"normal": {"show": true}}, "category": 4}, {"id": 126, "name": "\u61ffLibby", "symbolSize": 15, "label": {"normal": {"show": true}}, "category": 8}, {"id": 127, "name": "\u5c0f\u5e7a\u7cd6\u7cd6_606", "symbolSize": 15, "label": {"normal": {"show": true}}, "category": 7}, {"id": 128, "name": "\u591c\u7a7a\u4e2d\u95ea\u4eae\u7684\u661f12", "symbolSize": 15, "label": {"normal": {"show": true}}, "category": 4}, {"id": 129, "name": "\u9762\u5bf9\u65e0\u6cd5\u9884\u77e5\u7684\u672a\u6765", "symbolSize": 15, "label": {"normal": {"show": true}}, "category": 1}, {"id": 130, "name": "\u70df\u706b\u4eba\u95f4\u4e09\u5343\u5e741005", "symbolSize": 15, "label": {"normal": {"show": true}}, "category": 2}, {"id": 131, "name": "\u846b\u82a6\u5a03\u59b9\u59b9\u7684\u59d0\u59d0", "symbolSize": 15, "label": {"normal": {"show": true}}, "category": 0}, {"id": 132, "name": "\u60f3\u6709\u94b1\u6709\u5f88\u591a\u94b12333", "symbolSize": 15, "label": {"normal": {"show": true}}, "category": 5}, {"id": 133, "name": "\u7528\u62377562316764", "symbolSize": 15, "label": {"normal": {"show": true}}, "category": 0}, {"id": 134, "name": "\u7528\u62377486389192", "symbolSize": 15, "label": {"normal": {"show": true}}, "category": 7}, {"id": 135, "name": "\u504f\u504f\u559c\u6b22\u4f60\u5440love", "symbolSize": 15, "label": {"normal": {"show": true}}, "category": 6}, {"id": 136, "name": "\u6de1\u9999\u5473\u7684\u5706\u73e0\u7b14xiaoxiao", "symbolSize": 15, "label": {"normal": {"show": true}}, "category": 5}, {"id": 137, "name": "\u62183344", "symbolSize": 15, "label": {"normal": {"show": true}}, "category": 5}, {"id": 138, "name": "\u753b\u7b141005", "symbolSize": 15, "label": {"normal": {"show": true}}, "category": 2}, {"id": 139, "name": "\u98ce\u82b1ye\u96ea\u6708", "symbolSize": 15, "label": {"normal": {"show": true}}, "category": 6}, {"id": 140, "name": "i\u6218\u5fc6\u604b", "symbolSize": 15, "label": {"normal": {"show": true}}, "category": 3}, {"id": 141, "name": "\u897f\u671b\u957f\u5b8999", "symbolSize": 15, "label": {"normal": {"show": true}}, "category": 2}, {"id": 142, "name": "1005\u6a31\u6843\u5c0f\u4e38", "symbolSize": 15, "label": {"normal": {"show": true}}, "category": 4}, {"id": 143, "name": "\u79bb\u79bb\u539f1005", "symbolSize": 15, "label": {"normal": {"show": true}}, "category": 0}, {"id": 144, "name": "\u957f\u5929\u5171\u79cb\u8272", "symbolSize": 15, "label": {"normal": {"show": true}}, "category": 1}, {"id": 145, "name": "\u662f\u6843\u6843\u554azz", "symbolSize": 15, "label": {"normal": {"show": true}}, "category": 7}, {"id": 146, "name": "\u65f6\u5f71\u7684\u5c0f\u5f92\u5f1f\u6697\u604b\u9633\u9633", "symbolSize": 15, "label": {"normal": {"show": true}}, "category": 7}, {"id": 147, "name": "\u62183s3s", "symbolSize": 15, "label": {"normal": {"show": true}}, "category": 4}, {"id": 148, "name": "\u9621\u4e0a\u6843\u82b1", "symbolSize": 15, "label": {"normal": {"show": true}}, "category": 5}, {"id": 149, "name": "\u4e0a\u4e2a\u540d\u5b57\u4e0d\u591f\u9b45\u529b", "symbolSize": 15, "label": {"normal": {"show": true}}, "category": 5}, {"id": 150, "name": "\u7528\u6237\u5c0f\u523a\u732c88527", "symbolSize": 15, "label": {"normal": {"show": true}}, "category": 3}, {"id": 151, "name": "\u5929\u7136\u5446\u7684\u73b2\u73d1\u5c0f\u590f", "symbolSize": 15, "label": {"normal": {"show": true}}, "category": 1}, {"id": 152, "name": "\u7d2b\u85e47037", "symbolSize": 15, "label": {"normal": {"show": true}}, "category": 0}, {"id": 153, "name": "\u7c73\u7c73money", "symbolSize": 15, "label": {"normal": {"show": true}}, "category": 2}, {"id": 154, "name": "\u6625\u751f\u6211\u8001\u516c", "symbolSize": 15, "label": {"normal": {"show": true}}, "category": 5}, {"id": 155, "name": "\u9752\u67e0\u8584\u8377\u716e\u9152", "symbolSize": 15, "label": {"normal": {"show": true}}, "category": 0}, {"id": 156, "name": "\u966a\u4f34g_", "symbolSize": 15, "label": {"normal": {"show": true}}, "category": 2}, {"id": 157, "name": "\u9999\u6e2f\u5c0f\u8c93Mimi", "symbolSize": 15, "label": {"normal": {"show": true}}, "category": 6}, {"id": 158, "name": "\u587d\u587d200008", "symbolSize": 15, "label": {"normal": {"show": true}}, "category": 3}, {"id": 159, "name": "\u58a8\u67d3\u7fa1\u5165\u989c", "symbolSize": 15, "label": {"normal": {"show": true}}, "category": 5}, {"id": 160, "name": "\u6d45\u84dd\u67e0\u6aac\u51b0", "symbolSize": 15, "label": {"normal": {"show": true}}, "category": 3}, {"id": 161, "name": "183\u70b96\u7684\u5c0f\u5e3d\u5b50", "symbolSize": 15, "label": {"normal": {"show": true}}, "category": 3}, {"id": 162, "name": "\u6218\u5417\u6218\u554a201005", "symbolSize": 15, "label": {"normal": {"show": true}}, "category": 6}, {"id": 163, "name": "\u73ed\u73ed\u5728", "symbolSize": 15, "label": {"normal": {"show": true}}, "category": 4}, {"id": 164, "name": "\u5927\u4e50\u4e8c\u54c8", "symbolSize": 15, "label": {"normal": {"show": true}}, "category": 1}, {"id": 165, "name": "\u4ebf\u4e07\u5b87\u5b99\u661f\u8fb0\u4e0d\u5982\u4f60", "symbolSize": 15, "label": {"normal": {"show": true}}, "category": 8}, {"id": 166, "name": "\u5723\u5973\u679c998", "symbolSize": 15, "label": {"normal": {"show": true}}, "category": 3}, {"id": 167, "name": "AI\u6d6e\u767d", "symbolSize": 15, "label": {"normal": {"show": true}}, "category": 0}, {"id": 168, "name": "\u591a\u52c71005", "symbolSize": 15, "label": {"normal": {"show": true}}, "category": 6}, {"id": 169, "name": "\u6218\u5411\u5f80\u800c\u5df285366", "symbolSize": 15, "label": {"normal": {"show": true}}, "category": 8}, {"id": 170, "name": "\u534e\u6e05\u533b\u9662\u83b2\u82b1\u6c60", "symbolSize": 15, "label": {"normal": {"show": true}}, "category": 7}, {"id": 171, "name": "\u7f8e\u5c11\u5973\u5c0f\u65b0\u65b0", "symbolSize": 15, "label": {"normal": {"show": true}}, "category": 8}, {"id": 172, "name": "\u8d77\u4e2a\u540d\u5b57\u4e5f\u5f88\u96be\u5440", "symbolSize": 15, "label": {"normal": {"show": true}}, "category": 8}, {"id": 173, "name": "\u65f6\u5f71\u5927\u4eba\u7684\u7231\u6155\u8005", "symbolSize": 15, "label": {"normal": {"show": true}}, "category": 6}, {"id": 174, "name": "lily\u542c\u96e8", "symbolSize": 15, "label": {"normal": {"show": true}}, "category": 5}, {"id": 175, "name": "\u96ef\u5b50007728", "symbolSize": 15, "label": {"normal": {"show": true}}, "category": 2}, {"id": 176, "name": "\u9633\u9633\u6211\u662f\u59d0\u59d0", "symbolSize": 15, "label": {"normal": {"show": true}}, "category": 8}, {"id": 177, "name": "\u59d0\u59d0\u559c\u6b22\u8096\u6709\u94b1", "symbolSize": 15, "label": {"normal": {"show": true}}, "category": 3}], "links": [{"source": 1, "target": 2, "time": "2023-02-05 17:53:38"}, {"source": 3, "target": 2, "time": "2023-02-05 17:53:57"}, {"source": 4, "target": 3, "time": "2023-02-05 17:54:06"}, {"source": 5, "target": 2, "time": "2023-02-05 17:54:09"}, {"source": 6, "target": 2, "time": "2023-02-05 17:54:20"}, {"source": 7, "target": 5, "time": "2023-02-05 17:55:09"}, {"source": 8, "target": 3, "time": "2023-02-05 17:55:46"}, {"source": 9, "target": 5, "time": "2023-02-05 17:55:51"}, {"source": 10, "target": 3, "time": "2023-02-05 17:56:14"}, {"source": 11, "target": 1, "time": "2023-02-05 17:56:17"}, {"source": 7, "target": 3, "time": "2023-02-05 17:56:32"}, {"source": 11, "target": 3, "time": "2023-02-05 17:56:36"}, {"source": 12, "target": 7, "time": "2023-02-05 17:56:52"}, {"source": 13, "target": 2, "time": "2023-02-05 17:57:08"}, {"source": 14, "target": 2, "time": "2023-02-05 17:57:21"}, {"source": 15, "target": 14, "time": "2023-02-05 17:57:29"}, {"source": 16, "target": 3, "time": "2023-02-05 17:58:09"}, {"source": 17, "target": 13, "time": "2023-02-05 17:58:09"}, {"source": 15, "target": 13, "time": "2023-02-05 17:58:12"}, {"source": 18, "target": 7, "time": "2023-02-05 17:58:14"}, {"source": 19, "target": 7, "time": "2023-02-05 17:58:18"}, {"source": 20, "target": 2, "time": "2023-02-05 17:58:27"}, {"source": 21, "target": 5, "time": "2023-02-05 17:58:40"}, {"source": 22, "target": 4, "time": "2023-02-05 17:58:47"}, {"source": 23, "target": 2, "time": "2023-02-05 17:59:09"}, {"source": 11, "target": 14, "time": "2023-02-05 17:59:15"}, {"source": 4, "target": 20, "time": "2023-02-05 17:59:32"}, {"source": 16, "target": 13, "time": "2023-02-05 17:59:52"}, {"source": 24, "target": 20, "time": "2023-02-05 17:59:54"}, {"source": 25, "target": 20, "time": "2023-02-05 18:00:03"}, {"source": 16, "target": 14, "time": "2023-02-05 18:00:06"}, {"source": 26, "target": 14, "time": "2023-02-05 18:00:22"}, {"source": 3, "target": 23, "time": "2023-02-05 18:00:38"}, {"source": 20, "target": 23, "time": "2023-02-05 18:01:09"}, {"source": 4, "target": 23, "time": "2023-02-05 18:01:18"}, {"source": 27, "target": 23, "time": "2023-02-05 18:01:24"}, {"source": 4, "target": 3, "time": "2023-02-05 18:01:28"}, {"source": 28, "target": 13, "time": "2023-02-05 18:01:52"}, {"source": 17, "target": 20, "time": "2023-02-05 18:02:51"}, {"source": 16, "target": 2, "time": "2023-02-05 18:02:57"}, {"source": 16, "target": 20, "time": "2023-02-05 18:02:57"}, {"source": 29, "target": 3, "time": "2023-02-05 18:03:09"}, {"source": 4, "target": 20, "time": "2023-02-05 18:03:12"}, {"source": 30, "target": 20, "time": "2023-02-05 18:03:15"}, {"source": 1, "target": 23, "time": "2023-02-05 18:03:25"}, {"source": 31, "target": 2, "time": "2023-02-05 18:03:31"}, {"source": 14, "target": 23, "time": "2023-02-05 18:03:42"}, {"source": 32, "target": 20, "time": "2023-02-05 18:03:43"}, {"source": 33, "target": 20, "time": "2023-02-05 18:03:47"}, {"source": 34, "target": 5, "time": "2023-02-05 18:04:00"}, {"source": 35, "target": 20, "time": "2023-02-05 18:04:07"}, {"source": 11, "target": 20, "time": "2023-02-05 18:04:15"}, {"source": 11, "target": 3, "time": "2023-02-05 18:04:20"}, {"source": 11, "target": 14, "time": "2023-02-05 18:04:30"}, {"source": 16, "target": 3, "time": "2023-02-05 18:04:37"}, {"source": 36, "target": 16, "time": "2023-02-05 18:04:47"}, {"source": 5, "target": 23, "time": "2023-02-05 18:04:55"}, {"source": 37, "target": 1, "time": "2023-02-05 18:04:55"}, {"source": 31, "target": 23, "time": "2023-02-05 18:05:01"}, {"source": 38, "target": 13, "time": "2023-02-05 18:05:11"}, {"source": 7, "target": 5, "time": "2023-02-05 18:05:13"}, {"source": 39, "target": 5, "time": "2023-02-05 18:05:23"}, {"source": 31, "target": 31, "time": "2023-02-05 18:06:02"}, {"source": 38, "target": 38, "time": "2023-02-05 18:08:05"}, {"source": 13, "target": 23, "time": "2023-02-05 18:09:01"}, {"source": 11, "target": 13, "time": "2023-02-05 18:09:19"}, {"source": 11, "target": 5, "time": "2023-02-05 18:09:34"}, {"source": 40, "target": 31, "time": "2023-02-05 18:11:13"}, {"source": 41, "target": 1, "time": "2023-02-05 18:11:52"}, {"source": 42, "target": 20, "time": "2023-02-05 18:12:07"}, {"source": 43, "target": 15, "time": "2023-02-05 18:12:56"}, {"source": 44, "target": 20, "time": "2023-02-05 18:13:48"}, {"source": 45, "target": 3, "time": "2023-02-05 18:14:56"}, {"source": 11, "target": 1, "time": "2023-02-05 18:15:02"}, {"source": 45, "target": 1, "time": "2023-02-05 18:15:18"}, {"source": 46, "target": 23, "time": "2023-02-05 18:16:46"}, {"source": 47, "target": 46, "time": "2023-02-05 18:18:04"}, {"source": 48, "target": 20, "time": "2023-02-05 18:19:05"}, {"source": 49, "target": 20, "time": "2023-02-05 18:20:54"}, {"source": 50, "target": 1, "time": "2023-02-05 18:22:18"}, {"source": 51, "target": 20, "time": "2023-02-05 18:23:36"}, {"source": 52, "target": 3, "time": "2023-02-05 18:25:42"}, {"source": 17, "target": 17, "time": "2023-02-05 18:32:19"}, {"source": 21, "target": 21, "time": "2023-02-05 18:36:16"}, {"source": 53, "target": 20, "time": "2023-02-05 18:42:37"}, {"source": 54, "target": 5, "time": "2023-02-05 18:46:59"}, {"source": 54, "target": 54, "time": "2023-02-05 18:48:24"}, {"source": 55, "target": 1, "time": "2023-02-05 18:48:40"}, {"source": 56, "target": 3, "time": "2023-02-05 18:48:45"}, {"source": 55, "target": 14, "time": "2023-02-05 18:50:50"}, {"source": 55, "target": 31, "time": "2023-02-05 18:52:26"}, {"source": 57, "target": 14, "time": "2023-02-05 18:52:29"}, {"source": 55, "target": 13, "time": "2023-02-05 18:53:47"}, {"source": 58, "target": 3, "time": "2023-02-05 18:55:58"}, {"source": 59, "target": 3, "time": "2023-02-05 19:07:31"}, {"source": 60, "target": 20, "time": "2023-02-05 19:07:44"}, {"source": 59, "target": 14, "time": "2023-02-05 19:07:49"}, {"source": 59, "target": 1, "time": "2023-02-05 19:08:03"}, {"source": 61, "target": 5, "time": "2023-02-05 19:12:43"}, {"source": 62, "target": 20, "time": "2023-02-05 19:16:07"}, {"source": 63, "target": 61, "time": "2023-02-05 19:19:20"}, {"source": 64, "target": 4, "time": "2023-02-05 19:34:00"}, {"source": 65, "target": 13, "time": "2023-02-05 19:41:29"}, {"source": 65, "target": 14, "time": "2023-02-05 19:41:41"}, {"source": 31, "target": 31, "time": "2023-02-05 19:45:52"}, {"source": 4, "target": 4, "time": "2023-02-05 20:19:05"}, {"source": 66, "target": 3, "time": "2023-02-05 20:26:28"}, {"source": 67, "target": 5, "time": "2023-02-05 20:32:12"}, {"source": 68, "target": 66, "time": "2023-02-05 20:32:20"}, {"source": 69, "target": 67, "time": "2023-02-05 20:36:55"}, {"source": 27, "target": 5, "time": "2023-02-05 20:40:12"}, {"source": 69, "target": 27, "time": "2023-02-05 20:40:23"}, {"source": 70, "target": 16, "time": "2023-02-05 21:00:41"}, {"source": 31, "target": 13, "time": "2023-02-05 21:11:39"}, {"source": 31, "target": 1, "time": "2023-02-05 21:12:46"}, {"source": 71, "target": 13, "time": "2023-02-05 21:15:38"}, {"source": 72, "target": 14, "time": "2023-02-05 21:17:41"}, {"source": 72, "target": 1, "time": "2023-02-05 21:17:43"}, {"source": 73, "target": 5, "time": "2023-02-05 21:21:59"}, {"source": 66, "target": 13, "time": "2023-02-05 22:05:34"}, {"source": 74, "target": 3, "time": "2023-02-05 22:08:25"}, {"source": 75, "target": 71, "time": "2023-02-05 22:38:23"}, {"source": 67, "target": 3, "time": "2023-02-05 22:40:46"}, {"source": 76, "target": 11, "time": "2023-02-05 23:46:31"}, {"source": 77, "target": 31, "time": "2023-02-06 00:13:46"}, {"source": 78, "target": 1, "time": "2023-02-06 07:29:55"}, {"source": 31, "target": 31, "time": "2023-02-06 08:39:00"}, {"source": 77, "target": 14, "time": "2023-02-06 08:41:27"}, {"source": 31, "target": 77, "time": "2023-02-06 08:42:03"}, {"source": 39, "target": 39, "time": "2023-02-06 09:10:11"}, {"source": 73, "target": 20, "time": "2023-02-06 11:06:53"}, {"source": 79, "target": 8, "time": "2023-02-06 11:10:19"}, {"source": 71, "target": 14, "time": "2023-02-06 11:31:02"}, {"source": 80, "target": 16, "time": "2023-02-06 11:38:31"}, {"source": 81, "target": 67, "time": "2023-02-06 12:00:23"}, {"source": 82, "target": 67, "time": "2023-02-06 12:03:31"}, {"source": 83, "target": 31, "time": "2023-02-06 12:10:38"}, {"source": 84, "target": 67, "time": "2023-02-06 12:17:44"}, {"source": 84, "target": 16, "time": "2023-02-06 12:17:47"}, {"source": 85, "target": 29, "time": "2023-02-06 12:57:45"}, {"source": 86, "target": 29, "time": "2023-02-06 13:04:55"}, {"source": 87, "target": 7, "time": "2023-02-06 13:04:56"}, {"source": 88, "target": 32, "time": "2023-02-06 13:10:58"}, {"source": 89, "target": 54, "time": "2023-02-06 13:13:48"}, {"source": 90, "target": 32, "time": "2023-02-06 13:14:14"}, {"source": 90, "target": 49, "time": "2023-02-06 13:14:20"}, {"source": 90, "target": 24, "time": "2023-02-06 13:14:26"}, {"source": 91, "target": 62, "time": "2023-02-06 13:14:36"}, {"source": 92, "target": 9, "time": "2023-02-06 13:19:32"}, {"source": 93, "target": 9, "time": "2023-02-06 13:19:57"}, {"source": 94, "target": 9, "time": "2023-02-06 13:24:59"}, {"source": 95, "target": 10, "time": "2023-02-06 13:25:49"}, {"source": 95, "target": 7, "time": "2023-02-06 13:25:59"}, {"source": 96, "target": 11, "time": "2023-02-06 13:26:33"}, {"source": 97, "target": 62, "time": "2023-02-06 13:33:27"}, {"source": 97, "target": 49, "time": "2023-02-06 13:33:32"}, {"source": 98, "target": 62, "time": "2023-02-06 13:34:06"}, {"source": 98, "target": 49, "time": "2023-02-06 13:34:23"}, {"source": 99, "target": 30, "time": "2023-02-06 13:36:57"}, {"source": 100, "target": 56, "time": "2023-02-06 13:38:18"}, {"source": 101, "target": 54, "time": "2023-02-06 13:39:30"}, {"source": 102, "target": 54, "time": "2023-02-06 13:39:43"}, {"source": 103, "target": 15, "time": "2023-02-06 13:39:46"}, {"source": 104, "target": 55, "time": "2023-02-06 13:39:56"}, {"source": 105, "target": 4, "time": "2023-02-06 13:40:38"}, {"source": 106, "target": 30, "time": "2023-02-06 13:40:53"}, {"source": 106, "target": 24, "time": "2023-02-06 13:41:14"}, {"source": 103, "target": 16, "time": "2023-02-06 13:41:18"}, {"source": 107, "target": 38, "time": "2023-02-06 13:43:43"}, {"source": 108, "target": 38, "time": "2023-02-06 13:46:25"}, {"source": 109, "target": 66, "time": "2023-02-06 13:48:31"}, {"source": 110, "target": 39, "time": "2023-02-06 13:48:43"}, {"source": 111, "target": 66, "time": "2023-02-06 13:48:46"}, {"source": 109, "target": 67, "time": "2023-02-06 13:49:21"}, {"source": 112, "target": 73, "time": "2023-02-06 13:49:28"}, {"source": 109, "target": 16, "time": "2023-02-06 13:49:29"}, {"source": 112, "target": 67, "time": "2023-02-06 13:49:31"}, {"source": 111, "target": 67, "time": "2023-02-06 13:49:40"}, {"source": 113, "target": 38, "time": "2023-02-06 13:50:59"}, {"source": 112, "target": 7, "time": "2023-02-06 13:51:11"}, {"source": 114, "target": 38, "time": "2023-02-06 13:53:22"}, {"source": 107, "target": 38, "time": "2023-02-06 13:54:38"}, {"source": 115, "target": 61, "time": "2023-02-06 13:55:07"}, {"source": 116, "target": 38, "time": "2023-02-06 13:55:44"}, {"source": 117, "target": 30, "time": "2023-02-06 13:57:40"}, {"source": 118, "target": 48, "time": "2023-02-06 13:58:04"}, {"source": 117, "target": 66, "time": "2023-02-06 13:58:17"}, {"source": 119, "target": 34, "time": "2023-02-06 13:58:50"}, {"source": 120, "target": 48, "time": "2023-02-06 13:58:56"}, {"source": 119, "target": 9, "time": "2023-02-06 13:59:00"}, {"source": 121, "target": 9, "time": "2023-02-06 13:59:14"}, {"source": 122, "target": 38, "time": "2023-02-06 13:59:40"}, {"source": 123, "target": 9, "time": "2023-02-06 14:00:10"}, {"source": 122, "target": 77, "time": "2023-02-06 14:00:11"}, {"source": 124, "target": 27, "time": "2023-02-06 14:01:02"}, {"source": 125, "target": 27, "time": "2023-02-06 14:01:21"}, {"source": 126, "target": 66, "time": "2023-02-06 14:01:23"}, {"source": 127, "target": 25, "time": "2023-02-06 14:02:11"}, {"source": 128, "target": 66, "time": "2023-02-06 14:02:20"}, {"source": 127, "target": 60, "time": "2023-02-06 14:02:44"}, {"source": 127, "target": 32, "time": "2023-02-06 14:03:01"}, {"source": 129, "target": 32, "time": "2023-02-06 14:03:18"}, {"source": 130, "target": 4, "time": "2023-02-06 14:03:20"}, {"source": 131, "target": 60, "time": "2023-02-06 14:03:20"}, {"source": 127, "target": 48, "time": "2023-02-06 14:03:36"}, {"source": 132, "target": 31, "time": "2023-02-06 14:04:10"}, {"source": 133, "target": 38, "time": "2023-02-06 14:04:43"}, {"source": 134, "target": 61, "time": "2023-02-06 14:04:47"}, {"source": 135, "target": 4, "time": "2023-02-06 14:05:21"}, {"source": 133, "target": 77, "time": "2023-02-06 14:05:27"}, {"source": 136, "target": 4, "time": "2023-02-06 14:05:33"}, {"source": 137, "target": 27, "time": "2023-02-06 14:06:51"}, {"source": 125, "target": 27, "time": "2023-02-06 14:07:05"}, {"source": 138, "target": 61, "time": "2023-02-06 14:09:25"}, {"source": 139, "target": 27, "time": "2023-02-06 14:09:29"}, {"source": 140, "target": 27, "time": "2023-02-06 14:09:57"}, {"source": 140, "target": 1, "time": "2023-02-06 14:10:04"}, {"source": 101, "target": 73, "time": "2023-02-06 14:10:55"}, {"source": 101, "target": 73, "time": "2023-02-06 14:11:07"}, {"source": 141, "target": 27, "time": "2023-02-06 14:12:06"}, {"source": 142, "target": 25, "time": "2023-02-06 14:12:10"}, {"source": 142, "target": 60, "time": "2023-02-06 14:12:17"}, {"source": 143, "target": 25, "time": "2023-02-06 14:12:20"}, {"source": 144, "target": 73, "time": "2023-02-06 14:12:22"}, {"source": 145, "target": 4, "time": "2023-02-06 14:12:30"}, {"source": 146, "target": 27, "time": "2023-02-06 14:12:38"}, {"source": 145, "target": 4, "time": "2023-02-06 14:12:46"}, {"source": 147, "target": 27, "time": "2023-02-06 14:12:53"}, {"source": 145, "target": 38, "time": "2023-02-06 14:13:06"}, {"source": 148, "target": 27, "time": "2023-02-06 14:13:20"}, {"source": 149, "target": 30, "time": "2023-02-06 14:13:43"}, {"source": 150, "target": 4, "time": "2023-02-06 14:13:57"}, {"source": 151, "target": 4, "time": "2023-02-06 14:14:04"}, {"source": 152, "target": 4, "time": "2023-02-06 14:14:20"}, {"source": 153, "target": 38, "time": "2023-02-06 14:14:45"}, {"source": 154, "target": 25, "time": "2023-02-06 14:15:01"}, {"source": 148, "target": 4, "time": "2023-02-06 14:15:45"}, {"source": 155, "target": 4, "time": "2023-02-06 14:16:02"}, {"source": 156, "target": 4, "time": "2023-02-06 14:16:19"}, {"source": 157, "target": 73, "time": "2023-02-06 14:17:13"}, {"source": 158, "target": 1, "time": "2023-02-06 14:17:17"}, {"source": 159, "target": 46, "time": "2023-02-06 14:17:55"}, {"source": 160, "target": 46, "time": "2023-02-06 14:18:04"}, {"source": 161, "target": 21, "time": "2023-02-06 14:18:05"}, {"source": 162, "target": 31, "time": "2023-02-06 14:18:46"}, {"source": 163, "target": 46, "time": "2023-02-06 14:18:49"}, {"source": 164, "target": 73, "time": "2023-02-06 14:18:49"}, {"source": 165, "target": 73, "time": "2023-02-06 14:18:53"}, {"source": 155, "target": 31, "time": "2023-02-06 14:18:54"}, {"source": 166, "target": 46, "time": "2023-02-06 14:19:11"}, {"source": 167, "target": 7, "time": "2023-02-06 14:19:20"}, {"source": 168, "target": 21, "time": "2023-02-06 14:19:20"}, {"source": 169, "target": 5, "time": "2023-02-06 14:19:25"}, {"source": 168, "target": 21, "time": "2023-02-06 14:19:30"}, {"source": 170, "target": 3, "time": "2023-02-06 14:19:55"}, {"source": 171, "target": 73, "time": "2023-02-06 14:19:55"}, {"source": 172, "target": 73, "time": "2023-02-06 14:20:01"}, {"source": 173, "target": 7, "time": "2023-02-06 14:20:07"}, {"source": 171, "target": 54, "time": "2023-02-06 14:20:14"}, {"source": 174, "target": 3, "time": "2023-02-06 14:21:18"}, {"source": 175, "target": 20, "time": "2023-02-06 14:21:35"}, {"source": 175, "target": 20, "time": "2023-02-06 14:21:39"}, {"source": 175, "target": 20, "time": "2023-02-06 14:21:44"}, {"source": 176, "target": 46, "time": "2023-02-06 14:21:45"}, {"source": 176, "target": 46, "time": "2023-02-06 14:21:51"}, {"source": 175, "target": 20, "time": "2023-02-06 14:21:55"}, {"source": 175, "target": 20, "time": "2023-02-06 14:21:59"}, {"source": 175, "target": 20, "time": "2023-02-06 14:22:16"}, {"source": 175, "target": 20, "time": "2023-02-06 14:22:21"}, {"source": 175, "target": 20, "time": "2023-02-06 14:22:26"}, {"source": 177, "target": 21, "time": "2023-02-06 14:22:41"}]}