{"nodes": [{"name": "\u621b\u5a03\u592e\u5b97"}, {"name": "\u51b0\u7c89\u51c9\u867e\u5c0f\u706b\u9505_"}, {"name": "\u4f0a\u4eba\u67ad\u8d5e"}, {"name": "\u59ca\u59b9\u62a5"}, {"name": "1005\u53f7\u867e\u867e\u80fd\u91cf\u5ba2\u6808"}, {"name": "\u6d45\u590f\u9633\u5149ai"}, {"name": "\u968f\u98ce\u98de\u626cxyw"}, {"name": "\u8fd9\u6837\u76f8\u7231U"}, {"name": "\u5fae\u96e8\u6fdb\u6fdb"}, {"name": "\u65e0\u8bed\u6d1b"}, {"name": "\u88ab\u9524\u6b7b\u5728\u5751\u5e95"}, {"name": "\u6708\u513f\u5f2f\u8170123456"}, {"name": "\u78ca\u843d\u7684\u91ce\u5fc3\u5bb6865"}, {"name": "\u6109\u5feb\u5730\u547c\u5438"}, {"name": "\u968f\u767d\u6843\u5fc3"}, {"name": "\u66fc\u4ec0\u4e48\u57fa\u4ec0\u4e48\u5eb7\u4ec0\u4e48"}, {"name": "\u5b89\u9713789"}, {"name": "\u53d6\u4e2a\u540d\u5b57\u60f3\u5230\u534a\u591c"}, {"name": "\u95e8\u95e8\u597d\u6210\u7ee9"}, {"name": "\u8096\u67d3\u67d3\u7684\u5c0f\u5154\u7259"}, {"name": "\u730b\u730b\u5927\u961f\u957f"}, {"name": "\u9752\u827283443"}, {"name": "\u626f\u626f\u5c31\u662f\u6211"}, {"name": "MissLiu_1005"}, {"name": "\u53d6\u4e2a\u6635\u79f0\u603b\u662f\u4e0d\u80fd\u4f7f\u7528"}, {"name": "\u767d\u8336\u67e0\u6aac\u5154"}, {"name": "\u8096\u62181005\u53f7\u5b89\u5229\u7b52"}, {"name": "\u5c0f\u7ea2\u82b1\u7684\u5e78\u798f\u751f\u6d3b"}, {"name": "\u6218\u5154\u4ef0\u6155\u8005"}, {"name": "\u8096\u5c0f\u8d5e\u7684\u575a\u679c"}, {"name": "\u534a\u7cd6\u751c\u5c9b"}, {"name": "\u5446\u6843\u8d5e\u768477"}, {"name": "\u4e03\u6708\u4f60\u597d888"}, {"name": "\u98ce\u5b9a\u72b9\u821e95535"}, {"name": "\u63d0\u62c9\u7c73\u82cf\u914d\u5267\u4e36"}, {"name": "\u90a3\u5e74\u7684\u51491221"}, {"name": "ChoiMacchiato"}, {"name": "\u7528\u62377433355651"}, {"name": "\u98de\u7fbd\u91cd\u5343"}, {"name": "\u949f\u7075\u6bd3\u79c0\u5730\u4e0b\u5ba4"}, {"name": "\u845b\u845b\u5f00\u5fc3"}, {"name": "\u660e\u6708\u5728dyl"}, {"name": "\u4e3a\u6218\u800c\u6765xz623"}, {"name": "\u58a8\u67d3\u66e61005"}, {"name": "\u65ad\u820d\u79bb\u81ea\u96be\u5fd8"}, {"name": "\u60ca\u4e16\u516c\u5b50"}, {"name": "\u7528\u62377531489840"}, {"name": "\u7a97\u5916\u68a7\u6850\u53d1\u65b0\u82bd"}, {"name": "\u5c1a\u597d\u7684\u9752\u6625xz"}, {"name": "\u4e3d\u8389\u65af_\u65fa"}, {"name": "\u51cc\u67ab\u9759\u5fc3_d"}, {"name": "\u65f6\u5f71\u89c1\u5230\u7684\u7b2c\u4e00\u4e2a\u5973\u4eba"}, {"name": "\u6a59\u82b1\u5154\u5b50sean"}, {"name": "\u534a\u5206\u6d45\u590f_"}, {"name": "\u624b\u6367\u661f\u5149\u9001\u4f60"}, {"name": "\u76db\u9633\u662f\u6211\u7684\u5c0f\u54e5\u54e5"}, {"name": "\u5229\u5b89_212"}, {"name": "\u52c7\u6562\u7684\u5154\u5b50v"}, {"name": "wjq_1128"}, {"name": "Nana_1005"}, {"name": "\u6e05\u98ce\u552f\u6218\u800c\u6765"}, {"name": "\u65f6\u95f4\u9057\u5fd8\u7684\u89d2\u843d\u91cc"}, {"name": "\u548c\u7f8e\u65f6\u5149"}, {"name": "\u60f9\u6211\u8001\u516c\u4f60\u5c31\u6b7b\u5b9a\u4e86"}, {"name": "\u5b89\u5a1c\u6218\u6218\u7684\u5c0f\u98de\u4fa0"}, {"name": "\u8096\u6218\u5de5\u4f5c\u5ba4"}, {"name": "\u4e00\u83dc\u4e8c\u767d"}, {"name": "\u51cc\u67ab\u9759\u5fc32020"}, {"name": "\u597d\u4eba\u4e00\u751f\u5e73\u5b89haoya"}, {"name": "\u4eba\u751f\u82e5\u53ea\u5982\u521d\u62181005"}, {"name": "Selamm\u521d\u5fc3"}, {"name": "\u6211\u5fc3\u6211\u4e3bCAO"}, {"name": "\u51ac\u81f3\u83ab\u79bb1005"}, {"name": "\u7ec8\u751f\u7231\u5154\u4eba\u58eb"}, {"name": "\u80e1\u841d\u535c\u4e0d\u662f\u841d\u535czz"}, {"name": "\u5154\u6bdb\u62a4\u7406\u624b\u518c"}, {"name": "\u7ae0\u5148\u751f\u5bb6\u7684\u5b89\u4fee"}, {"name": "\u68a6\u66e6\u8c46\u8c46"}, {"name": "\u674e\u7f8e\u7f8e\u8bf6"}, {"name": "\u9752\u9752\u7684\u9edb\u8272"}, {"name": "1005\u53f7\u80a5\u867e\u6307\u5357"}, {"name": "\u4e4c\u745f\u5c14\u5c0f\u7834\u5b69"}, {"name": "\u78d5\u989c\u65e5\u5fd7"}, {"name": "\u7ea2\u73a5ricky"}, {"name": "\u8096\u8096\u96c5\u6960"}, {"name": "\u7231\u5154\u8054\u76df\u4e00\u53f7\u536b"}, {"name": "\u53ef\u82e6\u53ef\u4e50\u768477"}, {"name": "\u871c\u8c46\u8c46\u6c99"}, {"name": "\u79e6\u65f6\u660e\u6708qinsmoon"}, {"name": "\u8424\u8424\u706b\u4e4b\u68ee\u6797"}, {"name": "\u91cd\u5e86\u5927\u8fa3\u6912123"}, {"name": "\u8096\u6218\u7f51\u5ba3\u5b98\u5fae"}, {"name": "\u6211\u662f\u5c0f\u8017\u554a"}, {"name": "\u767d\u9c7cyuzq2009"}, {"name": "lisa\u7231\u6843\u6843"}, {"name": "CY\u9171\u7684\u5b64\u72ec\u72d75R"}, {"name": "\u4e3a\u6218\u800c\u67651005_XZ"}, {"name": "\u8096\u6218\u5f71\u97f3\u4f1a\u5b98\u5fae"}, {"name": "\u7231\u62181005\u5170\u8349"}, {"name": "\u66ae\u6625\u6d45\u590f_"}, {"name": "\u840c\u4e5d\u6708\u771f\u53ef\u7231"}, {"name": "xuhong202004"}, {"name": "lily99996666"}, {"name": "\u4f60\u522b\u8bf4\u68a6\u60f3\u9065\u4e0d\u53ef\u53ca"}, {"name": "\u96ef\u5b50007728"}, {"name": "\u7eaa\u7ea2\u73a5"}, {"name": "\u5446\u6843\u71da"}, {"name": "\u751c\u6a59\u5c0f\u5a1c"}, {"name": "jessie\u97eb"}, {"name": "\u591c\u672a\u592eyez"}, {"name": "\u8096\u8096-\u9759\u9759"}, {"name": "\u5468\u5468\u6709\u94b1daytoy"}, {"name": "\u6cab\u6cabZC33"}], "links": [{"source": "\u8096\u6218\u5f71\u97f3\u4f1a\u5b98\u5fae", "target": "\u8096\u6218\u5de5\u4f5c\u5ba4", "value": "38674"}, {"source": "1005\u53f7\u80a5\u867e\u6307\u5357", "target": "\u8096\u6218\u5de5\u4f5c\u5ba4", "value": "22529"}, {"source": "\u8096\u6218\u7f51\u5ba3\u5b98\u5fae", "target": "\u8096\u6218\u5de5\u4f5c\u5ba4", "value": "15566"}, {"source": "\u5154\u6bdb\u62a4\u7406\u624b\u518c", "target": "\u8096\u6218\u5de5\u4f5c\u5ba4", "value": "9996"}, {"source": "1005\u53f7\u867e\u867e\u80fd\u91cf\u5ba2\u6808", "target": "\u8096\u6218\u5de5\u4f5c\u5ba4", "value": "9841"}, {"source": "\u8096\u62181005\u53f7\u5b89\u5229\u7b52", "target": "\u8096\u6218\u5de5\u4f5c\u5ba4", "value": "8531"}, {"source": "\u60ca\u4e16\u516c\u5b50", "target": "\u8096\u6218\u5de5\u4f5c\u5ba4", "value": "4662"}, {"source": "Nana_1005", "target": "\u8096\u6218\u5de5\u4f5c\u5ba4", "value": "1885"}, {"source": "\u5446\u6843\u71da", "target": "\u8096\u6218\u5de5\u4f5c\u5ba4", "value": "1802"}, {"source": "\u4f60\u522b\u8bf4\u68a6\u60f3\u9065\u4e0d\u53ef\u53ca", "target": "\u8096\u6218\u5de5\u4f5c\u5ba4", "value": "1338"}, {"source": "\u8096\u5c0f\u8d5e\u7684\u575a\u679c", "target": "\u8096\u6218\u5f71\u97f3\u4f1a\u5b98\u5fae", "value": "3889"}, {"source": "\u65e0\u8bed\u6d1b", "target": "\u8096\u6218\u5f71\u97f3\u4f1a\u5b98\u5fae", "value": "918"}, {"source": "\u60f9\u6211\u8001\u516c\u4f60\u5c31\u6b7b\u5b9a\u4e86", "target": "\u8096\u6218\u5f71\u97f3\u4f1a\u5b98\u5fae", "value": "700"}, {"source": "\u8096\u8096-\u9759\u9759", "target": "\u8096\u6218\u5f71\u97f3\u4f1a\u5b98\u5fae", "value": "423"}, {"source": "wjq_1128", "target": "\u8096\u6218\u5f71\u97f3\u4f1a\u5b98\u5fae", "value": "324"}, {"source": "\u534a\u7cd6\u751c\u5c9b", "target": "\u8096\u6218\u5f71\u97f3\u4f1a\u5b98\u5fae", "value": "298"}, {"source": "\u624b\u6367\u661f\u5149\u9001\u4f60", "target": "\u8096\u6218\u5f71\u97f3\u4f1a\u5b98\u5fae", "value": "231"}, {"source": "ChoiMacchiato", "target": "\u8096\u6218\u5f71\u97f3\u4f1a\u5b98\u5fae", "value": "140"}, {"source": "\u6cab\u6cabZC33", "target": "\u8096\u6218\u5f71\u97f3\u4f1a\u5b98\u5fae", "value": "129"}, {"source": "\u5fae\u96e8\u6fdb\u6fdb", "target": "\u8096\u6218\u5f71\u97f3\u4f1a\u5b98\u5fae", "value": "88"}, {"source": "\u6218\u5154\u4ef0\u6155\u8005", "target": "\u8096\u6218\u5f71\u97f3\u4f1a\u5b98\u5fae", "value": "2"}, {"source": "\u7231\u5154\u8054\u76df\u4e00\u53f7\u536b", "target": "\u8096\u6218\u5f71\u97f3\u4f1a\u5b98\u5fae", "value": "3"}, {"source": "\u730b\u730b\u5927\u961f\u957f", "target": "\u8096\u6218\u5f71\u97f3\u4f1a\u5b98\u5fae", "value": "5"}, {"source": "\u6d45\u590f\u9633\u5149ai", "target": "1005\u53f7\u80a5\u867e\u6307\u5357", "value": "1491"}, {"source": "\u52c7\u6562\u7684\u5154\u5b50v", "target": "1005\u53f7\u80a5\u867e\u6307\u5357", "value": "396"}, {"source": "Nana_1005", "target": "1005\u53f7\u80a5\u867e\u6307\u5357", "value": "263"}, {"source": "\u4e00\u83dc\u4e8c\u767d", "target": "1005\u53f7\u80a5\u867e\u6307\u5357", "value": "186"}, {"source": "\u8096\u8096-\u9759\u9759", "target": "1005\u53f7\u80a5\u867e\u6307\u5357", "value": "109"}, {"source": "\u78d5\u989c\u65e5\u5fd7", "target": "1005\u53f7\u80a5\u867e\u6307\u5357", "value": "104"}, {"source": "\u8096\u67d3\u67d3\u7684\u5c0f\u5154\u7259", "target": "1005\u53f7\u80a5\u867e\u6307\u5357", "value": "99"}, {"source": "\u63d0\u62c9\u7c73\u82cf\u914d\u5267\u4e36", "target": "1005\u53f7\u80a5\u867e\u6307\u5357", "value": "88"}, {"source": "\u840c\u4e5d\u6708\u771f\u53ef\u7231", "target": "1005\u53f7\u80a5\u867e\u6307\u5357", "value": "75"}, {"source": "\u8096\u8096\u96c5\u6960", "target": "1005\u53f7\u80a5\u867e\u6307\u5357", "value": "66"}, {"source": "\u6218\u5154\u4ef0\u6155\u8005", "target": "1005\u53f7\u80a5\u867e\u6307\u5357", "value": "2"}, {"source": "\u7231\u5154\u8054\u76df\u4e00\u53f7\u536b", "target": "1005\u53f7\u80a5\u867e\u6307\u5357", "value": "3"}, {"source": "\u730b\u730b\u5927\u961f\u957f", "target": "1005\u53f7\u80a5\u867e\u6307\u5357", "value": "5"}, {"source": "\u8096\u8096-\u9759\u9759", "target": "\u8096\u6218\u7f51\u5ba3\u5b98\u5fae", "value": "596"}, {"source": "\u53ef\u82e6\u53ef\u4e50\u768477", "target": "\u8096\u6218\u7f51\u5ba3\u5b98\u5fae", "value": "137"}, {"source": "\u674e\u7f8e\u7f8e\u8bf6", "target": "\u8096\u6218\u7f51\u5ba3\u5b98\u5fae", "value": "123"}, {"source": "\u8096\u67d3\u67d3\u7684\u5c0f\u5154\u7259", "target": "\u8096\u6218\u7f51\u5ba3\u5b98\u5fae", "value": "99"}, {"source": "\u8096\u67d3\u67d3\u7684\u5c0f\u5154\u7259", "target": "\u5154\u6bdb\u62a4\u7406\u624b\u518c", "value": "439"}, {"source": "\u53ef\u82e6\u53ef\u4e50\u768477", "target": "1005\u53f7\u867e\u867e\u80fd\u91cf\u5ba2\u6808", "value": "399"}, {"source": "\u8096\u8096-\u9759\u9759", "target": "1005\u53f7\u867e\u867e\u80fd\u91cf\u5ba2\u6808", "value": "162"}, {"source": "\u8096\u67d3\u67d3\u7684\u5c0f\u5154\u7259", "target": "1005\u53f7\u867e\u867e\u80fd\u91cf\u5ba2\u6808", "value": "85"}, {"source": "\u5c0f\u7ea2\u82b1\u7684\u5e78\u798f\u751f\u6d3b", "target": "1005\u53f7\u867e\u867e\u80fd\u91cf\u5ba2\u6808", "value": "26"}, {"source": "\u6218\u5154\u4ef0\u6155\u8005", "target": "1005\u53f7\u867e\u867e\u80fd\u91cf\u5ba2\u6808", "value": "2"}, {"source": "\u7231\u5154\u8054\u76df\u4e00\u53f7\u536b", "target": "1005\u53f7\u867e\u867e\u80fd\u91cf\u5ba2\u6808", "value": "3"}, {"source": "\u730b\u730b\u5927\u961f\u957f", "target": "1005\u53f7\u867e\u867e\u80fd\u91cf\u5ba2\u6808", "value": "5"}, {"source": "\u60ca\u4e16\u516c\u5b50", "target": "\u8096\u62181005\u53f7\u5b89\u5229\u7b52", "value": "781"}, {"source": "Selamm\u521d\u5fc3", "target": "\u8096\u62181005\u53f7\u5b89\u5229\u7b52", "value": "304"}, {"source": "lisa\u7231\u6843\u6843", "target": "\u8096\u62181005\u53f7\u5b89\u5229\u7b52", "value": "149"}, {"source": "\u8096\u67d3\u67d3\u7684\u5c0f\u5154\u7259", "target": "\u8096\u62181005\u53f7\u5b89\u5229\u7b52", "value": "59"}, {"source": "\u68a6\u66e6\u8c46\u8c46", "target": "\u8096\u62181005\u53f7\u5b89\u5229\u7b52", "value": "42"}, {"source": "Selamm\u521d\u5fc3", "target": "\u60ca\u4e16\u516c\u5b50", "value": "338"}, {"source": "\u8096\u8096-\u9759\u9759", "target": "\u60ca\u4e16\u516c\u5b50", "value": "62"}, {"source": "\u65ad\u820d\u79bb\u81ea\u96be\u5fd8", "target": "Nana_1005", "value": "41"}, {"source": "\u8424\u8424\u706b\u4e4b\u68ee\u6797", "target": "Nana_1005", "value": "19"}, {"source": "\u65f6\u5f71\u89c1\u5230\u7684\u7b2c\u4e00\u4e2a\u5973\u4eba", "target": "Nana_1005", "value": "17"}, {"source": "\u845b\u845b\u5f00\u5fc3", "target": "\u8096\u5c0f\u8d5e\u7684\u575a\u679c", "value": "2287"}, {"source": "\u871c\u8c46\u8c46\u6c99", "target": "\u8096\u5c0f\u8d5e\u7684\u575a\u679c", "value": "2"}, {"source": "\u4e3d\u8389\u65af_\u65fa", "target": "\u65e0\u8bed\u6d1b", "value": "1"}, {"source": "\u968f\u767d\u6843\u5fc3", "target": "\u65e0\u8bed\u6d1b", "value": "1"}, {"source": "\u51cc\u67ab\u9759\u5fc3_d", "target": "\u60f9\u6211\u8001\u516c\u4f60\u5c31\u6b7b\u5b9a\u4e86", "value": "1"}, {"source": "\u51cc\u67ab\u9759\u5fc32020", "target": "\u60f9\u6211\u8001\u516c\u4f60\u5c31\u6b7b\u5b9a\u4e86", "value": "1"}, {"source": "\u767d\u9c7cyuzq2009", "target": "\u8096\u8096-\u9759\u9759", "value": "1"}, {"source": "\u621b\u5a03\u592e\u5b97", "target": "\u534a\u7cd6\u751c\u5c9b", "value": "1"}, {"source": "\u626f\u626f\u5c31\u662f\u6211", "target": "\u534a\u7cd6\u751c\u5c9b", "value": "1"}, {"source": "MissLiu_1005", "target": "\u624b\u6367\u661f\u5149\u9001\u4f60", "value": "1"}, {"source": "\u95e8\u95e8\u597d\u6210\u7ee9", "target": "ChoiMacchiato", "value": "27"}, {"source": "\u91cd\u5e86\u5927\u8fa3\u6912123", "target": "ChoiMacchiato", "value": "1"}, {"source": "\u66ae\u6625\u6d45\u590f_", "target": "ChoiMacchiato", "value": "1"}, {"source": "\u66ae\u6625\u6d45\u590f_", "target": "ChoiMacchiato", "value": "2"}, {"source": "\u66ae\u6625\u6d45\u590f_", "target": "\u6cab\u6cabZC33", "value": "1"}, {"source": "\u66ae\u6625\u6d45\u590f_", "target": "\u6cab\u6cabZC33", "value": "2"}, {"source": "\u7eaa\u7ea2\u73a5", "target": "\u6cab\u6cabZC33", "value": "2"}, {"source": "\u66ae\u6625\u6d45\u590f_", "target": "\u5fae\u96e8\u6fdb\u6fdb", "value": "1"}, {"source": "\u66ae\u6625\u6d45\u590f_", "target": "\u5fae\u96e8\u6fdb\u6fdb", "value": "2"}, {"source": "\u7ec8\u751f\u7231\u5154\u4eba\u58eb", "target": "\u6218\u5154\u4ef0\u6155\u8005", "value": "1"}, {"source": "\u7ec8\u751f\u7231\u5154\u4eba\u58eb", "target": "\u7231\u5154\u8054\u76df\u4e00\u53f7\u536b", "value": "1"}, {"source": "\u6218\u5154\u4ef0\u6155\u8005", "target": "\u7231\u5154\u8054\u76df\u4e00\u53f7\u536b", "value": "2"}, {"source": "\u7ec8\u751f\u7231\u5154\u4eba\u58eb", "target": "\u730b\u730b\u5927\u961f\u957f", "value": "1"}, {"source": "\u6218\u5154\u4ef0\u6155\u8005", "target": "\u730b\u730b\u5927\u961f\u957f", "value": "2"}, {"source": "\u7231\u5154\u8054\u76df\u4e00\u53f7\u536b", "target": "\u730b\u730b\u5927\u961f\u957f", "value": "3"}, {"source": "\u751c\u6a59\u5c0f\u5a1c", "target": "\u6d45\u590f\u9633\u5149ai", "value": "702"}, {"source": "\u66fc\u4ec0\u4e48\u57fa\u4ec0\u4e48\u5eb7\u4ec0\u4e48", "target": "\u6d45\u590f\u9633\u5149ai", "value": "1"}, {"source": "\u949f\u7075\u6bd3\u79c0\u5730\u4e0b\u5ba4", "target": "\u6d45\u590f\u9633\u5149ai", "value": "1"}, {"source": "\u76db\u9633\u662f\u6211\u7684\u5c0f\u54e5\u54e5", "target": "\u6d45\u590f\u9633\u5149ai", "value": "1"}, {"source": "\u4e4c\u745f\u5c14\u5c0f\u7834\u5b69", "target": "\u6d45\u590f\u9633\u5149ai", "value": "2"}, {"source": "CY\u9171\u7684\u5b64\u72ec\u72d75R", "target": "\u52c7\u6562\u7684\u5154\u5b50v", "value": "1"}, {"source": "\u7ea2\u73a5ricky", "target": "\u52c7\u6562\u7684\u5154\u5b50v", "value": "2"}, {"source": "\u6a59\u82b1\u5154\u5b50sean", "target": "\u4e00\u83dc\u4e8c\u767d", "value": "1"}, {"source": "\u90a3\u5e74\u7684\u51491221", "target": "\u4e00\u83dc\u4e8c\u767d", "value": "2"}, {"source": "\u5b89\u9713789", "target": "\u8096\u8096-\u9759\u9759", "value": "1"}, {"source": "\u7eaa\u7ea2\u73a5", "target": "\u8096\u8096-\u9759\u9759", "value": "2"}, {"source": "\u7a97\u5916\u68a7\u6850\u53d1\u65b0\u82bd", "target": "\u8096\u8096-\u9759\u9759", "value": "4"}, {"source": "\u591c\u672a\u592eyez", "target": "\u78d5\u989c\u65e5\u5fd7", "value": "2"}, {"source": "\u8fd9\u6837\u76f8\u7231U", "target": "\u78d5\u989c\u65e5\u5fd7", "value": "3"}, {"source": "\u7eaa\u7ea2\u73a5", "target": "\u78d5\u989c\u65e5\u5fd7", "value": "2"}, {"source": "\u7eaa\u7ea2\u73a5", "target": "\u8096\u67d3\u67d3\u7684\u5c0f\u5154\u7259", "value": "2"}, {"source": "\u7a97\u5916\u68a7\u6850\u53d1\u65b0\u82bd", "target": "\u8096\u67d3\u67d3\u7684\u5c0f\u5154\u7259", "value": "2"}, {"source": "\u591c\u672a\u592eyez", "target": "\u63d0\u62c9\u7c73\u82cf\u914d\u5267\u4e36", "value": "1"}, {"source": "\u8fd9\u6837\u76f8\u7231U", "target": "\u63d0\u62c9\u7c73\u82cf\u914d\u5267\u4e36", "value": "2"}, {"source": "\u7eaa\u7ea2\u73a5", "target": "\u63d0\u62c9\u7c73\u82cf\u914d\u5267\u4e36", "value": "2"}, {"source": "\u6211\u5fc3\u6211\u4e3bCAO", "target": "\u63d0\u62c9\u7c73\u82cf\u914d\u5267\u4e36", "value": "1"}, {"source": "\u6a59\u82b1\u5154\u5b50sean", "target": "\u840c\u4e5d\u6708\u771f\u53ef\u7231", "value": "1"}, {"source": "\u7a97\u5916\u68a7\u6850\u53d1\u65b0\u82bd", "target": "\u840c\u4e5d\u6708\u771f\u53ef\u7231", "value": "2"}, {"source": "\u6a59\u82b1\u5154\u5b50sean", "target": "\u8096\u8096\u96c5\u6960", "value": "1"}, {"source": "\u7eaa\u7ea2\u73a5", "target": "\u8096\u8096\u96c5\u6960", "value": "2"}, {"source": "\u767d\u8336\u67e0\u6aac\u5154", "target": "\u8096\u8096\u96c5\u6960", "value": "1"}, {"source": "\u7a97\u5916\u68a7\u6850\u53d1\u65b0\u82bd", "target": "\u8096\u8096\u96c5\u6960", "value": "2"}, {"source": "\u7ec8\u751f\u7231\u5154\u4eba\u58eb", "target": "\u6218\u5154\u4ef0\u6155\u8005", "value": "1"}, {"source": "\u7ec8\u751f\u7231\u5154\u4eba\u58eb", "target": "\u7231\u5154\u8054\u76df\u4e00\u53f7\u536b", "value": "1"}, {"source": "\u6218\u5154\u4ef0\u6155\u8005", "target": "\u7231\u5154\u8054\u76df\u4e00\u53f7\u536b", "value": "2"}, {"source": "\u7ec8\u751f\u7231\u5154\u4eba\u58eb", "target": "\u730b\u730b\u5927\u961f\u957f", "value": "1"}, {"source": "\u6218\u5154\u4ef0\u6155\u8005", "target": "\u730b\u730b\u5927\u961f\u957f", "value": "2"}, {"source": "\u7231\u5154\u8054\u76df\u4e00\u53f7\u536b", "target": "\u730b\u730b\u5927\u961f\u957f", "value": "3"}, {"source": "\u949f\u7075\u6bd3\u79c0\u5730\u4e0b\u5ba4", "target": "\u8096\u8096-\u9759\u9759", "value": "1"}, {"source": "\u59ca\u59b9\u62a5", "target": "\u8096\u8096-\u9759\u9759", "value": "1"}, {"source": "\u78ca\u843d\u7684\u91ce\u5fc3\u5bb6865", "target": "\u8096\u8096-\u9759\u9759", "value": "1"}, {"source": "\u7ae0\u5148\u751f\u5bb6\u7684\u5b89\u4fee", "target": "\u8096\u8096-\u9759\u9759", "value": "9"}, {"source": "lily99996666", "target": "\u8096\u8096-\u9759\u9759", "value": "1"}, {"source": "\u5446\u6843\u8d5e\u768477", "target": "\u53ef\u82e6\u53ef\u4e50\u768477", "value": "2"}, {"source": "\u53d6\u4e2a\u6635\u79f0\u603b\u662f\u4e0d\u80fd\u4f7f\u7528", "target": "\u53ef\u82e6\u53ef\u4e50\u768477", "value": "1"}, {"source": "\u6211\u5fc3\u6211\u4e3bCAO", "target": "\u53ef\u82e6\u53ef\u4e50\u768477", "value": "1"}, {"source": "\u7528\u62377531489840", "target": "\u674e\u7f8e\u7f8e\u8bf6", "value": "1"}, {"source": "\u5c1a\u597d\u7684\u9752\u6625xz", "target": "\u674e\u7f8e\u7f8e\u8bf6", "value": "3"}, {"source": "\u58a8\u67d3\u66e61005", "target": "\u8096\u67d3\u67d3\u7684\u5c0f\u5154\u7259", "value": "1"}, {"source": "\u7eaa\u7ea2\u73a5", "target": "\u8096\u67d3\u67d3\u7684\u5c0f\u5154\u7259", "value": "2"}, {"source": "\u6211\u5fc3\u6211\u4e3bCAO", "target": "\u8096\u67d3\u67d3\u7684\u5c0f\u5154\u7259", "value": "1"}, {"source": "\u53d6\u4e2a\u540d\u5b57\u60f3\u5230\u534a\u591c", "target": "\u8096\u67d3\u67d3\u7684\u5c0f\u5154\u7259", "value": "1"}, {"source": "\u96ef\u5b50007728", "target": "\u8096\u67d3\u67d3\u7684\u5c0f\u5154\u7259", "value": "71"}, {"source": "\u4e03\u6708\u4f60\u597d888", "target": "\u8096\u67d3\u67d3\u7684\u5c0f\u5154\u7259", "value": "13"}, {"source": "\u80e1\u841d\u535c\u4e0d\u662f\u841d\u535czz", "target": "\u8096\u67d3\u67d3\u7684\u5c0f\u5154\u7259", "value": "1"}, {"source": "lily99996666", "target": "\u8096\u67d3\u67d3\u7684\u5c0f\u5154\u7259", "value": "2"}, {"source": "\u4e3a\u6218\u800c\u67651005_XZ", "target": "\u8096\u67d3\u67d3\u7684\u5c0f\u5154\u7259", "value": "2"}, {"source": "\u548c\u7f8e\u65f6\u5149", "target": "\u8096\u67d3\u67d3\u7684\u5c0f\u5154\u7259", "value": "2"}, {"source": "\u5b89\u5a1c\u6218\u6218\u7684\u5c0f\u98de\u4fa0", "target": "\u8096\u67d3\u67d3\u7684\u5c0f\u5154\u7259", "value": "3"}, {"source": "\u80e1\u841d\u535c\u4e0d\u662f\u841d\u535czz", "target": "\u53ef\u82e6\u53ef\u4e50\u768477", "value": "1"}, {"source": "\u6e05\u98ce\u552f\u6218\u800c\u6765", "target": "\u53ef\u82e6\u53ef\u4e50\u768477", "value": "2"}, {"source": "\u9752\u9752\u7684\u9edb\u8272", "target": "\u53ef\u82e6\u53ef\u4e50\u768477", "value": "1"}, {"source": "\u534a\u5206\u6d45\u590f_", "target": "\u53ef\u82e6\u53ef\u4e50\u768477", "value": "5"}, {"source": "\u4eba\u751f\u82e5\u53ea\u5982\u521d\u62181005", "target": "\u53ef\u82e6\u53ef\u4e50\u768477", "value": "2"}, {"source": "\u597d\u4eba\u4e00\u751f\u5e73\u5b89haoya", "target": "\u8096\u8096-\u9759\u9759", "value": "1"}, {"source": "\u534a\u5206\u6d45\u590f_", "target": "\u8096\u8096-\u9759\u9759", "value": "2"}, {"source": "\u534a\u5206\u6d45\u590f_", "target": "\u8096\u8096-\u9759\u9759", "value": "3"}, {"source": "\u7eaa\u7ea2\u73a5", "target": "\u8096\u8096-\u9759\u9759", "value": "2"}, {"source": "\u7231\u62181005\u5170\u8349", "target": "\u8096\u8096-\u9759\u9759", "value": "1"}, {"source": "\u4e3a\u6218\u800c\u6765xz623", "target": "\u8096\u8096-\u9759\u9759", "value": "3"}, {"source": "\u5468\u5468\u6709\u94b1daytoy", "target": "\u8096\u67d3\u67d3\u7684\u5c0f\u5154\u7259", "value": "1"}, {"source": "\u6708\u513f\u5f2f\u8170123456", "target": "\u8096\u67d3\u67d3\u7684\u5c0f\u5154\u7259", "value": "1"}, {"source": "\u534a\u5206\u6d45\u590f_", "target": "\u8096\u67d3\u67d3\u7684\u5c0f\u5154\u7259", "value": "3"}, {"source": "\u534a\u5206\u6d45\u590f_", "target": "\u8096\u67d3\u67d3\u7684\u5c0f\u5154\u7259", "value": "4"}, {"source": "\u4f0a\u4eba\u67ad\u8d5e", "target": "\u8096\u67d3\u67d3\u7684\u5c0f\u5154\u7259", "value": "1"}, {"source": "\u660e\u6708\u5728dyl", "target": "\u5c0f\u7ea2\u82b1\u7684\u5e78\u798f\u751f\u6d3b", "value": "1"}, {"source": "\u7ec8\u751f\u7231\u5154\u4eba\u58eb", "target": "\u6218\u5154\u4ef0\u6155\u8005", "value": "1"}, {"source": "\u7ec8\u751f\u7231\u5154\u4eba\u58eb", "target": "\u7231\u5154\u8054\u76df\u4e00\u53f7\u536b", "value": "1"}, {"source": "\u6218\u5154\u4ef0\u6155\u8005", "target": "\u7231\u5154\u8054\u76df\u4e00\u53f7\u536b", "value": "2"}, {"source": "\u7ec8\u751f\u7231\u5154\u4eba\u58eb", "target": "\u730b\u730b\u5927\u961f\u957f", "value": "1"}, {"source": "\u6218\u5154\u4ef0\u6155\u8005", "target": "\u730b\u730b\u5927\u961f\u957f", "value": "2"}, {"source": "\u7231\u5154\u8054\u76df\u4e00\u53f7\u536b", "target": "\u730b\u730b\u5927\u961f\u957f", "value": "3"}, {"source": "\u5229\u5b89_212", "target": "\u60ca\u4e16\u516c\u5b50", "value": "175"}, {"source": "\u96ef\u5b50007728", "target": "\u60ca\u4e16\u516c\u5b50", "value": "146"}, {"source": "jessie\u97eb", "target": "\u60ca\u4e16\u516c\u5b50", "value": "35"}, {"source": "\u51b0\u7c89\u51c9\u867e\u5c0f\u706b\u9505_", "target": "\u60ca\u4e16\u516c\u5b50", "value": "1"}, {"source": "\u88ab\u9524\u6b7b\u5728\u5751\u5e95", "target": "\u60ca\u4e16\u516c\u5b50", "value": "1"}, {"source": "\u51ac\u81f3\u83ab\u79bb1005", "target": "\u60ca\u4e16\u516c\u5b50", "value": "2"}, {"source": "\u9752\u827283443", "target": "\u60ca\u4e16\u516c\u5b50", "value": "3"}, {"source": "\u968f\u98ce\u98de\u626cxyw", "target": "Selamm\u521d\u5fc3", "value": "1"}, {"source": "\u7528\u62377433355651", "target": "Selamm\u521d\u5fc3", "value": "2"}, {"source": "\u6211\u5fc3\u6211\u4e3bCAO", "target": "Selamm\u521d\u5fc3", "value": "1"}, {"source": "\u65f6\u95f4\u9057\u5fd8\u7684\u89d2\u843d\u91cc", "target": "Selamm\u521d\u5fc3", "value": "3"}, {"source": "\u6109\u5feb\u5730\u547c\u5438", "target": "Selamm\u521d\u5fc3", "value": "3"}, {"source": "\u98ce\u5b9a\u72b9\u821e95535", "target": "lisa\u7231\u6843\u6843", "value": "1"}, {"source": "\u98de\u7fbd\u91cd\u5343", "target": "lisa\u7231\u6843\u6843", "value": "1"}, {"source": "\u6211\u662f\u5c0f\u8017\u554a", "target": "lisa\u7231\u6843\u6843", "value": "1"}, {"source": "\u7eaa\u7ea2\u73a5", "target": "\u8096\u67d3\u67d3\u7684\u5c0f\u5154\u7259", "value": "4"}, {"source": "\u6211\u5fc3\u6211\u4e3bCAO", "target": "\u8096\u67d3\u67d3\u7684\u5c0f\u5154\u7259", "value": "1"}, {"source": "xuhong202004", "target": "\u8096\u67d3\u67d3\u7684\u5c0f\u5154\u7259", "value": "1"}, {"source": "\u79e6\u65f6\u660e\u6708qinsmoon", "target": "\u8096\u67d3\u67d3\u7684\u5c0f\u5154\u7259", "value": "2"}]}