﻿wid,user_name,user_id,gender,publish_time,text,like_count,comment_count,forward_count,status_city,status_country,status_province
4860277134986677,阿阳同学,5864124825,m,2023-01-21 09:17:11,"“新年快乐用古文怎么说”，一些很有文采的新年文案！
#新年祝福##新年文案#",196,5,49,新乡,中国,河南
4860281391680378,被兔蛊了,7534922817,m,2023-01-21 09:34:06,"新年愿你前程似锦，
每一天都神气！
[团圆兔][团圆兔][团圆兔] 被兔蛊了的微博视频
#新年祝福#
#贺峻霖追着宋亚轩打#
@时代少年团-贺峻霖",1782,520,142,温州,中国,浙江
4860289423513029,刘珂矣,2080389812,f,2023-01-21 10:06:01,"珂矣给大家拜年啦~[年年有余]
祝大家新春安乐，和顺安康[2023][团圆兔]

#除夕快乐# #福兔# #新年祝福#
刘珂矣 刘珂矣的微博视频",84,35,10,,中国,中国
4860280787437785,长沙校园,1986888471,m,2023-01-21 09:31:42,#湖南高校共度除夕#[团圆兔]福兔迎新，岁喜安康！沙沙来送福啦~祝大家2023兔年新春快乐～#除夕#[鞭炮声声]#新年祝福#（湖南工业大学团委） 长沙校园的微博视频,99,37,8,岳阳,中国,湖南
4860094473049946,大睿睿,2395815807,f,2023-01-20 21:11:21,"好吃的嘞！回购N+1次的零食合集
和马甲一起拍摄的「过年宅家解馋零食大合集」
内容精彩 老少皆宜 童叟无欺 速看！
#新年祝福##团年不易##零食分享# 大睿睿的微博视频",2846,191,69,安庆,中国,安徽
4860284096746354,咪游记,1602096204,m,2023-01-21 09:44:51,又是一年#除夕#，对头头来说，寅年是大猫年，卯年还是猫年，听上去差不多嘛但你知不知道越南人就是把兔年当猫年来庆祝呢？越南邻居还来问头头的中式衣服哪里买的，要为家里的猫咪们庆祝猫年呢#新年祝福# 祝大家新春快乐，阖家团圆，健康平安#春节#萌宠那些事,19,9,1,,美国,美国
4860061425866105,塔莎先生,3255081752,m,2023-01-20 19:00:02,"兔年快乐！提前给大家拜年啦~感谢这一年花友们对塔莎的支持，2023年我们一起加油！
#新年祝福# 塔莎的花园 塔莎先生的微博视频",114,17,12,嘉兴,中国,浙江
4859880249230531,小句只,3009609487,f,2023-01-20 07:00:06,"✎『值得置顶の春节祝福短句文案』🐰

❶(⺣◡⺣)♡ 祝你兔年发大财 人见人爱

❷🧨ღゝ◡╹)ノ♡虎尽甘来好运转 扬眉兔气笑颜展

❸Ⓗⓐⓟⓟⓨ ⓝⓔⓦ ⓨⓔⓐⓡ祝你万事如意 兔个吉利

❹˗ˋˏᰔᩚˎˊ˗ ʜᴀ͟ᴘ͟ᴘ͟ʏ ᴇᴠᴇʀʏᴅᴀʏ̆̈ 祝你兔然暴富 前兔无量 兔年大吉

❺ʜᴀᴘᴘʏ ᴇɴᴅɪɴɢ...🧨平安喜樂 諸事皆顺｜²⁰²³

❻ ₍ᐢ •͈ ༝ •͈ ᐢ₎♡ 祝你平安喜乐 富利四射~

❼新的一年 希望新冠永久缺席❣🧧🏮🧨

❽🐾祝你守福待兔 钱兔无忧 新的一年全力以富~

❾✎﹏ ʜᴀᴘᴘʏ ɴᴇᴡ ʏᴇᴀя ⑅ 祝你元气power 前兔似锦 大展宏兔

❶⓿(￣∀￣) 是新年 是新的开始 ²⁰²³愿所得皆所愿

❶❶·ʜᴀ͟ᴘ͟ᴘ͟ʏᴇᴠᴇʀʏᴅᴀʏ̆̈棒棒的𝐛𝐨𝐝𝐲 满满的𝐦𝐨𝐧𝐞𝐲 多多的𝐡𝐚𝐩𝐩𝐲 心情很𝐬𝐮𝐧𝐧𝐲

❶❷ 🅷🅰🅿🅿🆈新的一年 兔𝒃𝒆 𝒇𝒊𝒏𝒆

❶❸🧨顺顺当当 健健康康

❶❹🧨🧧🏮愿所念之人 平安喜乐 愿所想之事 顺心如意

❶❺💮愿新春以后 吉吉利利 百事都顺利

❶❻🏮ϩ0ϩӠ 兔个健康 钱兔似锦

搬运请备注来源@小句只

#日常文案##朋友圈可爱文案##短句文案##朋友圈文案##新年祝福##新年祝福文案##新年心祝福# 小句只的微博视频",341,11,174,北京,中国,北京
4859989389218734,艺术有毒,6440433613,f,2023-01-20 14:13:47,"开云集团特邀中国水墨艺术家彭薇贺禧癸卯新春

#开云##新年祝福##艺术#艺术有毒#艺术有毒# 艺术有毒的微博视频",24,27,4,成都,中国,四川
4860288773393676,在阳光下闪耀的军徽,1745681591,m,2023-01-21 10:03:26,"#新年祝福#
兔年即将到来，今天大家拜个早年，祝天下朋友身体健康，阖家幸福，兔年吉祥，皆得所愿！拜年啦！#福兔##新年快乐# 在阳光下闪耀的军徽的微博视频",82,24,51,常德,中国,湖南
4860296998425023,互联网三爷说,6244484654,m,2023-01-21 10:36:07,#新年祝福#除夕，万家灯火，合家团圆，辞旧迎新，岁岁年年，祝大家新年快乐，钱兔无量，前程似锦，宏兔大展，六时吉祥如意，阖家安康幸福，诸事应愿顺遂！ 互联网三爷说的微博视频,33,22,28,绍兴,中国,浙江
4860303018037245,维他命--Ming,2079202133,f,2023-01-21 11:00:02,"“明年有明年的雪，明年的雾色，明年的永无休止的阳光，还有明年数不尽的生机。”来年更好，除夕快乐，新年快乐！

#除夕快乐##新年祝福# #朱一龙# 梅州",0,0,0,,中国,广东
4860295404585741,灵积岳清,7566151228,m,2023-01-21 10:29:47,#新年祝福#祝福大家新年与家人健康，烦忧少一点，快乐多一点,124,23,2,黄石,中国,湖北
4860302581569192,铜陵公安在线,1942357207,m,2023-01-21 10:58:18,给您拜年啦！新的一年，愿您明辨真伪，守好“钱袋子”；愿您平安顺遂，奔向好日子！#新年祝福# 铜陵公安在线的微博视频,0,1,0,铜陵,中国,安徽
4860301381998532,公考面试韩焓,7349647942,f,2023-01-21 10:53:32,"平淡日子里不平凡的感动
愿大家新年胜旧年，
所求皆如愿
#新年祝福##新年心愿#",0,1,0,吉林,中国,吉林
4860296704824829,茶百道,6502206666,f,2023-01-21 10:34:57,"团圆#除夕#夜，围坐饮香茗🍵

茶宝们都回家了吗？
珍惜和家人团聚的日子，新的一年，祝茶宝们所愿都能如愿，所盼皆能实现！
🎇

【关+评】，接好运，揪3️⃣个茶宝嚯奶茶！

#新年祝福#",14,60,12,成都,中国,四川
4860300509317349,景象AK,2009361105,m,2023-01-21 10:50:04,#新年祝福# 过年好,8,2,0,,中国,辽宁
4860299625105128,宅宅今天暴富了嘛,7554105891,f,2023-01-21 10:46:33,"#新年祝福#
不畏将来，不念过往
新年快乐[鞭炮声声][鞭炮声声][鞭炮声声][鞭炮声声]",1,2,0,蚌埠,中国,安徽
4860288773393676,在阳光下闪耀的军徽,1745681591,m,2023-01-21 10:03:26,"#新年祝福#
兔年即将到来，今天大家拜个早年，祝天下朋友身体健康，阖家幸福，兔年吉祥，皆得所愿！拜年啦！#福兔##新年快乐# 在阳光下闪耀的军徽的微博视频",82,24,51,常德,中国,湖南
4860085945762195,美国弗吉尼亚大学,5507428621,m,2023-01-20 20:37:27,[2023][团圆兔]新的一年即将到来，弗吉尼亚大学校长吉姆·瑞安特别拍摄了新年祝福视频，向正在欢庆2023年农历新年的大家送上最美好的祝福！[兔兔拜年][年年有余][鞭炮声声] #新年祝福##弗吉尼亚大学##UVA##2023# 美国弗吉尼亚大学的微博视频,115,18,15,上海,中国,上海
4860299137780997,i万事胜意Kelly,7291194809,m,2023-01-21 10:44:37,"#贺峻霖追着宋亚轩打#💚#新年祝福#
贺峻霖新年快乐 所有愿望都实现💚@时代少年团-贺峻霖",2,2,0,南昌,中国,江西
4860299082994952,济南市文化和旅游局,2115973751,m,2023-01-21 10:44:24,"#济南免门票景区增多时间延长##新年祝福#
济南市第42届趵突泉迎春花灯会点灯调试，整个园区大型花灯、串串大红灯笼和喷涌的泉水交相辉映，五彩缤纷，宛如五彩缤纷的梦幻世界。本届花灯会以“赞伟大时代，谱光影华章”为主题，在趵突泉公园内东门、南门、北门三大板块共设置灯组57个，将于大年初一正式向公众亮相。
via@钟福生摄影",1,0,1,济南,中国,山东
4860298836315881,春城文艺,3812383431,m,2023-01-21 10:43:25,#文艺视频##新年祝福#【昆明市文联祝全体文艺家和广大市民新春快乐】昆明市文联祝全体文艺家和广大市民新春快乐 春城文艺的微博视频,0,0,0,昆明,中国,云南
4860298164437721,不是大李也不是小李,5643613201,f,2023-01-21 10:40:45,"#新年祝福#
来自一个人四面八方的祝福",0,1,0,双鸭山,中国,黑龙江
4860294024662263,上海长宁,1812581591,f,2023-01-21 10:24:18,适合分享的新年祝福文案~#新年祝福# cr.古风的那些事儿,12,1,7,上海,中国,上海
4860297791149190,广安区公安,2047729270,f,2023-01-21 10:39:16,"#新年祝福#【福兔已临门，民警祝福送上门】岁序更替，华章日新！值此新春佳节到来之际，@攀枝花-平安东区 祝大家新年快乐，兔年吉祥。同时提醒大家在春节期间要增强安全防范意识，度过一个平安快乐年。#春节我在岗,我在四川# 攀枝花-平安东区的微博视频",0,1,0,广安,中国,四川
4860272831890499,南方周末,1639498782,m,2023-01-21 09:00:05,“万物迎春送残腊，一年结局在今宵。”今日#除夕#，年关已至，积攒了一年的思念，将在热气腾腾的餐桌前，在卸下疲倦的欢笑间，融于心田，化为团圆。祝福每一个屏幕前的你，新年快乐。 #除夕快乐# #新年祝福#,54,5,19,昆明,中国,云南
4860297469496855,绵阳消防,3071506104,m,2023-01-21 10:37:59,绵阳消防#新年祝福# 今儿个除夕，绵阳消防给您拜年啦[兔兔拜年]蓝朋友们带着祝福来啦愿今年，明年，后年都要好运连连，一切顺利！#除夕文案# 绵阳消防的微博视频,2,0,0,绵阳,中国,四川
4860296956742248,灿若千阳素百之眸,6066987871,f,2023-01-21 10:35:57,"#新年祝福#
新年快乐哟
老爸一颗赤城的爱国心，打从外面带回来的国旗，新年亲手升旗国旗。
祝福祖国繁荣昌盛，祝大家新年快乐，万事如意！",1,2,0,信阳,中国,河南
4860296902476439,赵俞锋,1295347463,m,2023-01-21 10:35:43,#温暖与感动##新年祝福#新年快乐！ 赵俞锋的微博视频,1,1,0,沈阳,中国,辽宁
4860296843236778,阳光总站风雨后,7393757416,m,2023-01-21 10:35:30,"肖战#肖战# #肖战骄阳伴我#
超话又换头像啦！🎉🎉🎉
有没有语文课代表啊！
祝大家葳蕤繁祉，延彼遐龄。
这句话能给翻译一下嘛！
#新年祝福#
肖战顺顺利利！@X玖少年团肖战DAYTOY",0,0,0,南京,中国,江苏
4860277731102646,卖菊花的小恶魔,5481407516,m,2023-01-21 09:19:33,"姐妹情深年年在
猛一爽零日日来
除夕喜乐
#新年祝福#",39,5,1,本溪,中国,辽宁
4860098746781104,修行的猫V,1261308771,f,2023-01-20 21:28:20,"2023新年文案丨除夕至初七 小众高级不重样
🧧
除夕丨 守岁纳福
劝君今夕不须眠
且满满，泛觥船
大家沉醉对芳筵
愿新年，胜旧年
🧧
初一丨新禧拜年
日迈月征，朝暮轮转
愿你新年胜旧年
欢愉且胜意，万事皆可期
新年伊始，喜乐安宁
🧧
初二丨抬头见喜
我要在家乡明朗的阳光下许愿
三年疫情已成过往
鲜衣怒马，踏遍万水千山
寻觅春风，共享大好年华
🧧
初三丨和气生财
大年初三，三生万物
所愿有三：
一愿君安康
二愿君顺遂
三愿和和美美，好好生活
🧧
初四 丨好好吃饭
恭迎灶神到
从今天起，关心粮食和蔬菜
人生不过76000顿饭
每一顿饭都认真对待
每一寸光阴才没有被辜负
平安福自来，团圆人常在
🧧
初五丨稳稳发财
大年初五，人间破五
齐齐欢迎五路财神
新的一年：
愿你做一个新富之人
兔年发大财，心诚则富
🧧
初六丨 前兔似锦
大年初六，开市大吉
祝你鸿运当头，事事圆满
红红火火，福禄双全
2023前兔似锦，大展鸿兔
🧧
初七丨开工大吉
满怀上一年的热爱
奔赴下一年的山海
前路浩浩荡荡，万事尽可期待
新年一年，发财被爱，好运常在

#这就是中国年的仪式感##新年快乐##新年文案##新年祝福#",436,9,251,洛阳,中国,河南
4860253651600046,海青来了,5097850397,f,2023-01-21 07:43:52,"#朋友圈文案##新年快乐##新年祝福#
2023新年祝福语文案
兔年春节吉祥话，顺口溜祝福语，谐音成语。

新年顺口溜祝福语：

招只兔，年年富
送只兔，一定富
瑞兔生风，来进宝
春满东方，钱兔似锦
虎辞胜岁，兔跃新程
事事都如意，兔兔皆吐气
兔年送只兔，大发利市一定富
兔年好运到，鸿兔大展一整年
兔年好运挡不住，兔年财源滚滚来
玉兔迎春添新象，人逢泰世随兔跃
˗ˋˏ🏃ˎˊ˗ 𝑹𝒖𝒏 𝒕𝒐 𝟐𝟎𝟐𝟑 ᕱ⑅ᕱ
🧨ˣⁱⁿ年快乐 新ⁿⁱᵅⁿ快乐
“𝟐𝟎𝟐𝟑 平安喜樂 萬事勝意 祝你 祝我 祝我們”
₂₀₂₃ 新的一年 奔赴所喜·所爱

谐音成语：
扬眉兔气、钱兔似锦、兔飞猛进
钱兔无量、大展宏兔、兔来运转
兔年吉祥、卯兔接福、玉兔显瑞
兔围而出、兔出贡献、兔步青云
弃旧兔新、风兔翩翩、兔然有钱",53,2,10,文山,中国,云南
4860295384924941,我不爱吃番茄炒蛋,6767545368,f,2023-01-21 10:29:42,#新年祝福#希望今年万事顺遂，成功上岸,0,0,0,凉山彝族自治州,中国,四川
4860295136152866,成都高新,2055576275,m,2023-01-21 10:28:43,【除夕快乐！[兔兔拜年]快来打开#兔年祝福#盲盒，祝好运连连】新的一年，你有什么愿望？今天除夕，送你一份#新年祝福#“盲盒”↓↓↓愿你身体健康、财源滚滚、逢考必过、皆得所愿！转发祝福，“兔”个吉利！,0,0,0,成都,中国,四川
4860276908233915,文案努力减肥的蔡蔡,5180067430,f,2023-01-21 09:16:17,#新年文案##新年祝福# 2023新年祝福文案：,28,0,7,唐山,中国,河北
4860294679501090,南昌消防,3445249020,m,2023-01-21 10:26:54,#新年祝福##蓝朋友的新愿望# 每个愿望平凡百伟大，你的新年愿望是什么？ 南昌消防的微博视频,2,1,0,南昌,中国,江西
4860294213931266,小只晴晴子,5565510199,f,2023-01-21 10:25:03,"#新年祝福#
山一程，水一程，总会有人与你一道过一程，惟愿年年岁岁常康健，岁岁年年常相见，愿所求皆如愿，所行皆坦途，多喜乐，长安宁。",1,0,0,濮阳,中国,河南
4860294046421592,温冬Libra,2066710903,m,2023-01-21 10:24:23,#除夕文案# 能不能带我去你家过年#过年一定要去男方家吗##新年祝福#温冬 温冬Libra的微博视频 苏州,12,12,1,苏州,中国,江苏
4860275633951305,落木千寻,1439749761,f,2023-01-21 09:11:13,"「摄影日记」

“愿以雪意祈丰年 静守春来万物新”

#新年祝福##新年文案##苏州园林##沧浪亭#",34,19,10,濮阳,中国,河南
4860284096746354,咪游记,1602096204,m,2023-01-21 09:44:51,又是一年#除夕#，对头头来说，寅年是大猫年，卯年还是猫年，听上去差不多嘛但你知不知道越南人就是把兔年当猫年来庆祝呢？越南邻居还来问头头的中式衣服哪里买的，要为家里的猫咪们庆祝猫年呢#新年祝福# 祝大家新春快乐，阖家团圆，健康平安#春节#萌宠那些事,19,9,1,,美国,美国
4860280787437785,长沙校园,1986888471,m,2023-01-21 09:31:42,#湖南高校共度除夕#[团圆兔]福兔迎新，岁喜安康！沙沙来送福啦~祝大家2023兔年新春快乐～#除夕#[鞭炮声声]#新年祝福#（湖南工业大学团委） 长沙校园的微博视频,99,37,8,岳阳,中国,湖南
4860292574218460,BTV气象观天下,7555742154,m,2023-01-21 10:18:32,【《气象观天下》送上2023新年祝福！】#气象观天下##新年祝福# BTV气象观天下的微博视频,0,0,0,包头,中国,内蒙古
4860292518906568,公考王运龙老师,1093167772,m,2023-01-21 10:18:19,#新年祝福# 寅虎辞旧去，卯兔迎春来，值此新春佳节万家祥和喜乐之际，祝福大家新年快乐，事业顺利，逢考必过！万事大吉！ 公考王运龙老师的微博视频,0,4,0,绥化,中国,黑龙江
4860040140032829,霖霖文案馆,7391530326,f,2023-01-20 17:35:27,"🧧兔年新春贺词来啦～
长辈：
🎈称呼，新年好！兔年未至，福气先行；家人未达，祝福先到。愿您在新的一年里身常健、心无忧，万事顺意，福寿安康！

平辈：
🎈结束了一年的奔波，开启了新的篇章。祝愿你在新的一年里，春去秋往万事胜意，山高水长终有回甘。新年快乐！幸福常在！
🎈人间喜庆康平世，兔岁承欢幸福春。旧年的辛劳已经结束，新年的顺遂即将来临。在新的一年里，衷心祝福您和家人平安喜乐，福寿安康！
🎈玉兔祥和报新春，家家户户乐逍遥。愿您抖落掉一年的疲惫，收获期望中的全部喜悦，祝新年如意多多！
#新年贺词##微信拜年短信###新年祝福##兔年##2023#",40,1,12,常州,中国,江苏
4860291734572954,Gloria_九色鹿,2064952637,f,2023-01-21 10:15:12,"#新年祝福#
❄“大雪至 白茫茫 落满城镇与村庄”
❄“看河山 换新妆 好一派锦绣模样”",0,0,0,蚌埠,中国,安徽
4860291495498209,成永明教授,1764579764,m,2023-01-21 10:14:15,一年四季做蜂疗！玉免临风不感冒！健康快乐！#新年祝福#,0,1,0,江门,中国,广东
4860290828866376,老饕盛澜,3229867663,m,2023-01-21 10:11:36,书香门第、吉庆之家……#新年祝福##这就是中国风#,0,1,0,北京,中国,北京
4860290673414684,营养师乔少,7416771540,m,2023-01-21 10:10:59,【#春节快乐# 🐰新年快乐】 #一条微博晒年味##新年祝福# 兔年来到，祝您兔飞猛进，大展宏兔，财富兔出，兔年，新年快乐~[团圆兔] 营养师乔少的微博视频,0,0,0,承德,中国,河北
4860279643441898,辽宁共青团,2079751412,m,2023-01-21 09:27:09,【一键转存！兔年心愿定制版手绘壁纸来了】今日除夕，用国风元素定制的新春祝福有多浪漫？万“柿”皆顺，祝你万事如意吉祥到；奋发“兔”强，祝你势如破竹节节高；大有前“兔”，祝你牡丹花开富贵来……兔年国风壁纸有多浪漫↓↓祝福兔年大吉！愿你如画舒展，如花绽放！ #除夕快乐##新年祝福#,14,3,9,沈阳,中国,辽宁
4860277134986677,阿阳同学,5864124825,m,2023-01-21 09:17:11,"“新年快乐用古文怎么说”，一些很有文采的新年文案！
#新年祝福##新年文案#",196,5,49,新乡,中国,河南
4860289848443588,铁四院,7259946104,f,2023-01-21 10:07:42,"#除夕##除夕快乐##新年祝福#
爆竹声声催促着归家的脚步，美酒杯杯洋溢着团圆的祝福。铁四院房地产公司给您拜年啦，祝你元气爆满[努力][努力]，钱兔似锦[百事干杯][百事干杯]，大展宏兔[2023][2023]！ 铁四院的微博视频",2,2,0,黄冈,中国,湖北
4860289420364495,tsaichu,1569753363,f,2023-01-21 10:06:00,"#新年祝福#
🥳愿你新年🎉
🏮百事都如意顺遂🏮
🏮得到的都是欢喜🏮
愿所有的美好，都将在疫情结束后如约而至[兔兔拜年][财源滚滚][年年有余]",4,3,0,台中市,中国,台湾
4860289168705082,贺州共青团,2489775385,m,2023-01-21 10:05:00,贺州团团给大家拜年啦！#拜年##春节##新年祝福# 贺州共青团的微博视频,1,1,0,贵港,中国,广西
4860289168442830,湖南高速警察,2054302531,m,2023-01-21 10:05:00,#除夕快乐#【今日除夕，拥抱新年更好的自己】今天是虎年的最后1天，回首过往，不论收获与遗憾，都要怀着期待迈向更好的明天。你想写下哪些新年期待？#新年祝福# 送你一套大吉大利福兔窗花，愿你“兔”飞猛进、前“兔”似锦、大展宏“兔”！愿你的心之所向都能实现！,1,1,0,长沙,中国,湖南
4860289067517742,澄迈消防,2570672444,m,2023-01-21 10:04:36,【消防队里年味儿浓】挂灯笼、贴春联、绑彩灯......装扮完后的营区果然不一样，这年味一下就出来了~[团圆兔][2023]#新年祝福# 浙江消防的微博视频,0,1,0,澄迈县,中国,海南
4860119416835776,背上相机去远方,6298078452,m,2023-01-20 22:50:28,凡是过往，皆为序章。新的一年，愿日子如熹光，温柔又安详。如果所有人祝你新年快乐，那我祝你遍历山河，仍觉得人间值得。#新年祝福#长春生活#长春短视频运营#长春 背上相机去远方的微博视频 #新年文案#,105,101,104,长春,中国,吉林
4860288416879531,贺冬冬Monica,3250794384,f,2023-01-21 10:02:01,一束花的仪式感永不过时，该省省该花花，愿我们都是走向幸福的人，祝大家2023年金灿灿，温暖，一路发财，事事顺达！#2023新年快乐# #贺冬冬921# #贺冬冬的美丽时刻# #新年祝福# 贺冬冬Monica的微博视频,1,0,0,张家口,中国,河北
4860287964680082,美食锦鲤,5588703243,f,2023-01-21 10:00:13,#新年祝福#祝大家明年不吃苦，健康暴富又幸福！,5,1,1,安阳,中国,河南
4860287960221645,是我熊二嫂,6523963587,f,2023-01-21 10:00:12,"用豹纹结束今年的穿搭~~！新年快乐啊大家，提前给各位拜年啦！❤️
豹纹是我喜欢的动物纹样。
斑马纹太乖巧，蟒蛇纹太冷艳，相比之下，豹纹的配色，狂野和趣味是最令我心仪的。
喜欢用各种蓝色裙子搭配豹纹，用冷静中和狂野，很有意式复古的感觉~

#每日穿搭##春节快乐##新年祝福#",122,6,0,南京,中国,江苏
4860287918540919,发现苏格兰,2132115515,m,2023-01-21 10:00:02,"🏮2023北京兔年打卡地🏮
苏格兰驻华代表Catriona给您拜年了！
🐰跟着我们一起看看北京兔年打卡地～
✨你喜欢哪只兔子？
祝大家新春快乐！兔年大吉！
#除夕# #福兔# #兔年大吉# #除夕快乐# #新年祝福# 发现苏格兰的微博视频",1,1,1,北京,中国,北京
4860287594796179,除湿净化节能环保,1999317682,m,2023-01-21 09:58:45,"跃虎添翼万事顺、玉兔呈祥全家福。
（转自网络） #新年祝福#",0,0,0,无锡,中国,江苏
4860287422827381,津彩青春,3074181393,m,2023-01-21 09:58:04,#新年祝福#最硬核的春节献礼来了！全军各部队官兵在战位一线向全国人民拜年！#玉兔迎春来# 津彩青春的微博视频,2,0,0,天津,中国,天津
4860047332476703,玟暖不暖_,7452505656,f,2023-01-20 18:04:02,"ꫛꫀꪝ❥ 🐰大年初一,拜年啦🐰🧨

""㊗️: 喜乐安 福来到 万喜万事宜""
朋友圈文案#大年初一来拜年##新年祝福##兔年大吉#",60,2,24,泰安,中国,山东
4860287263707424,下酒的头孢,3803936519,f,2023-01-21 09:57:26,#新年祝福#其实你不给我说我多睡会就算祝福了,0,2,0,绥化,中国,黑龙江
4860286521836103,辽宁共青团,2079751412,m,2023-01-21 09:54:29,【盘点春晚10首关于回家的歌，哪首唱进了你的心】这些关于“回家”的旋律，你是否还时常哼起？“归来吧，归来哟，别再四处漂泊”“常回家看看，回家看看”“好久没回家，不是不想家”......10首回家的歌↓↓愿你平安回家，开心过年！#新年祝福# 辽宁共青团的微博视频,2,2,0,沈阳,中国,辽宁
4860286299275686,中新图片,1747109160,f,2023-01-21 09:53:35,#除夕#【#武警官兵的新年祝福#】今年，是防疫政策调整后的第一个春节，很多人都与家人欢聚一堂，吃饺子、看春晚，欢度新春佳节。但是，有一群人，因为职责所在，不能回家与亲人团聚，此时此刻，他们仍然坚守在执勤哨位上，守望人民幸福，守护万家团圆。今天，让我们一起来聆听他们的#新年祝福#。（邹新江、张洛诚） 中新图片的微博视频,0,1,0,北京,中国,北京
4860285485842907,小鹿爱剧,1773318493,f,2023-01-21 09:50:22,#新年祝福#祝您钱兔无量、大展宏兔、大有前兔、扬眉兔气、兔飞猛进、前兔似锦、谈兔不凡、颜值兔出、守福待兔、福兔临门,6,3,1,上海,中国,上海
4860285128806812,羊咩咩吃草i,6273382528,f,2023-01-21 09:48:57,"#新年祝福#
是谁一早起来搜祝福文案 我不说",2,0,0,潍坊,中国,山东
4860284952645737,昌吉州消防救援支队,2534115874,m,2023-01-21 09:48:15,#新春话消防# 除夕至，鞭炮响，在这个阖家欢乐，举国同庆的日子里，昌吉州消防带着诚挚的祝福，给大家拜年啦！在这阖家团圆、辞旧迎新的重要时刻，@昌吉州消防救援支队 提示:大家在团圆、热闹之余，不要忘记家庭消防安全，安全文明燃放烟花爆竹，平安开心过大年！#一条微博晒年味##除夕##新年祝福##除夕快乐# 昌吉州消防救援支队的微博视频,19,9,0,,中国,新疆
4860284471085570,中国旅游报,1927786044,f,2023-01-21 09:46:20,【文旅人贺新春丨山西省文化和旅游厅厅长王爱琴新春贺词】山西风光独特、民俗久远，三晋父老热情淳朴。诚邀您携亲伴友，走进表里山河，“晋”享美好生活！衷心祝愿大家在新的一年里万事如意、阖家幸福、所行无憾、皆得所愿！@山西省文化和旅游厅 详情↓↓（视频：杨亮；编辑：杨硕） #除夕##新年祝福# 中国旅游报的微博视频,0,1,0,运城,中国,山西
4860283778502952,李诞神吐槽,5308736769,f,2023-01-21 09:43:35,"#新年祝福#
1、
烟火起，照人间，喜悦无边，举杯敬此年。

2.
辞慕尔尔，烟火年年。日子滚烫，人间可爱。

3、
我与旧事归于尽，来年依旧迎花开。是结束，也是开始，萬事順意!

4、
岁末将至，敬颂冬绥，平安喜乐，万事胜意。岁岁常欢愉，年年皆胜意。

5、
前方荣光万丈，身后温暖一方，凡是过往，皆为序章。

6、
所求皆如愿。所行皆坦途。多喜乐。长安宁。新年好，旧年也很好。",1,0,0,南通,中国,江苏
4860283321321910,真爱与幸福随行,5408567175,f,2023-01-21 09:41:46,#福兔#祝大家新的一年：兔飞猛进，大展宏兔，文武双全，兔然暴富，健康快乐，平静安宁，做最棒的自已。#新年祝福##新年快乐#,3,1,1,厦门,中国,福建
4860283086705204,Candy小汤圆,2687580953,f,2023-01-21 09:40:50,"#新年祝福#
他爸拿了双绿袜子给他穿🧦……
我说：“大过年的 你给人穿双绿袜子…….”
豆说：“大过年的 你不能拿双红袜子给我穿吗……” Candy小汤圆的微博视频",0,0,0,大连,中国,辽宁
4860282490327528,咔车-石头or鸡蛋头,7094734346,f,2023-01-21 09:38:28,#新年祝福#新年高考超常发挥，首考成绩超常发挥，6月门门超常发挥，考试都要超常发挥，祝你们更祝我自己，工作党工作顺利！,2,0,0,宁波,中国,浙江
4860282469354348,王·巴旦,3268703305,f,2023-01-21 09:38:23,#新年祝福#来年烦人精神经病通通走开,0,0,0,南通,中国,江苏
4860279148774826,复兴路的事儿,2125745594,m,2023-01-21 09:25:11,【瑞兔呈祥中国年】总台向您拜大年[兔兔拜年]上午时段，王言子可首发送出#新年祝福#。开场设计“穿过”街巷，N07的宅院大门缓缓向观众打开…… 复兴路的事儿的微博视频,23,2,1,郑州,中国,河南
4860135153342913,让我康康_k,5953873095,f,2023-01-20 23:53:00,"#新年祝福##新年文案#
刚刚喝了一杯咖啡
然后发现一个好东西",13,7,0,常德,中国,湖南
4860282306298670,鲁中晨报,1625232640,m,2023-01-21 09:37:44,"【《启明》——大众日报淄博融媒体中心给您拜年！】

总有一些故事，跌宕起伏，跨越时空。

很难用想象，去描绘其中力量。

总有一种方式，充满能量。

带着温度蕴含节奏，启明眼界照亮心灵。

开一扇人文之窗，与风和光，直面相迎，

与你一起，领略万千人生及风景。

报纸的文字，凝萃思想。

相机的影像，承载诗意浪漫。

行走的足迹，记录生生不息的信念。

有时候，机械程序也可以勾勒最丰富的色彩。

有时候，抽丝剥茧只为见证一声清脆呐喊。

有时候，千锤百炼才能做到最真实的本质呈现。

当你看见我，应是繁星璀璨。

当你听见我，应是沧浪滚滚。

我们见证理想，

拼搏进取，一路燎原。

我们仰望高山，

铭记英雄，赓续精神。

我们凝视流水，

致敬平凡，勇担责任。

我们拥抱崎岖，

守护希望，让爱传递。

感悟生命的波澜壮阔，

寻找为之燃烧的意义，

时代在召唤，

释放内心热爱，

与传媒发展同步，

以家国情怀为己任，

助力社会向上向新前行。

迎着风，

我们肩负使命，茁壮生长。

向着光，

我们坚守初心，勇往直前。

新的一年，

超越自我，再起征程。

大众日报融媒体中心，

祝你新春快乐，与我们一起放飞梦想，启明未来！

（大众日报淄博融媒体中心记者 王瑞梓 周胜华 李超颖）#除夕##除夕快乐##新年祝福# 鲁中晨报的微博视频",2,0,0,聊城,中国,山东
4860282067749058,南粤绿声,2150682490,m,2023-01-21 09:36:47,#新年祝福##兔年#[2023]【致全省生态环境系统干部职工的春节慰问信】 致全省生态环境系统干部职工的春节慰问信,0,1,0,广州,中国,广东
4860130695317889,刀君,6736819544,m,2023-01-20 23:35:17,"【走心小众的新年祝福/文案】

[兔兔拜年]春祺夏安，秋绥冬禧。
希望你，岁岁平安。

[兔兔拜年]风有约，花不误，年年岁岁不相负。

[兔兔拜年]新年致意，万象更新。
一路前行，带着有趣。

[兔兔拜年]愿新的一年，仍有阳光满路，温暖如初。

[兔兔拜年]好好生活，慢慢遇见。
三餐四季烟火暖，四季皆安然。
#寻找家乡年味##新年祝福##新年文案#",50,7,12,昭通,中国,云南
4860281391680378,被兔蛊了,7534922817,m,2023-01-21 09:34:06,"新年愿你前程似锦，
每一天都神气！
[团圆兔][团圆兔][团圆兔] 被兔蛊了的微博视频
#新年祝福#
#贺峻霖追着宋亚轩打#
@时代少年团-贺峻霖",1784,520,142,温州,中国,浙江
4860280817844698,恒朴法师,2966121940,f,2023-01-21 09:31:49,"岁岁年年，欢喜依然，
岁岁年年，祝福依然，
岁岁年年，万般喜欢，
岁岁年年，幸福遇见，
欢喜悦纳，开门纳福，
无限欣然，抬头见福。

#新年祝福# #福兔#",10,3,0,沧州,中国,河北
4860280683365311,默書書,2261926340,f,2023-01-21 09:31:17,"已到了腊月二十九日了，各色齐备，两府中都换了门神、联对、挂牌，新油了桃符，焕然一新。

——《红楼梦》

#书写新年##新年祝福#",0,0,0,西安,中国,陕西
4860279571354705,命鲤心师,3180541260,m,2023-01-21 09:26:52,"[2023]🐰除夕快乐，祝您：
[2023]🐰日有熹，月有光
[2023]🐰富且昌，寿而康
[2023]🐰新春嘉平，长乐未央！
[2023]🐰旧岁千般不如意，新年万事定称心。

#除夕##福兔##新年祝福##新年快乐,万事畅意#",5,1,0,北京,中国,北京
4860279161096369,偷王俊凯的狗,7196388190,m,2023-01-21 09:25:14,#新年祝福#2023年第一句新年快乐是王俊凯给的！,1,0,0,阜阳,中国,安徽
4860279093203937,恒欣恒欣,6324147920,f,2023-01-21 09:24:58,#新年祝福#一日连双岁，又是一个需要打开的生命新格局，又是一个需要擦亮的命运新情怀，又是去往远方，去实现自我梦想的出发的驿站所在,0,0,0,贵港,中国,广西
4860278962913317,马锐,1240375710,m,2023-01-21 09:24:26,"今天#除夕##新年祝福# 送给每一个看到这条微博的你。
站在新起点，迎接新挑战，创造新成绩。愿2023年，有盼，有愿，无灾，无难。2023年，过好自己，别人的故事不需要你。新的一年要把过去所有烦恼忘掉，因为新的一年要装新的烦恼。往后的日子是崭新的，谁也别回头看了。善良，勇敢，优秀，决不妥协，祝你也祝我。除夕快乐!
#新年快乐#马锐 马锐的微博视频",3035,70,1054,北京,中国,北京
4860278820832794,河南农业大学团委,2212869385,f,2023-01-21 09:23:52,微晓 #新年祝福#新年的钟声即将敲响，晓晓在这里祝愿晓可爱在新的一年里顺遂无虞，皆得所愿哦～,4,0,0,东莞,中国,广东
4860278610592891,听听FM,5168259491,f,2023-01-21 09:23:03,"【春联习俗趣谈】中国第一批非物质文化遗产名录中有“楹联习俗”一项，其中最主要的楹联习俗就是春联。

家家户户每年春节都要贴春联儿，但在两张红纸和两句吉祥话语之外，还有多少关于春联的文化、知识、讲究呢？

本节目从春联的起源与节日习俗、春联的发展与名人春联、春联的分类及春联趣闻逸事讲起，系统介绍春联的写作规则和张贴规范，让您对司空见惯的春联，产生一个全新的认识。

本节目主讲人：刘太品 中国楹联学会副会长、学术委员会主任、教育委员会主任、宣传出版委员会主任兼秘书长，中国楹联学会对联文化研究院副院长兼秘书长。著有《对联入门》《中华楹联故事》等书籍。

本内容由首都图书馆“首图讲坛”提供，推广、普及和传播理性、客观的知识，为北京市民开辟一条新的社会学习途径，助力首都城市文明建设。

《知识开讲2023》每周六、周日更新，戳网页链接收听。

#知识开讲2023# #新年祝福# #除夕#",1,0,0,廊坊,中国,河北
4860278389346366,瑂珟,6413456074,f,2023-01-21 09:22:10,"#新年祝福#何其有幸，年岁并进🎆
愿兔年欢愉且胜意，万事皆可期🎆",5,0,0,,中国,广西
4860278145553221,大连校园,2003301941,m,2023-01-21 09:21:12,"#辽宁高校专属红包封面# #辽宁学子新年手势舞#
“爆竹声中一岁除，春风送暖入屠苏。”2023新年手势舞来啦！快艾特你的朋友和你一起跳吧～#新年祝福#
｜@大连理工大学 大连校园的微博视频",2,0,0,锦州,中国,辽宁
4860278061400714,科技事儿,5236032763,m,2023-01-21 09:20:52,昨晚我媳妇一直怂恿我做个大盆菜，奈何实在没做过，怕翻车。但大半夜看菜谱属实是搞饿了#除夕##年夜饭##新年祝福#,3,1,0,深圳,中国,广东
4860277453226890,原来是橙子呀-,5222040765,f,2023-01-21 09:18:27,"#新年祝福#
来听小秦的祝福
原来是橙子呀-的微博视频",4,2,0,池州,中国,安徽
4860277303280442,全都随便啦,5548001439,f,2023-01-21 09:17:51,#新年祝福#家人们，避个雷，这个手机千万别买，头一次用恶毒形容一个手机！！,1,0,0,菏泽,中国,山东
4860276866549000,最懂我的狮子座,2733078893,f,2023-01-21 09:16:07,"#新年祝福# 已经在想给导师祝福发什么了
在线蹲一个好人",0,3,0,重庆,中国,重庆
4860276614889952,津彩青春,3074181393,m,2023-01-21 09:15:06,#新年祝福# 今日除夕，辞旧迎新。让我们一起从新春出发，向新征程奋进。转发#福兔#留下你的新年愿望，祝你兔年大展宏“兔”！[团圆兔],5,7,1,天津,中国,天津
4860276404915454,中新图片,1747109160,f,2023-01-21 09:14:17,【#北京CBD亮灯迎新春#】1月20日晚，北京市CBD地区的高层建筑点亮外墙灯光，迎接农历新年的到来。 #新年祝福# 中新社记者 贾天勇 摄,0,0,0,北京,中国,北京
4860275989941877,老布Da叔,3959187116,m,2023-01-21 09:12:38,"#新年祝福##福启新岁,万事顺遂# 举杯送暖醉屠苏，福气东至结新岁🧨。沉淀过往，迎来新光。愿兔年每个人都平安无恙，开心健康，喜乐无忧，万事顺遂！[2023] 老布Da叔的微博视频",0,5,0,邢台,中国,河北
4860275762663139,广西消防,2057392851,f,2023-01-21 09:11:44,【上菜咯！除夕的消防“硬”菜[兔兔拜年]】辞旧岁贺新春，除夕夜共欢颜。#春晚节目单#公布，你最期待哪个节目？祝愿大家新的一年所愿皆所得，所念皆有盼。同时也要记得消防安全哦，这组消防“硬”菜，你值得拥有。ps：看春晚、吃团圆饭，快来#晒一晒我的年夜饭# #新年祝福#,8,3,3,玉林,中国,广西
4860275658327607,卖菊花的小恶魔,5481407516,m,2023-01-21 09:11:19,#新年祝福# 大家，过！年！好！,115,31,6,本溪,中国,辽宁
4860246873081029,追踪新视界,2650144244,m,2023-01-21 07:16:56,"寅去卯来灯彩艳，虎归兔到岁华新。
#新年文案##新年祝福##新春旺好运# 洛阳",12,10,2,洛阳,中国,河南
4860275541151210,佛光佛缘佛恩,3284421160,m,2023-01-21 09:10:51,#新年祝福#兔兔平安，平安中国,0,0,0,广州,中国,广东
4860275410339915,钱江视频,1744332207,m,2023-01-21 09:10:20,【#外地过年民警一口尝出妈妈包的包子# 第一口下去眼眶就红了】1月19日，浙江绍兴。民警小哥因为工作值班，三年没能回家过年。在队内聚餐中，他意外吃到一个家乡口味包子，仅仅是吃了一口，他就辨认出这是母亲做的包子，眼眶瞬间变红。最后，当母亲真正出现在眼前时，他的泪水夺眶而出，原来是暖心同事“偷偷”邀请了他的母亲来绍兴一起过年#除夕# ！#新年祝福# 美丽浙江的微博视频,5,0,0,杭州,中国,浙江
4860274362552620,驴小驴读书,2621744507,f,2023-01-21 09:06:10,"从今把定春风笑，且作人间长寿仙。

——李鼐
#新年祝福#",0,1,1,,中国,浙江
4860272827697507,拾艺CG绘画,5563025904,f,2023-01-21 09:00:04,"拾艺cg绘画 #原画[超话]#
#过年好# #新年快乐# #新年祝福#
[2023]
ヽ(・д・【Happy New Year! 】・д・)ﾉ
—————————————————
@Weber魏文博 @-高许阳- @周咩zimmy
@九九九九九九K @是叶之纱啊 @雀食柿菜",0,0,2,沈阳,中国,辽宁
