﻿wid,user_name,user_id,gender,publish_time,text,like_count,comment_count,forward_count
4810424400221199,Beny班尼-Orli奧力,5779033246,m,2022-09-05 19:40:13,"😂猜一猜吃了多少鱼？
#猜一猜##吃了##多少##鱼# Beny班尼-Orli奧力的微博视频",1,0,0
4763326519184510,黑暗中漫舞的尼古丁,6070715072,m,2022-04-28 20:30:03,"没有演唱会的日子 - 多少
用多少伤痛的心爱才不离开身边
用多少谎言去掩饰彼此的不完美

#陈奕迅# 陈奕迅 #多少 陈奕迅# 黑暗中漫舞的尼古丁的微博视频",1,0,0
4753762666941071,厚德康复教育,7742968640,m,2022-04-02 11:06:43,平均分配一样多，发现问题，解决问题，哥哥妹妹抢玩具，抢零食，总是因为谁多谁少吵架，学会平均分配后，奶奶反馈生活中两个宝贝可以自己解决问题了呢！#平均分配##一样多##多少##自闭症# 郑州·惠济区厚德康复教育中心 厚德康复教育的微博视频,0,0,0
4714413163286486,Akiru-,5616420257,f,2021-12-14 21:05:50,"《彩乃かなみTwitter更新之傻傻のみほこ》
发生了不得了的事情
想拿钱包出来买咖啡拿铁 看了眼包里有今天去稽古的时候穿的牛仔裤.....
诶？！
诶？！
诶？！
那我现在穿的是啥！？！
我开始动摇了
没想到
穿着稽古的裙子...
😲OMG😱
#多少
#裙子也是私服
评：自己震惊了自己",2,0,0
4713351152665688,上海岳立创意设计有限公司,2989443285,m,2021-12-11 22:45:47,"预祝【多少】明天新店开幕顺利～归心似箭啊……人在台湾心在沪啊！也预祝Mike老师明天有好的状态哦👍
#多少
#YueFuu
#商业空间",0,0,0
4692520410024075,王冠博教你唱,1738518343,m,2021-10-15 11:11:51,缱绻深情，韵味幽深。#多少# #经典流行歌曲# 绿洲 北京·东方雅苑小区 王冠博教你唱的微博视频,0,0,0
4664205892649735,技成培训,2377177400,m,2021-07-29 08:00:04,"【技成培训原创视频】第997集

零线电流是多少？#零线# #电流# #是# #多少# 技成培训的微博视频",0,0,1
4635454958473575,是五月的毛毛啊,1827041200,f,2021-05-10 23:54:07,"多想奋不顾身去北漂，
多想你，
多少的月色被吹散，
多少的多少有多少，
多少前路长长长，
多少有你在捡月光。
#多少#",0,0,0
4587744296702165,天地同照,7286984049,m,2020-12-30 08:08:59,"大光明藏中谁非谁#多少##东西# 六根是一个东西还是六个东西？
六根是一个东西还是六个东西？",1,0,0
