﻿wid,user_name,user_id,gender,publish_time,text,like_count,comment_count,forward_count,status_city,status_country,status_province
4859943217797491,凤凰网财经,1988800805,m,2023-01-20 11:10:19,"#春节前出现提前还贷高潮#【年终奖拿来#提前还房贷缩期缩额哪个更合适#】
“年终奖发了，准备提前还些房贷，结果发现要提前预约，每天开放的人数是固定的，每天都在拼手速，约了三天才约到2月20日，节前是还不了了。这叫约了个预约？”2022年在北京购房的徐女士对记者感叹。
庞溟称，实际上，锁期、缩额不同的情况各有利弊。“要具体问题具体分析的，匡算起来比较复杂。”
目前多数银行都能提供五种提前还贷的方式，供客户选择。一是，全部提前还款，即客户将剩余的全部贷款一次性还清。(不用还利息，但已付的利息不退)；二是，部分提前还款，剩余的贷款保持每月还款额不变，将还款期限缩短。(节省利息较多)；三是，部分提前还款，剩余的贷款将每月还款额减少，保持还款期限不变。(减小月供负担，但节省程度低于第二种)；四是，部分提前还款，剩余的贷款将每月还款额减少，同时将还款期限缩短。(节省利息较多)；五是，剩余贷款保持总本金不变，只将还款期限缩短。(月供增加，减少部分利息，但相对不合算)
庞溟建议，购房者房贷提前还款，应尽量减少本金，缩短贷款期限，使支出的利息更少。（综合自一财、每经） 凤凰网财经的微博视频",9245,815,1429,北京,中国,北京
4860273003332642,风云学会陈经,5493934570,m,2023-01-21 09:00:46,"#提前还房贷缩期缩额哪个更合适#
提供一个思路，与其提前还贷，不如看看银行股股息有多高

1. 理性地说，提前还贷唯一合理的理由是不想付太多利息。假设房贷利息为零，那没人会提前还贷，手里拿着钱更好，要扣款了再还。
2. 那么，如果用提前还贷的钱，挣的钱超过房贷付的利息，那也没必要提前还。例如存定期，有3%的利息收入。可惜，这业务就是银行开的，房贷利息肯定比定期利息高。
3. 但是，如果去看看银行股票的分红，居然真可能比房贷利息高了！港股银行股有些分红率就高于房贷利息。
4. 我不是说让人去炒股，这肯定不能做，容易心态坏了变赌博。但是如果心态稳定，用投资的心理来考虑股票，忘掉股价波动，那还是可以琢磨出一些道理的。如果自控能力强（都考虑提前还贷了，自控能力和挣钱能力应该相对好），可以看看买入高分红的稳定的国家背景的银行股，是不是更好的选择。如果能开港股通，会发现高息分红的股不少。
5. 这有个时机问题，就是要低位买入，所以需要耐心，等待高分红率出现，买入多半结果不错。如果有这个耐心，就如一两个月前，真有这个好机会。
6. 也许，有钱还是提前还贷算了。但是如果人们同时还是不愿意放弃炒股，可以考虑这个原理，买有稳定分红能力、绝对不会倒掉的股。如果稀里糊涂不知道买股的投资理由，长期来说还是退出股市为好。",117,40,40,深圳,中国,广东
4860272902671404,哈利宝舵主,2553177023,m,2023-01-21 09:00:22,"#多地已阶段性取消首套房贷款利率下限##提前还贷究竟可以省多少钱##提前还房贷缩期缩额哪个更合适#早，铁铁们！ 关于这个问题，你要考虑两点:

第一点，手里的现金投资在其他地方，每年获取的收益率是多少？你的贷款利率是多少？两者相比，就知道提前还款合不合适啦。

第二点，如果决定提前还贷，应该提前还本金、将相同本息更改为相同本金模式、缩短贷款期限。

Get了嘛？",152,85,39,辽阳,中国,辽宁
4860267194746486,贺小泡,1733051105,m,2023-01-21 08:37:41,"#提前还房贷缩期缩额哪个更合适#
银行提供五种提前还款方式，最合适的方式由优到次依次排序，你可记清楚：
1、全部提前还款，即客户将剩余的全部贷款一次性还清。(不用还利息，但已付的利息不退)；
2、部分提前还款，剩余的贷款保持每月还款额不变，将还款期限缩短。(节省利息较多)；
3、部分提前还款，剩余的贷款将每月还款额减少，同时将还款期限缩短。(节省利息较多)；
4、部分提前还款，剩余的贷款将每月还款额减少，保持还款期限不变。(减小月供负担，但节省程度低于第二种)；
5、剩余贷款保持总本金不变，只将还款期限缩短。(月供增加，减少部分利息，但相对不合算)

建议：购房者房贷提前还款，应尽量减少本金，缩短贷款期限，使支出的利息更少。根据自身情况，选择以上五种最适合自己的方式即可。",167,14,80,德州,中国,山东
4860279223222647,小汤圆的美妈,1979899604,f,2023-01-21 09:25:28,#提前还房贷缩期缩额哪个更合适#要看周期的，对有一定经济学基础的朋友来说，在向上的周期，提钱还房贷没什么意义。,177,24,2,,中国,江苏
4860281803771030,叶艾茂,1742482691,m,2023-01-21 09:35:44,"我说点个人的理解，在条件允许的情况下，年轻人还是尽量多贷款，因为现在利息低，资金成本低；提前还贷是中老年人的选择，是权衡存款利率、理财收益和贷款利率后的选择，是守成。再说了，现在想提前还贷得排队，得排半年！
#提前还房贷缩期缩额哪个更合适##提前还贷究竟可以省多少钱##多地已阶段性取消首套房贷款利率下限#",26,15,0,杭州,中国,浙江
4860250592903826,Rani不时尚,5393309507,f,2023-01-21 07:31:43,#提前还房贷缩期缩额哪个更合适# 我去银行办理提前还款，银行默认的还款方式都是月供减少，而缩短年限需要行长签字批准才行，就冲这复杂的手续，怎么也要选缩短年限！,376,83,20,,中国,河北
4860265143992635,曦阳思慕,1609962335,m,2023-01-21 08:29:32,#提前还房贷缩期缩额哪个更合适##提前还贷究竟可以省多少钱##多地已阶段性取消首套房贷款利率下限# 提前还房贷的技巧，20秒给你一个省20万房贷利息的答案~ 曦阳思慕的微博视频,74,12,56,乐东,中国,海南
4860272500277659,喝红茶的三叔,2611641261,m,2023-01-21 08:58:46,#提前还房贷缩期缩额哪个更合适# 记得18～19年，很多大V都在说，房贷是普通人能享受的福利。2年过去了，为啥你不想享受这个福利，还不允许？（提前还贷很难） 早总结过了，如下图，长期持有而不是短炒房的人，是经济活动最可爱的人。 先申明，我从前年（21底）开始，也不想当这个可爱的人，还被骂。,51,16,10,金华,中国,浙江
4860263754629679,舆情探长,5132656758,m,2023-01-21 08:24:01,不用想这么多，银行早就帮你算好了，肯定是提前还房贷更合适。否则银行也不会对提前还贷设置比如违约金、年限等门槛了。 作为单次零和博弈，凡是交易对手反对的，你尽管支持就行了。 #提前还房贷缩期缩额哪个更合适#,41,10,8,保定,中国,河北
4860273393407151,毒科技,1788441355,m,2023-01-21 09:02:19,"#提前还房贷缩期缩额哪个更合适# 很多银行都没有可供选择的选项，为了多赚你的利息，默认就是缩额。

所以，从实际来看缩期更划算，但缩额的体感更明显，相对于庞大的贷款，月供才是实实在在影响到日常生活。

不过，这几年大部分人过得都不容易，别提提前还房贷了，能按时还贷就已经够不错了，断贷的也不少。",79,65,18,烟台,中国,山东
4859998523887833,头条新闻,1618051664,f,2023-01-20 14:50:05,【#为何会出现提前还贷潮#？提前还贷可以省多少钱？】2023年初，对于年终奖到账、存款渐丰的老百姓，“提前还房贷”再度成为一种选择。不过不少人注意到，部分银行提前还房贷的门槛悄然提升了，或是提前预约、或是还款额度受限、或是限制还款名额、或是需要收取违约金等，全国多地的不少购房者都面临着提前还款难。即便成功预约，部分购房者还款也还要排队四个月。还贷潮为何在春节前涌现？提前还贷可以省下多少钱？#提前还房贷缩期缩额哪个更合适# 春节前现“提前还贷”高潮，有银行关闭线上预约，购房者：要排4个月,78,21,19,北京,中国,北京
4860302274859592,Tracyzh130,1865885344,f,2023-01-21 10:57:05,#提前还房贷缩期缩额哪个更合适#除夕以为是会被祝福短信叫醒，结果是贷款还款成功的短信叫醒缩额也挺好，至少每个月的压力小了很多～,0,2,0,上海,中国,上海
4860282998358863,有事问彭叔,7096055033,m,2023-01-21 09:40:29,"在2008年的时候，全国人均居住面积是30.6平方米，2021年是41平方米。
人口自然增长率，2008年的时候还是5.08%，2021年是0.34%。
居民杠杆率2008年是17.9%，2021年是62.2%。
城镇化率2008年是46.99%，2021年已经超过65%。
客观情况就是这样，你说这次把全国房价再次炒的翻一倍，和之前一样，可能性多大？
救楼市不代表要救房价。
救楼市只要新房能交付，别烂尾，房企别短时间大面积倒闭就行了，可是要把房价炒高一倍，那代价就不一样了。
如果说房价无法大涨了，提前还贷会更划算。
毕竟贷款买房，变相的就是透支未来的钱放到现在用，如果说房价能大涨，那么你透支就算是投资，但如果说房价不大涨，你的透支，就真的是透支了。

#提前还房贷缩期缩额哪个更合适#",12,4,4,榆林,中国,陕西
4860301134529915,唧唧如意令,1853201257,m,2023-01-21 10:52:33,#提前还房贷缩期缩额哪个更合适#悲哀，辛辛苦苦赚点钱，一半都在还利息,0,0,0,大连,中国,辽宁
4860300513775441,简单的快乐的妈,1110634217,f,2023-01-21 10:50:05,#提前还房贷缩期缩额哪个更合适#别催了，过完年就去还掉。,0,0,0,乌鲁木齐,中国,新疆
4860298651766124,方脑壳邓铂鋆,1156281873,m,2023-01-21 10:42:41,"#多地已阶段性取消首套房贷款利率下限#大过年的，这个tag和#提前还房贷缩期缩额哪个更合适#上了热搜，有兴趣的朋友可以分析一下意图。去年双十一、双十二，我紧跟形势花了一万一。从实用效果和心理安慰看，这钱花的很值。我同时期用医保卡买的药一点都没吃。这说明紧跟形势还是有好处的。
降低首套房门槛，说明地产业还是很迫切的想把自己的杠杠转嫁到居民（消费者）身上。现在大家愿意交出自己的现金积蓄并把自己未来多年的收入锁定给房贷么？当然不愿意。但是确实有住房需求怎么办？当然是看看房地产商有没有充分的诚意。

我认识的一位房地产专家曾经写文章说，本地商品住宅不含精装修的成本3811元/平米，最顶级的豪宅不过是上浮六百块，包括代建学校什么的。

这个成本在全国各地差别不大，不是说顶级豪宅就能多用几根钢筋之类。建筑业本质上也是工业化大生产的一部分，随着技术的进步，“产品”生产过程中质量和成本都会趋同化。

在“3811元/平方米”的基础上，再加上土地成本，大家很容易就能根据小区容积率算出每平方米商品房的土地成本“楼面价”。

开发商请我们接盘，要有求人办事的诚意。这诚意就体现在价格上，说别的都是虚的。

提前换房贷也是这个道理。如果我们想提前还贷，银行的条件很苛刻，说明银行不急于收回这些贷款，因为现在没有比房贷更好的业务。反之，说明银行需要资金。

毕竟现在是浮动汇率，提前还贷跟银行对未来利率的判断关系不大。#微博新知博主#",6,2,1,济南,中国,山东
4860298558966409,晓旋枫,2726979110,m,2023-01-21 10:42:19,"#提前还贷究竟可以省多少钱##提前还房贷缩期缩额哪个更合适#
大年三十，竟然有房市热搜，实属无厘头！
房子连除夕也不放过啊！",5,0,0,石家庄,中国,河北
4860297947120049,梦里不知亦是梦,2386323564,f,2023-01-21 10:39:52,"#提前还房贷缩期缩额哪个更合适#
有谁知道，工商银行房贷，提前还款通道为什么关闭了？手机银行app里“变更贷款”banner取消了，电脑个人网银中心“提前还款”也是灰色点不了",0,0,0,武汉,中国,湖北
