wid,source,target,value,publish_time
4896888782065292,伊利达雷之怒,莫名其妙被扣帽子,343,2023-05-02 09:58:48
4897004704240622,马库斯说,莫名其妙被扣帽子,210,2023-05-02 17:39:26
4896899146711505,冬亚,莫名其妙被扣帽子,168,2023-05-02 10:39:58
4896957355004410,sunwear,莫名其妙被扣帽子,135,2023-05-02 14:31:17
4896946755994408,顾扯淡,莫名其妙被扣帽子,103,2023-05-02 13:49:09
4896923632535175,君君的旅行日记,莫名其妙被扣帽子,85,2023-05-02 12:17:17
4896989718250971,暴食症患者李舜生,莫名其妙被扣帽子,71,2023-05-02 16:39:52
4896895644733687,蘸盐,莫名其妙被扣帽子,65,2023-05-02 10:26:04
4896899649508917,新西兰冷百科孙小社,莫名其妙被扣帽子,55,2023-05-02 10:41:59
4896988782398215,stage1st宅社区,莫名其妙被扣帽子,45,2023-05-02 16:36:10
4896898127496394,蘸盐,伊利达雷之怒,151,2023-05-02 10:35:56
4897277354711116,马库斯说,马库斯说,85,2023-05-03 11:42:51
4896910291239010,卢诗翰,冬亚,68,2023-05-02 11:24:15
4896929168755768,梁斌penny,冬亚,22,2023-05-02 12:39:17
4896976275507797,来去之间,君君的旅行日记,45,2023-05-02 15:46:28
4897028738383998,宁静海的菊石君,新西兰冷百科孙小社,4,2023-05-02 19:14:55
4896906822291062,林熊猫,蘸盐,21,2023-05-02 11:10:29
4896899133342167,胡斐大侠,蘸盐,14,2023-05-02 10:39:55
4897300163334727,Zwillinge_i,蘸盐,1,2023-05-03 13:13:29
4897115882389835,杨婴,蘸盐,1,2023-05-03 01:01:12
4897377561609821,玉玉散江,马库斯说,1,2023-05-03 18:21:02
4897364734642751,薄荷糖收集器,马库斯说,1,2023-05-03 17:30:04
4897350730386423,好像本质i女,马库斯说,1,2023-05-03 16:34:25
4897336931911867,想吃烧烤想睡觉,马库斯说,1,2023-05-03 15:39:35
4896957875622012,stormcc-依然在,卢诗翰,1,2023-05-02 14:33:21
4896938958262154,桂曙光,梁斌penny,1,2023-05-02 13:18:11
4896935020593498,夏无至,梁斌penny,1,2023-05-02 13:02:31
4896999498842917,_啊D_,来去之间,2,2023-05-02 17:18:44
4897082241194279,风夜鸣蝉,宁静海的菊石君,1,2023-05-02 22:47:32
