wid,source,target,value,publish_time
4844458048492531,小熊吹奶盖fufu,TF家族-张极,89582,2022-12-08 17:37:47
4844457701414397,蛋黄酱susu,TF家族-张极,82579,2022-12-08 17:36:24
4844468395844076,共赴烟雨时,TF家族-张极,65267,2022-12-08 18:18:54
4844459978135868,涩蔻妹,TF家族-张极,52387,2022-12-08 17:45:27
4844458622850759,合法入学,TF家族-张极,28875,2022-12-08 17:40:04
4844467310564144,呜呼啦呼啦呼嘿,TF家族-张极,25835,2022-12-08 18:14:35
4844457620932274,三楼财神爷,TF家族-张极,20688,2022-12-08 17:36:05
4844460430868970,天府美姨,TF家族-张极,16225,2022-12-08 17:47:15
4844457458139205,修极秘书,TF家族-张极,12483,2022-12-08 17:35:25
4844458565179507,等等九月·,TF家族-张极,11271,2022-12-08 17:39:50
4845152968905579,小熊吹奶盖fufu,小熊吹奶盖fufu,59933,2022-12-10 15:39:09
4844458044567704,蛋黄酱susu,蛋黄酱susu,71922,2022-12-08 17:37:46
4844457957269632,挞几莓,蛋黄酱susu,9641,2022-12-08 17:37:25
4844474843539499,共赴烟雨时,共赴烟雨时,24181,2022-12-08 18:44:31
4844554912012053,涩蔻妹,涩蔻妹,18238,2022-12-09 00:02:41
4844511077343856,玑酪,涩蔻妹,5525,2022-12-08 21:08:30
4845779283611305,涩礼眠期,涩蔻妹,2223,2022-12-12 09:07:54
4844458048492531,小熊吹奶盖fufu,TF家族-张极,89582,2022-12-08 17:37:47
4844457701414397,蛋黄酱susu,TF家族-张极,82579,2022-12-08 17:36:24
4844468395844076,共赴烟雨时,TF家族-张极,65267,2022-12-08 18:18:54
4844459978135868,涩蔻妹,TF家族-张极,52387,2022-12-08 17:45:27
4844458622850759,合法入学,TF家族-张极,28875,2022-12-08 17:40:04
4844467310564144,呜呼啦呼啦呼嘿,TF家族-张极,25835,2022-12-08 18:14:35
4844457620932274,三楼财神爷,TF家族-张极,20688,2022-12-08 17:36:05
4844460430868970,天府美姨,TF家族-张极,16225,2022-12-08 17:47:15
4844457458139205,修极秘书,TF家族-张极,12483,2022-12-08 17:35:25
4844458565179507,等等九月·,TF家族-张极,11271,2022-12-08 17:39:50
4845152968905579,小熊吹奶盖fufu,小熊吹奶盖fufu,59933,2022-12-10 15:39:09
4844458044567704,蛋黄酱susu,蛋黄酱susu,71922,2022-12-08 17:37:46
4844457957269632,挞几莓,蛋黄酱susu,9641,2022-12-08 17:37:25
4844474843539499,共赴烟雨时,共赴烟雨时,24181,2022-12-08 18:44:31
4844554912012053,涩蔻妹,涩蔻妹,18238,2022-12-09 00:02:41
4844511077343856,玑酪,涩蔻妹,5525,2022-12-08 21:08:30
4845779283611305,涩礼眠期,涩蔻妹,2223,2022-12-12 09:07:54
4844458048492531,小熊吹奶盖fufu,TF家族-张极,89582,2022-12-08 17:37:47
4844457701414397,蛋黄酱susu,TF家族-张极,82579,2022-12-08 17:36:24
4844468395844076,共赴烟雨时,TF家族-张极,65267,2022-12-08 18:18:54
4844459978135868,涩蔻妹,TF家族-张极,52387,2022-12-08 17:45:27
4844458622850759,合法入学,TF家族-张极,28875,2022-12-08 17:40:04
4844467310564144,呜呼啦呼啦呼嘿,TF家族-张极,25835,2022-12-08 18:14:35
4844457620932274,三楼财神爷,TF家族-张极,20688,2022-12-08 17:36:05
4844460430868970,天府美姨,TF家族-张极,16225,2022-12-08 17:47:15
4844457458139205,修极秘书,TF家族-张极,12483,2022-12-08 17:35:25
4844458565179507,等等九月·,TF家族-张极,11271,2022-12-08 17:39:50
4845152968905579,小熊吹奶盖fufu,小熊吹奶盖fufu,59933,2022-12-10 15:39:09
4844458044567704,蛋黄酱susu,蛋黄酱susu,71922,2022-12-08 17:37:46
4844457957269632,挞几莓,蛋黄酱susu,9641,2022-12-08 17:37:25
4844474843539499,共赴烟雨时,共赴烟雨时,24181,2022-12-08 18:44:31
4844554912012053,涩蔻妹,涩蔻妹,18238,2022-12-09 00:02:41
4844511077343856,玑酪,涩蔻妹,5525,2022-12-08 21:08:30
4845779283611305,涩礼眠期,涩蔻妹,2223,2022-12-12 09:07:54
4845981348138646,三楼财神爷,三楼财神爷,144,2022-12-12 22:30:50
