source,target,value,publish_time
4821006654637591,肖战影音会官微,X玖少年团肖战DAYTOY,175434,2022-10-05 00:30:18
4821006654376571,1005号虾虾能量客栈,X玖少年团肖战DAYTOY,101669,2022-10-05 00:30:19
4821006666958466,1005号肥虾指南,X玖少年团肖战DAYTOY,79819,2022-10-05 00:30:22
4821006687932806,肖战网宣官微,X玖少年团肖战DAYTOY,55266,2022-10-05 00:30:27
4821006772605084,itsashou_,X玖少年团肖战DAYTOY,31206,2022-10-05 00:30:47
4821006672462584,你该美丽中带着刺,X玖少年团肖战DAYTOY,23533,2022-10-05 00:30:22
4821007473051646,惊世公子,X玖少年团肖战DAYTOY,22325,2022-10-05 00:33:33
4821006918880282,呆桃燚,X玖少年团肖战DAYTOY,17071,2022-10-05 00:31:22
4821006680066308,秃噜皮皮酱,X玖少年团肖战DAYTOY,15414,2022-10-05 00:30:25
4821006697630848,肖战衣橱·DayToyCloset,X玖少年团肖战DAYTOY,13188,2022-10-05 00:30:29
4821006739051447,柠檬小赞赞,肖战影音会官微,23162,2022-10-05 00:30:39
4821006767622342,肖小赞的坚果,肖战影音会官微,4527,2022-10-05 00:30:45
4821007045494378,无语洛,肖战影音会官微,2795,2022-10-05 00:31:52
4821006810349870,旖旎小桃,肖战影音会官微,2006,2022-10-05 00:30:55
4821006882180722,勇敢的兔子v,肖战影音会官微,1681,2022-10-05 00:31:13
4821007519189462,麦大星抓水母,肖战影音会官微,1550,2022-10-05 00:33:45
4821007246821555,wjq_1128,肖战影音会官微,1349,2022-10-05 00:32:40
4821013227898283,itsashou_,肖战影音会官微,1078,2022-10-05 00:56:26
4821006965805525,洛千夜LM,肖战影音会官微,990,2022-10-05 00:31:33
4821006781518015,曲中直_,肖战影音会官微,949,2022-10-05 00:30:49
4821006750848679,魇xz,1005号虾虾能量客栈,5674,2022-10-05 00:30:42
4821008558593381,二四丫,1005号虾虾能量客栈,1909,2022-10-05 00:37:53
4821012576734408,itsashou_,1005号虾虾能量客栈,1797,2022-10-05 00:53:51
4821006961609591,Daisy_小面包,1005号虾虾能量客栈,1689,2022-10-05 00:31:32
4821006781252814,晨曦丨蓝天白云,1005号虾虾能量客栈,1068,2022-10-05 00:30:48
4821006953220319,可苦可乐的77,1005号虾虾能量客栈,656,2022-10-05 00:31:30
4821007031861692,小榕树065,1005号虾虾能量客栈,625,2022-10-05 00:31:48
4821008618098771,fancy家的小嘉嘉,1005号虾虾能量客栈,614,2022-10-05 00:38:07
4821006914421678,肖染染的小兔牙,1005号虾虾能量客栈,420,2022-10-05 00:31:20
4821008126578345,冬野春生,1005号虾虾能量客栈,356,2022-10-05 00:36:10
4821006906037703,浅夏阳光ai,1005号肥虾指南,3906,2022-10-05 00:31:19
4821007171060293,一颗猪的心X,1005号肥虾指南,899,2022-10-05 00:32:21
4821007074856093,小榕树065,1005号肥虾指南,679,2022-10-05 00:31:59
4821009968139814,惊世公子,1005号肥虾指南,667,2022-10-05 00:43:29
4821006995164643,星河漫漫醉晓月,1005号肥虾指南,454,2022-10-05 00:31:40
4821010614846472,踩着梦的爬姐,1005号肥虾指南,382,2022-10-05 00:46:02
4821008157248158,冬野春生,1005号肥虾指南,270,2022-10-05 00:36:17
4821011109251996,肖战_bot,1005号肥虾指南,260,2022-10-05 00:48:01
4821010706073883,抹茶味的红豆-,1005号肥虾指南,236,2022-10-05 00:46:25
4821009699702563,给肖战暖床的喵,1005号肥虾指南,211,2022-10-05 00:42:25
4821006987036981,战若星辰霞锦动,肖战网宣官微,2172,2022-10-05 00:31:38
4821011528945095,趋光yeye,肖战网宣官微,939,2022-10-05 00:49:41
4821007484847338,OO林林7,肖战网宣官微,572,2022-10-05 00:33:36
4821007586822547,肖染染的小兔牙,肖战网宣官微,334,2022-10-05 00:34:01
4821007124923593,小榕树065,肖战网宣官微,313,2022-10-05 00:32:10
4821008181366075,冬野春生,肖战网宣官微,256,2022-10-05 00:36:23
4821009717005330,给肖战暖床的喵,肖战网宣官微,196,2022-10-05 00:42:29
4821009783330560,晨曦丨蓝天白云,肖战网宣官微,162,2022-10-05 00:42:45
4821007627719098,苜蓿XZ,肖战网宣官微,146,2022-10-05 00:34:11
4821008039543245,itsashou_,itsashou_,1562,2022-10-05 00:35:48
4821012518014148,一菜二白,itsashou_,653,2022-10-05 00:53:37
4821007075116038,一条月亮川·,itsashou_,500,2022-10-05 00:31:58
4821007468597816,洛千夜LM,itsashou_,347,2022-10-05 00:33:33
4821010707122196,踩着梦的爬姐,itsashou_,238,2022-10-05 00:46:25
4821007283786632,铁柱呀·DAYTOY,itsashou_,174,2022-10-05 00:32:49
4821007183907339,拥抱月亮的星呀星,itsashou_,163,2022-10-05 00:32:25
4821009469279042,毕竟只是个凡人,itsashou_,125,2022-10-05 00:41:30
4821007939142733,王小兎baby,itsashou_,106,2022-10-05 00:35:24
4821008105865573,__李小抽一起抽__,itsashou_,82,2022-10-05 00:36:04
4821010471456728,你该美丽中带着刺,你该美丽中带着刺,1181,2022-10-05 00:45:29
4821006865141964,快乐的松鼠星人,你该美丽中带着刺,549,2022-10-05 00:31:09
4821013110456550,踩着梦的爬姐,你该美丽中带着刺,102,2022-10-05 00:55:57
4821007997602895,惊世公子,惊世公子,1203,2022-10-05 00:35:39
4821013155548914,踩着梦的爬姐,惊世公子,140,2022-10-05 00:56:09
4821012828389842,偷凉_,呆桃燚,132,2022-10-05 00:54:50
4821013290550974,踩着梦的爬姐,呆桃燚,121,2022-10-05 00:56:40
4821010735957684,秃噜皮皮酱,秃噜皮皮酱,545,2022-10-05 00:46:32
4821007297413944,拥抱月亮的星呀星,秃噜皮皮酱,301,2022-10-05 00:32:51
4821013135098385,偷凉_,秃噜皮皮酱,75,2022-10-05 00:56:03
4821008592666742,深茶Daisy,肖战衣橱·DayToyCloset,371,2022-10-05 00:38:00
4821009620535141,葡萄肖肖,肖战衣橱·DayToyCloset,122,2022-10-05 00:42:06
4821007070924999,千叶幻灵h,柠檬小赞赞,13621,2022-10-05 00:31:58
4821007258356612,拥抱盛阳想时影,柠檬小赞赞,838,2022-10-05 00:32:43
4821007250755936,半面庄152,柠檬小赞赞,395,2022-10-05 00:32:41
4821007103429297,兔牙啃坚果,柠檬小赞赞,320,2022-10-05 00:32:06
4821007384710502,聖光518,肖小赞的坚果,621,2022-10-05 00:33:13
4821012963656232,人类高质量微博网友,肖小赞的坚果,41,2022-10-05 00:55:22
4821007653670556,拔萝卜的twotwo,无语洛,279,2022-10-05 00:34:17
4821013210599431,晨曦丨蓝天白云,无语洛,37,2022-10-05 00:56:22
4821007342502991,旖旎小桃,旖旎小桃,170,2022-10-05 00:33:03
4821007627980734,NANA的DNA,wjq_1128,937,2022-10-05 00:34:11
4821013503675548,王小兎baby,itsashou_,40,2022-10-05 00:57:32
4821010148758152,曲中直_,曲中直_,70,2022-10-05 00:44:12
4821006919928761,酥酥脆脆小面包呢,曲中直_,42,2022-10-05 00:31:22
4821008148857380,桃哩桃気,魇xz,2822,2022-10-05 00:36:14
4821007460991701,找不到属于自己的id,魇xz,165,2022-10-05 00:33:30
4821009381720120,萌九月真可爱,二四丫,732,2022-10-05 00:41:08
4821009532191603,笑彧水函,二四丫,218,2022-10-05 00:41:44
4821010160813018,再见or雪公主,二四丫,109,2022-10-05 00:44:14
4821011802096879,晚街听风ZX77,Daisy_小面包,119,2022-10-05 00:50:45
4821007632433300,最幸运的77,可苦可乐的77,18,2022-10-05 00:34:11
4821008328429183,Elaine艳儿,浅夏阳光ai,1644,2022-10-05 00:36:58
4821009489989765,偷偷吻痣·,战若星辰霞锦动,717,2022-10-05 00:41:35
4821008651388597,牛奶榴莲小布丁,itsashou_,608,2022-10-05 00:38:15
4821008332620132,__李小抽一起抽__,itsashou_,81,2022-10-05 00:36:58
4821133049991150,始于你衷于你1005,一菜二白,7,2022-10-05 08:52:34
4821009562077789,我本善凉,一条月亮川·,86,2022-10-05 00:41:52
4821123214608772,余筌小白,洛千夜LM,4,2022-10-05 08:13:29
4821123248424518,余筌小白,踩着梦的爬姐,4,2022-10-05 08:13:37
4821012493894440,你该美丽中带着刺,你该美丽中带着刺,617,2022-10-05 00:53:30
4821181040954346,潘达捏,快乐的松鼠星人,4,2022-10-05 12:03:16
4821008379546206,再见or雪公主,惊世公子,249,2022-10-05 00:37:10
4821032911504874,最爱哥哥白月光,偷凉_,4,2022-10-05 02:14:39
4821017035538821,初雪之诺,偷凉_,5,2022-10-05 01:11:33
4821016658576457,北极没有烟火,偷凉_,6,2022-10-05 01:10:03
4821016361043068,战小月1005,偷凉_,7,2022-10-05 01:08:53
4821015005760279,Sean潇筱,偷凉_,8,2022-10-05 01:03:30
4821133171362589,始于你衷于你1005,踩着梦的爬姐,6,2022-10-05 08:53:03
4821540438541335,是玖月DAYTOY,秃噜皮皮酱,4,2022-10-06 11:51:22
4821223978043949,用户7505358783,秃噜皮皮酱,6,2022-10-05 14:53:52
4821133125749928,始于你衷于你1005,偷凉_,6,2022-10-05 08:52:52
4821072383312097,纪红玥,深茶Daisy,5,2022-10-05 04:51:30
