mid,source,target,value,publish_time
4860289231094057,肖战影音会官微,肖战工作室,38674,2023-01-21 10:05:14
4860289378163066,1005号肥虾指南,肖战工作室,22529,2023-01-21 10:05:50
4860289297678990,肖战网宣官微,肖战工作室,15566,2023-01-21 10:05:30
4860289369508795,兔毛护理手册,肖战工作室,9996,2023-01-21 10:05:48
4860290270759397,1005号虾虾能量客栈,肖战工作室,9841,2023-01-21 10:09:23
4860289495074161,肖战1005号安利筒,肖战工作室,8531,2023-01-21 10:06:18
4860290129461390,惊世公子,肖战工作室,4662,2023-01-21 10:08:48
4860289461782843,Nana_1005,肖战工作室,1885,2023-01-21 10:06:10
4860289558516497,呆桃燚,肖战工作室,1802,2023-01-21 10:06:33
4860289688273696,你别说梦想遥不可及,肖战工作室,1338,2023-01-21 10:07:03
4860289306596387,肖小赞的坚果,肖战影音会官微,3889,2023-01-21 10:05:33
4860290120287351,无语洛,肖战影音会官微,918,2023-01-21 10:08:47
4860289561921958,惹我老公你就死定了,肖战影音会官微,700,2023-01-21 10:06:34
4860290137592486,肖肖-静静,肖战影音会官微,423,2023-01-21 10:08:51
4860292859693045,wjq_1128,肖战影音会官微,324,2023-01-21 10:19:40
4860293778250175,半糖甜岛,肖战影音会官微,298,2023-01-21 10:23:19
4860290866348696,手捧星光送你,肖战影音会官微,231,2023-01-21 10:11:44
4860289889079985,ChoiMacchiato,肖战影音会官微,140,2023-01-21 10:07:52
4860298299183843,沫沫ZC33,肖战影音会官微,129,2023-01-21 10:41:17
4860369397613441,微雨濛濛,肖战影音会官微,88,2023-01-21 15:23:48
4861214045250089,战兔仰慕者,肖战影音会官微,2,2023-01-23 23:20:08
4861213152123776,爱兔联盟一号卫,肖战影音会官微,3,2023-01-23 23:16:35
4861208878910043,猋猋大队长,肖战影音会官微,5,2023-01-23 22:59:35
4860290325547292,浅夏阳光ai,1005号肥虾指南,1491,2023-01-21 10:09:36
4860306436917714,勇敢的兔子v,1005号肥虾指南,396,2023-01-21 11:13:37
4860290443251707,Nana_1005,1005号肥虾指南,263,2023-01-21 10:10:04
4860301034129597,一菜二白,1005号肥虾指南,186,2023-01-21 10:52:09
4860291005812548,肖肖-静静,1005号肥虾指南,109,2023-01-21 10:12:18
4860291630504078,磕颜日志,1005号肥虾指南,104,2023-01-21 10:14:47
4860290489653622,肖染染的小兔牙,1005号肥虾指南,99,2023-01-21 10:10:15
4860322072499815,提拉米苏配剧丶,1005号肥虾指南,88,2023-01-21 12:15:45
4860291915976169,萌九月真可爱,1005号肥虾指南,75,2023-01-21 10:15:55
4860300866617842,肖肖雅楠,1005号肥虾指南,66,2023-01-21 10:51:28
4861214078797499,战兔仰慕者,1005号肥虾指南,2,2023-01-23 23:20:16
4861213172832705,爱兔联盟一号卫,1005号肥虾指南,3,2023-01-23 23:16:40
4861208898830947,猋猋大队长,1005号肥虾指南,5,2023-01-23 22:59:40
4860291177775717,肖肖-静静,肖战网宣官微,596,2023-01-21 10:12:58
4860292574482552,可苦可乐的77,肖战网宣官微,137,2023-01-21 10:18:32
4860304058222981,李美美诶,肖战网宣官微,123,2023-01-21 11:04:10
4860291454599961,肖染染的小兔牙,肖战网宣官微,99,2023-01-21 10:14:04
4860290455836697,肖染染的小兔牙,兔毛护理手册,439,2023-01-21 10:10:07
4860293559621414,可苦可乐的77,1005号虾虾能量客栈,399,2023-01-21 10:22:27
4860291119056999,肖肖-静静,1005号虾虾能量客栈,162,2023-01-21 10:12:45
4860291509393623,肖染染的小兔牙,1005号虾虾能量客栈,85,2023-01-21 10:14:18
4860307589040019,小红花的幸福生活,1005号虾虾能量客栈,26,2023-01-21 11:18:11
4861214096102607,战兔仰慕者,1005号虾虾能量客栈,2,2023-01-23 23:20:20
4861213194585948,爱兔联盟一号卫,1005号虾虾能量客栈,3,2023-01-23 23:16:44
4861208924520836,猋猋大队长,1005号虾虾能量客栈,5,2023-01-23 22:59:46
4860291425239080,惊世公子,肖战1005号安利筒,781,2023-01-21 10:13:57
4860338158437166,Selamm初心,肖战1005号安利筒,304,2023-01-21 13:19:39
4860290711164930,lisa爱桃桃,肖战1005号安利筒,149,2023-01-21 10:11:08
4860291479505027,肖染染的小兔牙,肖战1005号安利筒,59,2023-01-21 10:14:11
4860290204964463,梦曦豆豆,肖战1005号安利筒,42,2023-01-21 10:09:07
4860338681682618,Selamm初心,惊世公子,338,2023-01-21 13:21:45
4860292170777603,肖肖-静静,惊世公子,62,2023-01-21 10:16:55
4860293761468898,断舍离自难忘,Nana_1005,41,2023-01-21 10:23:15
4860302707654748,萤萤火之森林,Nana_1005,19,2023-01-21 10:58:47
4860315685359086,时影见到的第一个女人,Nana_1005,17,2023-01-21 11:50:22
4860290115573411,葛葛开心,肖小赞的坚果,2287,2023-01-21 10:08:46
4860973968786841,蜜豆豆沙,肖小赞的坚果,2,2023-01-23 07:26:09
4860810389889124,丽莉斯_旺,无语洛,1,2023-01-22 20:36:09
4860610930540727,随白桃心,无语洛,1,2023-01-22 07:23:33
4860485344957219,凌枫静心_d,惹我老公你就死定了,1,2023-01-21 23:04:32
4860481950980685,凌枫静心2020,惹我老公你就死定了,1,2023-01-21 22:51:03
4860481572975355,白鱼yuzq2009,肖肖-静静,1,2023-01-21 22:49:33
4860761169728917,戛娃央宗,半糖甜岛,1,2023-01-22 17:20:34
4860486825545509,扯扯就是我,半糖甜岛,1,2023-01-21 23:10:25
4860733714075074,MissLiu_1005,手捧星光送你,1,2023-01-22 15:31:28
4860309132545412,门门好成绩,ChoiMacchiato,27,2023-01-21 11:24:20
4860488305872987,重庆大辣椒123,ChoiMacchiato,1,2023-01-21 23:16:18
4860443632346875,暮春浅夏_,ChoiMacchiato,1,2023-01-21 20:18:47
4860443098875521,暮春浅夏_,ChoiMacchiato,2,2023-01-21 20:16:39
4860443665629615,暮春浅夏_,沫沫ZC33,1,2023-01-21 20:18:54
4860443254069448,暮春浅夏_,沫沫ZC33,2,2023-01-21 20:17:17
4860426229648030,纪红玥,沫沫ZC33,2,2023-01-21 19:09:38
4860443653048544,暮春浅夏_,微雨濛濛,1,2023-01-21 20:18:51
4860443146065022,暮春浅夏_,微雨濛濛,2,2023-01-21 20:16:51
4861215380344333,终生爱兔人士,战兔仰慕者,1,2023-01-23 23:25:26
4861215380344333,终生爱兔人士,爱兔联盟一号卫,1,2023-01-23 23:25:26
4861214045250089,战兔仰慕者,爱兔联盟一号卫,2,2023-01-23 23:20:08
4861215380344333,终生爱兔人士,猋猋大队长,1,2023-01-23 23:25:26
4861214045250089,战兔仰慕者,猋猋大队长,2,2023-01-23 23:20:08
4861213152123776,爱兔联盟一号卫,猋猋大队长,3,2023-01-23 23:16:35
4860298650979365,甜橙小娜,浅夏阳光ai,702,2023-01-21 10:42:41
4860511030349180,曼什么基什么康什么,浅夏阳光ai,1,2023-01-22 00:46:36
4860509537704035,钟灵毓秀地下室,浅夏阳光ai,1,2023-01-22 00:40:40
4860506773395532,盛阳是我的小哥哥,浅夏阳光ai,1,2023-01-22 00:29:41
4860506575742469,乌瑟尔小破孩,浅夏阳光ai,2,2023-01-22 00:28:54
4860488092227933,CY酱的孤独狗5R,勇敢的兔子v,1,2023-01-21 23:15:27
4860480382317514,红玥ricky,勇敢的兔子v,2,2023-01-21 22:44:49
4860495024622102,橙花兔子sean,一菜二白,1,2023-01-21 23:42:59
4860476397200746,那年的光1221,一菜二白,2,2023-01-21 22:28:59
4860442055549644,安霓789,肖肖-静静,1,2023-01-21 20:12:31
4860426330048406,纪红玥,肖肖-静静,2,2023-01-21 19:10:02
4860391321244373,窗外梧桐发新芽,肖肖-静静,4,2023-01-21 16:50:55
4860431107890448,夜未央yez,磕颜日志,2,2023-01-21 19:29:01
4860430860158185,这样相爱U,磕颜日志,3,2023-01-21 19:28:01
4860426343160638,纪红玥,磕颜日志,2,2023-01-21 19:10:05
4860426359935186,纪红玥,肖染染的小兔牙,2,2023-01-21 19:10:09
4860391342217934,窗外梧桐发新芽,肖染染的小兔牙,2,2023-01-21 16:51:00
4860431019017491,夜未央yez,提拉米苏配剧丶,1,2023-01-21 19:28:39
4860430885061644,这样相爱U,提拉米苏配剧丶,2,2023-01-21 19:28:07
4860426372255530,纪红玥,提拉米苏配剧丶,2,2023-01-21 19:10:12
4860397091818180,我心我主CAO,提拉米苏配剧丶,1,2023-01-21 17:13:51
4860495092525173,橙花兔子sean,萌九月真可爱,1,2023-01-21 23:43:16
4860391354010187,窗外梧桐发新芽,萌九月真可爱,2,2023-01-21 16:51:03
4860495109033070,橙花兔子sean,肖肖雅楠,1,2023-01-21 23:43:20
4860426389819823,纪红玥,肖肖雅楠,2,2023-01-21 19:10:16
4860395351710428,白茶柠檬兔,肖肖雅楠,1,2023-01-21 17:06:56
4860391375771903,窗外梧桐发新芽,肖肖雅楠,2,2023-01-21 16:51:08
4861215400002094,终生爱兔人士,战兔仰慕者,1,2023-01-23 23:25:30
4861215400002094,终生爱兔人士,爱兔联盟一号卫,1,2023-01-23 23:25:30
4861214078797499,战兔仰慕者,爱兔联盟一号卫,2,2023-01-23 23:20:16
4861215400002094,终生爱兔人士,猋猋大队长,1,2023-01-23 23:25:30
4861214078797499,战兔仰慕者,猋猋大队长,2,2023-01-23 23:20:16
4861213172832705,爱兔联盟一号卫,猋猋大队长,3,2023-01-23 23:16:40
4860809723253274,钟灵毓秀地下室,肖肖-静静,1,2023-01-22 20:33:30
4860530794168648,姊妹报,肖肖-静静,1,2023-01-22 02:05:07
4860523096572611,磊落的野心家865,肖肖-静静,1,2023-01-22 01:34:32
4860519335331967,章先生家的安修,肖肖-静静,9,2023-01-22 01:19:36
4860497802040428,lily99996666,肖肖-静静,1,2023-01-21 23:54:02
4860487949102385,呆桃赞的77,可苦可乐的77,2,2023-01-21 23:14:53
4860456839684891,取个昵称总是不能使用,可苦可乐的77,1,2023-01-21 21:11:16
4860397428148711,我心我主CAO,可苦可乐的77,1,2023-01-21 17:15:10
4860479057173939,用户7531489840,李美美诶,1,2023-01-21 22:39:33
4860452033535483,尚好的青春xz,李美美诶,3,2023-01-21 20:52:10
4860453740612345,墨染曦1005,肖染染的小兔牙,1,2023-01-21 20:58:57
4860426468994403,纪红玥,肖染染的小兔牙,2,2023-01-21 19:10:35
4860397709168614,我心我主CAO,肖染染的小兔牙,1,2023-01-21 17:16:18
4860395137795521,取个名字想到半夜,肖染染的小兔牙,1,2023-01-21 17:06:04
4860358881184190,雯子007728,肖染染的小兔牙,71,2023-01-21 14:42:01
4860335826145798,七月你好888,肖染染的小兔牙,13,2023-01-21 13:10:24
4860498510087891,胡萝卜不是萝卜zz,肖染染的小兔牙,1,2023-01-21 23:56:50
4860497780015216,lily99996666,肖染染的小兔牙,2,2023-01-21 23:53:56
4860496090764838,为战而来1005_XZ,肖染染的小兔牙,2,2023-01-21 23:47:14
4860494689344255,和美时光,肖染染的小兔牙,2,2023-01-21 23:41:40
4860494467303764,安娜战战的小飞侠,肖染染的小兔牙,3,2023-01-21 23:40:47
4860498246120512,胡萝卜不是萝卜zz,可苦可乐的77,1,2023-01-21 23:55:48
4860498003367250,清风唯战而来,可苦可乐的77,2,2023-01-21 23:54:50
4860492953426036,青青的黛色,可苦可乐的77,1,2023-01-21 23:34:46
4860485738965022,半分浅夏_,可苦可乐的77,5,2023-01-21 23:06:06
4860470076375610,人生若只如初战1005,可苦可乐的77,2,2023-01-21 22:03:51
4860463437060363,好人一生平安haoya,肖肖-静静,1,2023-01-21 21:37:29
4860435407048722,半分浅夏_,肖肖-静静,2,2023-01-21 19:46:06
4860434165270576,半分浅夏_,肖肖-静静,3,2023-01-21 19:41:09
4860426553133719,纪红玥,肖肖-静静,2,2023-01-21 19:10:55
4860395988978756,爱战1005兰草,肖肖-静静,1,2023-01-21 17:09:28
4860392460782743,为战而来xz623,肖肖-静静,3,2023-01-21 16:55:27
4860458508754015,周周有钱daytoy,肖染染的小兔牙,1,2023-01-21 21:17:54
4860435461575244,月儿弯腰123456,肖染染的小兔牙,1,2023-01-21 19:46:19
4860435393937866,半分浅夏_,肖染染的小兔牙,3,2023-01-21 19:46:02
4860434111271853,半分浅夏_,肖染染的小兔牙,4,2023-01-21 19:40:57
4860395426940797,伊人枭赞,肖染染的小兔牙,1,2023-01-21 17:07:14
4860465353590808,明月在dyl,小红花的幸福生活,1,2023-01-21 21:45:05
4861215421766941,终生爱兔人士,战兔仰慕者,1,2023-01-23 23:25:36
4861215421766941,终生爱兔人士,爱兔联盟一号卫,1,2023-01-23 23:25:36
4861214096102607,战兔仰慕者,爱兔联盟一号卫,2,2023-01-23 23:20:20
4861215421766941,终生爱兔人士,猋猋大队长,1,2023-01-23 23:25:36
4861214096102607,战兔仰慕者,猋猋大队长,2,2023-01-23 23:20:20
4861213194585948,爱兔联盟一号卫,猋猋大队长,3,2023-01-23 23:16:44
4860304092300122,利安_212,惊世公子,175,2023-01-21 11:04:17
4860305118856082,雯子007728,惊世公子,146,2023-01-21 11:08:22
4860291664055679,jessie韫,惊世公子,35,2023-01-21 10:14:55
4860495306170851,冰粉凉虾小火锅_,惊世公子,1,2023-01-21 23:44:07
4860472542892769,被锤死在坑底,惊世公子,1,2023-01-21 22:13:40
4860468315293914,冬至莫离1005,惊世公子,2,2023-01-21 21:56:51
4860466554472445,青色83443,惊世公子,3,2023-01-21 21:49:51
4860518025661418,随风飞扬xyw,Selamm初心,1,2023-01-22 01:14:24
4860517279598628,用户7433355651,Selamm初心,2,2023-01-22 01:11:26
4860398685651197,我心我主CAO,Selamm初心,1,2023-01-21 17:20:10
4860386061584075,时间遗忘的角落里,Selamm初心,3,2023-01-21 16:30:01
4860385527858794,愉快地呼吸,Selamm初心,3,2023-01-21 16:27:54
4860427076370831,风定犹舞95535,lisa爱桃桃,1,2023-01-21 19:12:59
4860373423098835,飞羽重千,lisa爱桃桃,1,2023-01-21 15:39:48
4860330553117190,我是小耗啊,lisa爱桃桃,1,2023-01-21 12:49:27
4860426616314505,纪红玥,肖染染的小兔牙,4,2023-01-21 19:11:10
4860398882522961,我心我主CAO,肖染染的小兔牙,1,2023-01-21 17:20:57
4860393471872677,xuhong202004,肖染染的小兔牙,1,2023-01-21 16:59:28
4860366112424829,秦时明月qinsmoon,肖染染的小兔牙,2,2023-01-21 15:10:44
