{"categories": [{"name": "\u7c7b\u76ee0"}, {"name": "\u7c7b\u76ee1"}, {"name": "\u7c7b\u76ee2"}, {"name": "\u7c7b\u76ee3"}, {"name": "\u7c7b\u76ee4"}, {"name": "\u7c7b\u76ee5"}, {"name": "\u7c7b\u76ee6"}, {"name": "\u7c7b\u76ee7"}, {"name": "\u7c7b\u76ee8"}], "nodes": [{"id": 1, "name": "\u8521\u5f90\u5764\u7c89\u4e1d\u56e2\u5b98\u5fae", "symbolSize": 15, "label": {"normal": {"show": true}}, "category": 2}, {"id": 2, "name": "\u8521\u5f90\u5764", "symbolSize": 15, "label": {"normal": {"show": true}}, "category": 4}, {"id": 3, "name": "\u8521\u5f90\u5764\u00b7KUNMMT", "symbolSize": 15, "label": {"normal": {"show": true}}, "category": 6}, {"id": 4, "name": "\u597d\u6b21\u7684\u8106\u76ae\u7126\u7cd6\u6155\u65af\u732a", "symbolSize": 15, "label": {"normal": {"show": true}}, "category": 6}, {"id": 5, "name": "\u8521\u5f90\u576482\u53f7\u55b5\u661f\u7403", "symbolSize": 15, "label": {"normal": {"show": true}}, "category": 1}, {"id": 6, "name": "\u8521\u5f90\u5764\u5168\u7403\u7c89\u4e1d\u540e\u63f4\u4f1a", "symbolSize": 15, "label": {"normal": {"show": true}}, "category": 0}, {"id": 7, "name": "\u98ce\u6708\u7686\u68a62011", "symbolSize": 15, "label": {"normal": {"show": true}}, "category": 4}, {"id": 8, "name": "No_Pretending", "symbolSize": 15, "label": {"normal": {"show": true}}, "category": 3}, {"id": 9, "name": "\u58a8\u8a00\u8981\u597d\u8fd0\u66b4\u5bcc", "symbolSize": 15, "label": {"normal": {"show": true}}, "category": 6}, {"id": 10, "name": "August_fok", "symbolSize": 15, "label": {"normal": {"show": true}}, "category": 5}, {"id": 11, "name": "\u7cd6\u7403\u6ce1\u8521Elaine_K", "symbolSize": 15, "label": {"normal": {"show": true}}, "category": 1}, {"id": 12, "name": "ikun\u7fe9\u7fe9", "symbolSize": 15, "label": {"normal": {"show": true}}, "category": 4}, {"id": 13, "name": "\u8521\u5f90\u5764\u5de5\u4f5c\u5ba4", "symbolSize": 15, "label": {"normal": {"show": true}}, "category": 4}, {"id": 14, "name": "kun-officialclub", "symbolSize": 15, "label": {"normal": {"show": true}}, "category": 5}, {"id": 15, "name": "\u8521\u00b7\u5e74\u7eaa\u8f7b\u8f7b\u00b7\u7edd\u4e0d\u00b7\u8499\u7740\u773c\u00b7\u5f90\u5764", "symbolSize": 15, "label": {"normal": {"show": true}}, "category": 4}, {"id": 16, "name": "\u732a\u54aa\u724c\u5bbd\u7c89", "symbolSize": 15, "label": {"normal": {"show": true}}, "category": 2}, {"id": 17, "name": "\u75af\u4e86\u6210\u5996\u7ee7\u7eed\u71e5", "symbolSize": 15, "label": {"normal": {"show": true}}, "category": 4}, {"id": 18, "name": "\u5764\u56fd\u7b2c\u4e00\u4fdd\u5b89\u5927\u961f\u961f\u957f\u7403", "symbolSize": 15, "label": {"normal": {"show": true}}, "category": 3}], "links": [{"source": 1, "target": 2, "time": "2023-01-24 21:56:39"}, {"source": 3, "target": 2, "time": "2023-01-24 21:57:48"}, {"source": 4, "target": 2, "time": "2023-01-24 21:58:19"}, {"source": 5, "target": 1, "time": "2023-01-24 21:58:55"}, {"source": 6, "target": 2, "time": "2023-01-24 22:01:01"}, {"source": 7, "target": 1, "time": "2023-01-24 22:02:40"}, {"source": 8, "target": 1, "time": "2023-01-24 22:04:01"}, {"source": 9, "target": 1, "time": "2023-01-24 22:04:25"}, {"source": 10, "target": 1, "time": "2023-01-24 22:04:50"}, {"source": 11, "target": 1, "time": "2023-01-24 22:04:50"}, {"source": 12, "target": 2, "time": "2023-01-24 22:04:58"}, {"source": 13, "target": 2, "time": "2023-01-24 22:05:02"}, {"source": 14, "target": 2, "time": "2023-01-24 22:12:01"}, {"source": 15, "target": 3, "time": "2023-01-24 22:29:46"}, {"source": 16, "target": 3, "time": "2023-01-24 22:34:58"}, {"source": 5, "target": 2, "time": "2023-01-24 23:48:22"}, {"source": 8, "target": 5, "time": "2023-01-24 23:49:29"}, {"source": 17, "target": 5, "time": "2023-01-24 23:51:28"}, {"source": 7, "target": 5, "time": "2023-01-25 00:52:19"}, {"source": 18, "target": 3, "time": "2023-01-25 11:56:14"}, {"source": 5, "target": 5, "time": "2023-01-25 14:00:47"}]}