{"categories": [{"name": "\u7c7b\u76ee0"}, {"name": "\u7c7b\u76ee1"}, {"name": "\u7c7b\u76ee2"}, {"name": "\u7c7b\u76ee3"}, {"name": "\u7c7b\u76ee4"}, {"name": "\u7c7b\u76ee5"}, {"name": "\u7c7b\u76ee6"}, {"name": "\u7c7b\u76ee7"}, {"name": "\u7c7b\u76ee8"}], "nodes": [{"id": 1, "name": "\u4fee\u6781\u79d8\u4e66", "symbolSize": 15, "label": {"normal": {"show": true}}, "category": 1}, {"id": 2, "name": "TF\u5bb6\u65cf-\u5f20\u6781", "symbolSize": 15, "label": {"normal": {"show": true}}, "category": 1}, {"id": 3, "name": "\u4e09\u697c\u8d22\u795e\u7237", "symbolSize": 15, "label": {"normal": {"show": true}}, "category": 2}, {"id": 4, "name": "\u86cb\u9ec4\u9171susu", "symbolSize": 15, "label": {"normal": {"show": true}}, "category": 4}, {"id": 5, "name": "\u631e\u51e0\u8393", "symbolSize": 15, "label": {"normal": {"show": true}}, "category": 7}, {"id": 6, "name": "\u5c0f\u718a\u5439\u5976\u76d6fufu", "symbolSize": 15, "label": {"normal": {"show": true}}, "category": 7}, {"id": 7, "name": "\u7b49\u7b49\u4e5d\u6708\u00b7", "symbolSize": 15, "label": {"normal": {"show": true}}, "category": 4}, {"id": 8, "name": "\u5408\u6cd5\u5165\u5b66", "symbolSize": 15, "label": {"normal": {"show": true}}, "category": 3}, {"id": 9, "name": "\u6da9\u853b\u59b9", "symbolSize": 15, "label": {"normal": {"show": true}}, "category": 7}, {"id": 10, "name": "\u5929\u5e9c\u7f8e\u59e8", "symbolSize": 15, "label": {"normal": {"show": true}}, "category": 7}, {"id": 11, "name": "\u545c\u547c\u5566\u547c\u5566\u547c\u563f", "symbolSize": 15, "label": {"normal": {"show": true}}, "category": 4}, {"id": 12, "name": "\u5171\u8d74\u70df\u96e8\u65f6", "symbolSize": 15, "label": {"normal": {"show": true}}, "category": 1}, {"id": 13, "name": "\u7391\u916a", "symbolSize": 15, "label": {"normal": {"show": true}}, "category": 1}, {"id": 14, "name": "\u6da9\u793c\u7720\u671f", "symbolSize": 15, "label": {"normal": {"show": true}}, "category": 1}], "links": [{"source": 1, "target": 2, "time": "2022-12-08 17:35:25"}, {"source": 1, "target": 2, "time": "2022-12-08 17:35:25"}, {"source": 1, "target": 2, "time": "2022-12-08 17:35:25"}, {"source": 1, "target": 2, "time": "2022-12-08 17:35:25"}, {"source": 3, "target": 2, "time": "2022-12-08 17:36:05"}, {"source": 3, "target": 2, "time": "2022-12-08 17:36:05"}, {"source": 3, "target": 2, "time": "2022-12-08 17:36:05"}, {"source": 3, "target": 2, "time": "2022-12-08 17:36:05"}, {"source": 4, "target": 2, "time": "2022-12-08 17:36:24"}, {"source": 4, "target": 2, "time": "2022-12-08 17:36:24"}, {"source": 4, "target": 2, "time": "2022-12-08 17:36:24"}, {"source": 4, "target": 2, "time": "2022-12-08 17:36:24"}, {"source": 5, "target": 4, "time": "2022-12-08 17:37:25"}, {"source": 5, "target": 4, "time": "2022-12-08 17:37:25"}, {"source": 5, "target": 4, "time": "2022-12-08 17:37:25"}, {"source": 5, "target": 4, "time": "2022-12-08 17:37:25"}, {"source": 4, "target": 4, "time": "2022-12-08 17:37:46"}, {"source": 4, "target": 4, "time": "2022-12-08 17:37:46"}, {"source": 4, "target": 4, "time": "2022-12-08 17:37:46"}, {"source": 4, "target": 4, "time": "2022-12-08 17:37:46"}, {"source": 6, "target": 2, "time": "2022-12-08 17:37:47"}, {"source": 6, "target": 2, "time": "2022-12-08 17:37:47"}, {"source": 6, "target": 2, "time": "2022-12-08 17:37:47"}, {"source": 6, "target": 2, "time": "2022-12-08 17:37:47"}, {"source": 7, "target": 2, "time": "2022-12-08 17:39:50"}, {"source": 7, "target": 2, "time": "2022-12-08 17:39:50"}, {"source": 7, "target": 2, "time": "2022-12-08 17:39:50"}, {"source": 7, "target": 2, "time": "2022-12-08 17:39:50"}, {"source": 8, "target": 2, "time": "2022-12-08 17:40:04"}, {"source": 8, "target": 2, "time": "2022-12-08 17:40:04"}, {"source": 8, "target": 2, "time": "2022-12-08 17:40:04"}, {"source": 8, "target": 2, "time": "2022-12-08 17:40:04"}, {"source": 9, "target": 2, "time": "2022-12-08 17:45:27"}, {"source": 9, "target": 2, "time": "2022-12-08 17:45:27"}, {"source": 9, "target": 2, "time": "2022-12-08 17:45:27"}, {"source": 9, "target": 2, "time": "2022-12-08 17:45:27"}, {"source": 10, "target": 2, "time": "2022-12-08 17:47:15"}, {"source": 10, "target": 2, "time": "2022-12-08 17:47:15"}, {"source": 10, "target": 2, "time": "2022-12-08 17:47:15"}, {"source": 10, "target": 2, "time": "2022-12-08 17:47:15"}, {"source": 11, "target": 2, "time": "2022-12-08 18:14:35"}, {"source": 11, "target": 2, "time": "2022-12-08 18:14:35"}, {"source": 11, "target": 2, "time": "2022-12-08 18:14:35"}, {"source": 11, "target": 2, "time": "2022-12-08 18:14:35"}, {"source": 12, "target": 2, "time": "2022-12-08 18:18:54"}, {"source": 12, "target": 2, "time": "2022-12-08 18:18:54"}, {"source": 12, "target": 2, "time": "2022-12-08 18:18:54"}, {"source": 12, "target": 2, "time": "2022-12-08 18:18:54"}, {"source": 12, "target": 12, "time": "2022-12-08 18:44:31"}, {"source": 12, "target": 12, "time": "2022-12-08 18:44:31"}, {"source": 12, "target": 12, "time": "2022-12-08 18:44:31"}, {"source": 12, "target": 12, "time": "2022-12-08 18:44:31"}, {"source": 13, "target": 9, "time": "2022-12-08 21:08:30"}, {"source": 13, "target": 9, "time": "2022-12-08 21:08:30"}, {"source": 13, "target": 9, "time": "2022-12-08 21:08:30"}, {"source": 13, "target": 9, "time": "2022-12-08 21:08:30"}, {"source": 9, "target": 9, "time": "2022-12-09 00:02:41"}, {"source": 9, "target": 9, "time": "2022-12-09 00:02:41"}, {"source": 9, "target": 9, "time": "2022-12-09 00:02:41"}, {"source": 9, "target": 9, "time": "2022-12-09 00:02:41"}, {"source": 6, "target": 6, "time": "2022-12-10 15:39:09"}, {"source": 6, "target": 6, "time": "2022-12-10 15:39:09"}, {"source": 6, "target": 6, "time": "2022-12-10 15:39:09"}, {"source": 6, "target": 6, "time": "2022-12-10 15:39:09"}, {"source": 14, "target": 9, "time": "2022-12-12 09:07:54"}, {"source": 14, "target": 9, "time": "2022-12-12 09:07:54"}, {"source": 14, "target": 9, "time": "2022-12-12 09:07:54"}, {"source": 14, "target": 9, "time": "2022-12-12 09:07:54"}, {"source": 3, "target": 3, "time": "2022-12-12 22:30:50"}]}