{"nodes": [{"name": "\u00b7\u51c9\u70df\u4e0d\u662f\u70df\u00b7"}, {"name": "\u738b\u4e00\u535a_9785\u52a8\u529b\u661f\u7403"}, {"name": "\u72ee\u5b50\u8c79\u535a"}, {"name": "\u4e91\u7fe1YIBO"}, {"name": "\u96f6\u4e0b\u4e03\u5ea6085"}, {"name": "\u738b\u4e00\u535a\u5976\u74f6\u7ba1\u5bb6"}, {"name": "\u5575\u5154\u751c\u5fc3"}, {"name": "\u738b\u4e00\u535a\u9177\u8c79\u4f1a"}, {"name": "NTNSLeo_\u5fae\u7b11"}, {"name": "\u7504\u59ec\u7761\u4e0d\u9971"}, {"name": "\u9633\u5149\u4e0b\u7684\u821e\u8005Amy"}, {"name": "\u4e0d\u7231\u9999\u83dc\u4f46\u7231\u4f60"}, {"name": "\u738b1\u535a\u4e08\u6bcd\u5a18"}, {"name": "\u53f6\u53f6\u4e0d\u71ac\u591c\u00b7"}, {"name": "\u6211\u548c\u590f\u5929\u6765\u4e86\u561b"}, {"name": "\u738b\u4e00\u535a_WYBBar"}, {"name": "\u7535\u5f71\u65e0\u540d\u5b98\u5fae"}, {"name": "\u963f\u7444\u7444\u5450_"}], "links": [{"source": "\u738b\u4e00\u535a_9785\u52a8\u529b\u661f\u7403", "target": "\u7535\u5f71\u65e0\u540d\u5b98\u5fae", "value": "1120"}, {"source": "\u738b\u4e00\u535a\u9177\u8c79\u4f1a", "target": "\u7535\u5f71\u65e0\u540d\u5b98\u5fae", "value": "536"}, {"source": "\u53f6\u53f6\u4e0d\u71ac\u591c\u00b7", "target": "\u7535\u5f71\u65e0\u540d\u5b98\u5fae", "value": "516"}, {"source": "\u4e91\u7fe1YIBO", "target": "\u7535\u5f71\u65e0\u540d\u5b98\u5fae", "value": "500"}, {"source": "\u72ee\u5b50\u8c79\u535a", "target": "\u7535\u5f71\u65e0\u540d\u5b98\u5fae", "value": "464"}, {"source": "\u738b\u4e00\u535a_WYBBar", "target": "\u7535\u5f71\u65e0\u540d\u5b98\u5fae", "value": "458"}, {"source": "\u96f6\u4e0b\u4e03\u5ea6085", "target": "\u7535\u5f71\u65e0\u540d\u5b98\u5fae", "value": "450"}, {"source": "\u738b\u4e00\u535a\u5976\u74f6\u7ba1\u5bb6", "target": "\u7535\u5f71\u65e0\u540d\u5b98\u5fae", "value": "457"}, {"source": "\u4e0d\u7231\u9999\u83dc\u4f46\u7231\u4f60", "target": "\u7535\u5f71\u65e0\u540d\u5b98\u5fae", "value": "444"}, {"source": "\u5575\u5154\u751c\u5fc3", "target": "\u7535\u5f71\u65e0\u540d\u5b98\u5fae", "value": "450"}, {"source": "\u9633\u5149\u4e0b\u7684\u821e\u8005Amy", "target": "\u738b\u4e00\u535a_9785\u52a8\u529b\u661f\u7403", "value": "575"}, {"source": "NTNSLeo_\u5fae\u7b11", "target": "\u738b\u4e00\u535a_9785\u52a8\u529b\u661f\u7403", "value": "200"}, {"source": "\u72ee\u5b50\u8c79\u535a", "target": "\u738b\u4e00\u535a_9785\u52a8\u529b\u661f\u7403", "value": "100"}, {"source": "\u738b\u4e00\u535a_9785\u52a8\u529b\u661f\u7403", "target": "\u7535\u5f71\u65e0\u540d\u5b98\u5fae", "value": "1128"}, {"source": "\u738b\u4e00\u535a\u9177\u8c79\u4f1a", "target": "\u7535\u5f71\u65e0\u540d\u5b98\u5fae", "value": "552"}, {"source": "\u53f6\u53f6\u4e0d\u71ac\u591c\u00b7", "target": "\u7535\u5f71\u65e0\u540d\u5b98\u5fae", "value": "539"}, {"source": "\u72ee\u5b50\u8c79\u535a", "target": "\u7535\u5f71\u65e0\u540d\u5b98\u5fae", "value": "507"}, {"source": "\u5575\u5154\u751c\u5fc3", "target": "\u7535\u5f71\u65e0\u540d\u5b98\u5fae", "value": "534"}, {"source": "\u4e0d\u7231\u9999\u83dc\u4f46\u7231\u4f60", "target": "\u7535\u5f71\u65e0\u540d\u5b98\u5fae", "value": "497"}, {"source": "\u4e91\u7fe1YIBO", "target": "\u7535\u5f71\u65e0\u540d\u5b98\u5fae", "value": "501"}, {"source": "\u738b\u4e00\u535a_WYBBar", "target": "\u7535\u5f71\u65e0\u540d\u5b98\u5fae", "value": "466"}, {"source": "\u738b\u4e00\u535a\u5976\u74f6\u7ba1\u5bb6", "target": "\u7535\u5f71\u65e0\u540d\u5b98\u5fae", "value": "460"}, {"source": "\u96f6\u4e0b\u4e03\u5ea6085", "target": "\u7535\u5f71\u65e0\u540d\u5b98\u5fae", "value": "453"}, {"source": "\u738b\u4e00\u535a_9785\u52a8\u529b\u661f\u7403", "target": "\u7535\u5f71\u65e0\u540d\u5b98\u5fae", "value": "1131"}, {"source": "\u738b\u4e00\u535a\u9177\u8c79\u4f1a", "target": "\u7535\u5f71\u65e0\u540d\u5b98\u5fae", "value": "554"}, {"source": "\u53f6\u53f6\u4e0d\u71ac\u591c\u00b7", "target": "\u7535\u5f71\u65e0\u540d\u5b98\u5fae", "value": "540"}, {"source": "\u4e0d\u7231\u9999\u83dc\u4f46\u7231\u4f60", "target": "\u7535\u5f71\u65e0\u540d\u5b98\u5fae", "value": "530"}, {"source": "\u5575\u5154\u751c\u5fc3", "target": "\u7535\u5f71\u65e0\u540d\u5b98\u5fae", "value": "553"}, {"source": "\u72ee\u5b50\u8c79\u535a", "target": "\u7535\u5f71\u65e0\u540d\u5b98\u5fae", "value": "507"}, {"source": "\u4e91\u7fe1YIBO", "target": "\u7535\u5f71\u65e0\u540d\u5b98\u5fae", "value": "501"}, {"source": "\u738b\u4e00\u535a_WYBBar", "target": "\u7535\u5f71\u65e0\u540d\u5b98\u5fae", "value": "466"}, {"source": "\u738b\u4e00\u535a\u5976\u74f6\u7ba1\u5bb6", "target": "\u7535\u5f71\u65e0\u540d\u5b98\u5fae", "value": "461"}, {"source": "\u96f6\u4e0b\u4e03\u5ea6085", "target": "\u7535\u5f71\u65e0\u540d\u5b98\u5fae", "value": "453"}, {"source": "\u738b\u4e00\u535a_9785\u52a8\u529b\u661f\u7403", "target": "\u7535\u5f71\u65e0\u540d\u5b98\u5fae", "value": "1132"}, {"source": "\u738b\u4e00\u535a\u9177\u8c79\u4f1a", "target": "\u7535\u5f71\u65e0\u540d\u5b98\u5fae", "value": "556"}, {"source": "\u4e0d\u7231\u9999\u83dc\u4f46\u7231\u4f60", "target": "\u7535\u5f71\u65e0\u540d\u5b98\u5fae", "value": "548"}, {"source": "\u53f6\u53f6\u4e0d\u71ac\u591c\u00b7", "target": "\u7535\u5f71\u65e0\u540d\u5b98\u5fae", "value": "540"}, {"source": "\u5575\u5154\u751c\u5fc3", "target": "\u7535\u5f71\u65e0\u540d\u5b98\u5fae", "value": "561"}, {"source": "\u72ee\u5b50\u8c79\u535a", "target": "\u7535\u5f71\u65e0\u540d\u5b98\u5fae", "value": "507"}, {"source": "\u4e91\u7fe1YIBO", "target": "\u7535\u5f71\u65e0\u540d\u5b98\u5fae", "value": "501"}, {"source": "\u738b\u4e00\u535a_WYBBar", "target": "\u7535\u5f71\u65e0\u540d\u5b98\u5fae", "value": "467"}, {"source": "\u738b\u4e00\u535a\u5976\u74f6\u7ba1\u5bb6", "target": "\u7535\u5f71\u65e0\u540d\u5b98\u5fae", "value": "461"}, {"source": "\u96f6\u4e0b\u4e03\u5ea6085", "target": "\u7535\u5f71\u65e0\u540d\u5b98\u5fae", "value": "453"}, {"source": "\u9633\u5149\u4e0b\u7684\u821e\u8005Amy", "target": "\u738b\u4e00\u535a_9785\u52a8\u529b\u661f\u7403", "value": "575"}, {"source": "NTNSLeo_\u5fae\u7b11", "target": "\u738b\u4e00\u535a_9785\u52a8\u529b\u661f\u7403", "value": "200"}, {"source": "\u72ee\u5b50\u8c79\u535a", "target": "\u738b\u4e00\u535a_9785\u52a8\u529b\u661f\u7403", "value": "100"}, {"source": "\u738b1\u535a\u4e08\u6bcd\u5a18", "target": "\u738b\u4e00\u535a\u9177\u8c79\u4f1a", "value": "221"}, {"source": "\u7504\u59ec\u7761\u4e0d\u9971", "target": "\u5575\u5154\u751c\u5fc3", "value": "226"}, {"source": "\u738b1\u535a\u4e08\u6bcd\u5a18", "target": "\u4e91\u7fe1YIBO", "value": "159"}, {"source": "\u6211\u548c\u590f\u5929\u6765\u4e86\u561b", "target": "\u7504\u59ec\u7761\u4e0d\u9971", "value": "151"}, {"source": "\u00b7\u51c9\u70df\u4e0d\u662f\u70df\u00b7", "target": "\u7504\u59ec\u7761\u4e0d\u9971", "value": "66"}, {"source": "\u963f\u7444\u7444\u5450_", "target": "\u7504\u59ec\u7761\u4e0d\u9971", "value": "1"}, {"source": "\u738b\u4e00\u535a_9785\u52a8\u529b\u661f\u7403", "target": "\u7535\u5f71\u65e0\u540d\u5b98\u5fae", "value": "1132"}, {"source": "\u4e0d\u7231\u9999\u83dc\u4f46\u7231\u4f60", "target": "\u7535\u5f71\u65e0\u540d\u5b98\u5fae", "value": "562"}, {"source": "\u738b\u4e00\u535a\u9177\u8c79\u4f1a", "target": "\u7535\u5f71\u65e0\u540d\u5b98\u5fae", "value": "556"}, {"source": "\u53f6\u53f6\u4e0d\u71ac\u591c\u00b7", "target": "\u7535\u5f71\u65e0\u540d\u5b98\u5fae", "value": "540"}, {"source": "\u5575\u5154\u751c\u5fc3", "target": "\u7535\u5f71\u65e0\u540d\u5b98\u5fae", "value": "569"}, {"source": "\u72ee\u5b50\u8c79\u535a", "target": "\u7535\u5f71\u65e0\u540d\u5b98\u5fae", "value": "507"}, {"source": "\u4e91\u7fe1YIBO", "target": "\u7535\u5f71\u65e0\u540d\u5b98\u5fae", "value": "501"}, {"source": "\u738b\u4e00\u535a_WYBBar", "target": "\u7535\u5f71\u65e0\u540d\u5b98\u5fae", "value": "467"}, {"source": "\u738b\u4e00\u535a\u5976\u74f6\u7ba1\u5bb6", "target": "\u7535\u5f71\u65e0\u540d\u5b98\u5fae", "value": "461"}, {"source": "\u96f6\u4e0b\u4e03\u5ea6085", "target": "\u7535\u5f71\u65e0\u540d\u5b98\u5fae", "value": "453"}, {"source": "\u9633\u5149\u4e0b\u7684\u821e\u8005Amy", "target": "\u738b\u4e00\u535a_9785\u52a8\u529b\u661f\u7403", "value": "575"}, {"source": "NTNSLeo_\u5fae\u7b11", "target": "\u738b\u4e00\u535a_9785\u52a8\u529b\u661f\u7403", "value": "200"}, {"source": "\u72ee\u5b50\u8c79\u535a", "target": "\u738b\u4e00\u535a_9785\u52a8\u529b\u661f\u7403", "value": "100"}, {"source": "\u738b1\u535a\u4e08\u6bcd\u5a18", "target": "\u738b\u4e00\u535a\u9177\u8c79\u4f1a", "value": "221"}]}