{"categories": [{"name": "\u7c7b\u76ee0"}, {"name": "\u7c7b\u76ee1"}, {"name": "\u7c7b\u76ee2"}, {"name": "\u7c7b\u76ee3"}, {"name": "\u7c7b\u76ee4"}, {"name": "\u7c7b\u76ee5"}, {"name": "\u7c7b\u76ee6"}, {"name": "\u7c7b\u76ee7"}, {"name": "\u7c7b\u76ee8"}], "nodes": [{"id": 1, "name": "\u8096\u6218\u5f71\u97f3\u4f1a\u5b98\u5fae", "symbolSize": 15, "label": {"normal": {"show": true}}, "category": 7}, {"id": 2, "name": "\u8096\u6218\u5de5\u4f5c\u5ba4", "symbolSize": 15, "label": {"normal": {"show": true}}, "category": 1}, {"id": 3, "name": "\u8096\u6218\u7f51\u5ba3\u5b98\u5fae", "symbolSize": 15, "label": {"normal": {"show": true}}, "category": 7}, {"id": 4, "name": "\u8096\u5c0f\u8d5e\u7684\u575a\u679c", "symbolSize": 15, "label": {"normal": {"show": true}}, "category": 7}, {"id": 5, "name": "\u5154\u6bdb\u62a4\u7406\u624b\u518c", "symbolSize": 15, "label": {"normal": {"show": true}}, "category": 5}, {"id": 6, "name": "1005\u53f7\u80a5\u867e\u6307\u5357", "symbolSize": 15, "label": {"normal": {"show": true}}, "category": 4}, {"id": 7, "name": "Nana_1005", "symbolSize": 15, "label": {"normal": {"show": true}}, "category": 8}, {"id": 8, "name": "\u8096\u62181005\u53f7\u5b89\u5229\u7b52", "symbolSize": 15, "label": {"normal": {"show": true}}, "category": 0}, {"id": 9, "name": "\u5446\u6843\u71da", "symbolSize": 15, "label": {"normal": {"show": true}}, "category": 7}, {"id": 10, "name": "\u60f9\u6211\u8001\u516c\u4f60\u5c31\u6b7b\u5b9a\u4e86", "symbolSize": 15, "label": {"normal": {"show": true}}, "category": 1}, {"id": 11, "name": "\u4f60\u522b\u8bf4\u68a6\u60f3\u9065\u4e0d\u53ef\u53ca", "symbolSize": 15, "label": {"normal": {"show": true}}, "category": 0}, {"id": 12, "name": "ChoiMacchiato", "symbolSize": 15, "label": {"normal": {"show": true}}, "category": 3}, {"id": 13, "name": "\u845b\u845b\u5f00\u5fc3", "symbolSize": 15, "label": {"normal": {"show": true}}, "category": 3}, {"id": 14, "name": "\u65e0\u8bed\u6d1b", "symbolSize": 15, "label": {"normal": {"show": true}}, "category": 6}, {"id": 15, "name": "\u60ca\u4e16\u516c\u5b50", "symbolSize": 15, "label": {"normal": {"show": true}}, "category": 4}, {"id": 16, "name": "\u8096\u8096-\u9759\u9759", "symbolSize": 15, "label": {"normal": {"show": true}}, "category": 6}, {"id": 17, "name": "\u68a6\u66e6\u8c46\u8c46", "symbolSize": 15, "label": {"normal": {"show": true}}, "category": 3}, {"id": 18, "name": "1005\u53f7\u867e\u867e\u80fd\u91cf\u5ba2\u6808", "symbolSize": 15, "label": {"normal": {"show": true}}, "category": 0}, {"id": 19, "name": "\u6d45\u590f\u9633\u5149ai", "symbolSize": 15, "label": {"normal": {"show": true}}, "category": 7}, {"id": 20, "name": "\u8096\u67d3\u67d3\u7684\u5c0f\u5154\u7259", "symbolSize": 15, "label": {"normal": {"show": true}}, "category": 1}, {"id": 21, "name": "lisa\u7231\u6843\u6843", "symbolSize": 15, "label": {"normal": {"show": true}}, "category": 6}, {"id": 22, "name": "\u624b\u6367\u661f\u5149\u9001\u4f60", "symbolSize": 15, "label": {"normal": {"show": true}}, "category": 2}, {"id": 23, "name": "\u78d5\u989c\u65e5\u5fd7", "symbolSize": 15, "label": {"normal": {"show": true}}, "category": 5}, {"id": 24, "name": "jessie\u97eb", "symbolSize": 15, "label": {"normal": {"show": true}}, "category": 8}, {"id": 25, "name": "\u840c\u4e5d\u6708\u771f\u53ef\u7231", "symbolSize": 15, "label": {"normal": {"show": true}}, "category": 7}, {"id": 26, "name": "\u53ef\u82e6\u53ef\u4e50\u768477", "symbolSize": 15, "label": {"normal": {"show": true}}, "category": 5}, {"id": 27, "name": "wjq_1128", "symbolSize": 15, "label": {"normal": {"show": true}}, "category": 5}, {"id": 28, "name": "\u65ad\u820d\u79bb\u81ea\u96be\u5fd8", "symbolSize": 15, "label": {"normal": {"show": true}}, "category": 8}, {"id": 29, "name": "\u534a\u7cd6\u751c\u5c9b", "symbolSize": 15, "label": {"normal": {"show": true}}, "category": 4}, {"id": 30, "name": "\u6cab\u6cabZC33", "symbolSize": 15, "label": {"normal": {"show": true}}, "category": 1}, {"id": 31, "name": "\u751c\u6a59\u5c0f\u5a1c", "symbolSize": 15, "label": {"normal": {"show": true}}, "category": 1}, {"id": 32, "name": "\u8096\u8096\u96c5\u6960", "symbolSize": 15, "label": {"normal": {"show": true}}, "category": 5}, {"id": 33, "name": "\u4e00\u83dc\u4e8c\u767d", "symbolSize": 15, "label": {"normal": {"show": true}}, "category": 4}, {"id": 34, "name": "\u8424\u8424\u706b\u4e4b\u68ee\u6797", "symbolSize": 15, "label": {"normal": {"show": true}}, "category": 0}, {"id": 35, "name": "\u674e\u7f8e\u7f8e\u8bf6", "symbolSize": 15, "label": {"normal": {"show": true}}, "category": 2}, {"id": 36, "name": "\u5229\u5b89_212", "symbolSize": 15, "label": {"normal": {"show": true}}, "category": 5}, {"id": 37, "name": "\u96ef\u5b50007728", "symbolSize": 15, "label": {"normal": {"show": true}}, "category": 3}, {"id": 38, "name": "\u52c7\u6562\u7684\u5154\u5b50v", "symbolSize": 15, "label": {"normal": {"show": true}}, "category": 3}, {"id": 39, "name": "\u5c0f\u7ea2\u82b1\u7684\u5e78\u798f\u751f\u6d3b", "symbolSize": 15, "label": {"normal": {"show": true}}, "category": 2}, {"id": 40, "name": "\u95e8\u95e8\u597d\u6210\u7ee9", "symbolSize": 15, "label": {"normal": {"show": true}}, "category": 5}, {"id": 41, "name": "\u65f6\u5f71\u89c1\u5230\u7684\u7b2c\u4e00\u4e2a\u5973\u4eba", "symbolSize": 15, "label": {"normal": {"show": true}}, "category": 6}, {"id": 42, "name": "\u63d0\u62c9\u7c73\u82cf\u914d\u5267\u4e36", "symbolSize": 15, "label": {"normal": {"show": true}}, "category": 4}, {"id": 43, "name": "\u6211\u662f\u5c0f\u8017\u554a", "symbolSize": 15, "label": {"normal": {"show": true}}, "category": 5}, {"id": 44, "name": "\u4e03\u6708\u4f60\u597d888", "symbolSize": 15, "label": {"normal": {"show": true}}, "category": 7}, {"id": 45, "name": "Selamm\u521d\u5fc3", "symbolSize": 15, "label": {"normal": {"show": true}}, "category": 6}, {"id": 46, "name": "\u79e6\u65f6\u660e\u6708qinsmoon", "symbolSize": 15, "label": {"normal": {"show": true}}, "category": 4}, {"id": 47, "name": "\u5fae\u96e8\u6fdb\u6fdb", "symbolSize": 15, "label": {"normal": {"show": true}}, "category": 5}, {"id": 48, "name": "\u98de\u7fbd\u91cd\u5343", "symbolSize": 15, "label": {"normal": {"show": true}}, "category": 0}, {"id": 49, "name": "\u6109\u5feb\u5730\u547c\u5438", "symbolSize": 15, "label": {"normal": {"show": true}}, "category": 3}, {"id": 50, "name": "\u65f6\u95f4\u9057\u5fd8\u7684\u89d2\u843d\u91cc", "symbolSize": 15, "label": {"normal": {"show": true}}, "category": 8}, {"id": 51, "name": "\u7a97\u5916\u68a7\u6850\u53d1\u65b0\u82bd", "symbolSize": 15, "label": {"normal": {"show": true}}, "category": 2}, {"id": 52, "name": "\u4e3a\u6218\u800c\u6765xz623", "symbolSize": 15, "label": {"normal": {"show": true}}, "category": 6}, {"id": 53, "name": "xuhong202004", "symbolSize": 15, "label": {"normal": {"show": true}}, "category": 5}, {"id": 54, "name": "\u53d6\u4e2a\u540d\u5b57\u60f3\u5230\u534a\u591c", "symbolSize": 15, "label": {"normal": {"show": true}}, "category": 8}, {"id": 55, "name": "\u767d\u8336\u67e0\u6aac\u5154", "symbolSize": 15, "label": {"normal": {"show": true}}, "category": 7}, {"id": 56, "name": "\u4f0a\u4eba\u67ad\u8d5e", "symbolSize": 15, "label": {"normal": {"show": true}}, "category": 6}, {"id": 57, "name": "\u7231\u62181005\u5170\u8349", "symbolSize": 15, "label": {"normal": {"show": true}}, "category": 6}, {"id": 58, "name": "\u6211\u5fc3\u6211\u4e3bCAO", "symbolSize": 15, "label": {"normal": {"show": true}}, "category": 0}, {"id": 59, "name": "\u7eaa\u7ea2\u73a5", "symbolSize": 15, "label": {"normal": {"show": true}}, "category": 5}, {"id": 60, "name": "\u98ce\u5b9a\u72b9\u821e95535", "symbolSize": 15, "label": {"normal": {"show": true}}, "category": 1}, {"id": 61, "name": "\u8fd9\u6837\u76f8\u7231U", "symbolSize": 15, "label": {"normal": {"show": true}}, "category": 8}, {"id": 62, "name": "\u591c\u672a\u592eyez", "symbolSize": 15, "label": {"normal": {"show": true}}, "category": 6}, {"id": 63, "name": "\u534a\u5206\u6d45\u590f_", "symbolSize": 15, "label": {"normal": {"show": true}}, "category": 2}, {"id": 64, "name": "\u6708\u513f\u5f2f\u8170123456", "symbolSize": 15, "label": {"normal": {"show": true}}, "category": 2}, {"id": 65, "name": "\u5b89\u9713789", "symbolSize": 15, "label": {"normal": {"show": true}}, "category": 8}, {"id": 66, "name": "\u66ae\u6625\u6d45\u590f_", "symbolSize": 15, "label": {"normal": {"show": true}}, "category": 7}, {"id": 67, "name": "\u5c1a\u597d\u7684\u9752\u6625xz", "symbolSize": 15, "label": {"normal": {"show": true}}, "category": 2}, {"id": 68, "name": "\u58a8\u67d3\u66e61005", "symbolSize": 15, "label": {"normal": {"show": true}}, "category": 2}, {"id": 69, "name": "\u53d6\u4e2a\u6635\u79f0\u603b\u662f\u4e0d\u80fd\u4f7f\u7528", "symbolSize": 15, "label": {"normal": {"show": true}}, "category": 6}, {"id": 70, "name": "\u5468\u5468\u6709\u94b1daytoy", "symbolSize": 15, "label": {"normal": {"show": true}}, "category": 2}, {"id": 71, "name": "\u597d\u4eba\u4e00\u751f\u5e73\u5b89haoya", "symbolSize": 15, "label": {"normal": {"show": true}}, "category": 8}, {"id": 72, "name": "\u660e\u6708\u5728dyl", "symbolSize": 15, "label": {"normal": {"show": true}}, "category": 6}, {"id": 73, "name": "\u9752\u827283443", "symbolSize": 15, "label": {"normal": {"show": true}}, "category": 7}, {"id": 74, "name": "\u51ac\u81f3\u83ab\u79bb1005", "symbolSize": 15, "label": {"normal": {"show": true}}, "category": 0}, {"id": 75, "name": "\u4eba\u751f\u82e5\u53ea\u5982\u521d\u62181005", "symbolSize": 15, "label": {"normal": {"show": true}}, "category": 2}, {"id": 76, "name": "\u88ab\u9524\u6b7b\u5728\u5751\u5e95", "symbolSize": 15, "label": {"normal": {"show": true}}, "category": 4}, {"id": 77, "name": "\u90a3\u5e74\u7684\u51491221", "symbolSize": 15, "label": {"normal": {"show": true}}, "category": 6}, {"id": 78, "name": "\u7528\u62377531489840", "symbolSize": 15, "label": {"normal": {"show": true}}, "category": 0}, {"id": 79, "name": "\u7ea2\u73a5ricky", "symbolSize": 15, "label": {"normal": {"show": true}}, "category": 7}, {"id": 80, "name": "\u767d\u9c7cyuzq2009", "symbolSize": 15, "label": {"normal": {"show": true}}, "category": 4}, {"id": 81, "name": "\u51cc\u67ab\u9759\u5fc32020", "symbolSize": 15, "label": {"normal": {"show": true}}, "category": 4}, {"id": 82, "name": "\u51cc\u67ab\u9759\u5fc3_d", "symbolSize": 15, "label": {"normal": {"show": true}}, "category": 2}, {"id": 83, "name": "\u626f\u626f\u5c31\u662f\u6211", "symbolSize": 15, "label": {"normal": {"show": true}}, "category": 6}, {"id": 84, "name": "\u5446\u6843\u8d5e\u768477", "symbolSize": 15, "label": {"normal": {"show": true}}, "category": 3}, {"id": 85, "name": "CY\u9171\u7684\u5b64\u72ec\u72d75R", "symbolSize": 15, "label": {"normal": {"show": true}}, "category": 8}, {"id": 86, "name": "\u91cd\u5e86\u5927\u8fa3\u6912123", "symbolSize": 15, "label": {"normal": {"show": true}}, "category": 8}, {"id": 87, "name": "\u9752\u9752\u7684\u9edb\u8272", "symbolSize": 15, "label": {"normal": {"show": true}}, "category": 5}, {"id": 88, "name": "\u5b89\u5a1c\u6218\u6218\u7684\u5c0f\u98de\u4fa0", "symbolSize": 15, "label": {"normal": {"show": true}}, "category": 6}, {"id": 89, "name": "\u548c\u7f8e\u65f6\u5149", "symbolSize": 15, "label": {"normal": {"show": true}}, "category": 3}, {"id": 90, "name": "\u6a59\u82b1\u5154\u5b50sean", "symbolSize": 15, "label": {"normal": {"show": true}}, "category": 5}, {"id": 91, "name": "\u51b0\u7c89\u51c9\u867e\u5c0f\u706b\u9505_", "symbolSize": 15, "label": {"normal": {"show": true}}, "category": 6}, {"id": 92, "name": "\u4e3a\u6218\u800c\u67651005_XZ", "symbolSize": 15, "label": {"normal": {"show": true}}, "category": 7}, {"id": 93, "name": "lily99996666", "symbolSize": 15, "label": {"normal": {"show": true}}, "category": 8}, {"id": 94, "name": "\u6e05\u98ce\u552f\u6218\u800c\u6765", "symbolSize": 15, "label": {"normal": {"show": true}}, "category": 0}, {"id": 95, "name": "\u80e1\u841d\u535c\u4e0d\u662f\u841d\u535czz", "symbolSize": 15, "label": {"normal": {"show": true}}, "category": 1}, {"id": 96, "name": "\u4e4c\u745f\u5c14\u5c0f\u7834\u5b69", "symbolSize": 15, "label": {"normal": {"show": true}}, "category": 2}, {"id": 97, "name": "\u76db\u9633\u662f\u6211\u7684\u5c0f\u54e5\u54e5", "symbolSize": 15, "label": {"normal": {"show": true}}, "category": 6}, {"id": 98, "name": "\u949f\u7075\u6bd3\u79c0\u5730\u4e0b\u5ba4", "symbolSize": 15, "label": {"normal": {"show": true}}, "category": 6}, {"id": 99, "name": "\u66fc\u4ec0\u4e48\u57fa\u4ec0\u4e48\u5eb7\u4ec0\u4e48", "symbolSize": 15, "label": {"normal": {"show": true}}, "category": 2}, {"id": 100, "name": "\u7528\u62377433355651", "symbolSize": 15, "label": {"normal": {"show": true}}, "category": 5}, {"id": 101, "name": "\u968f\u98ce\u98de\u626cxyw", "symbolSize": 15, "label": {"normal": {"show": true}}, "category": 7}, {"id": 102, "name": "\u7ae0\u5148\u751f\u5bb6\u7684\u5b89\u4fee", "symbolSize": 15, "label": {"normal": {"show": true}}, "category": 3}, {"id": 103, "name": "\u78ca\u843d\u7684\u91ce\u5fc3\u5bb6865", "symbolSize": 15, "label": {"normal": {"show": true}}, "category": 7}, {"id": 104, "name": "\u59ca\u59b9\u62a5", "symbolSize": 15, "label": {"normal": {"show": true}}, "category": 2}, {"id": 105, "name": "\u968f\u767d\u6843\u5fc3", "symbolSize": 15, "label": {"normal": {"show": true}}, "category": 6}, {"id": 106, "name": "MissLiu_1005", "symbolSize": 15, "label": {"normal": {"show": true}}, "category": 6}, {"id": 107, "name": "\u621b\u5a03\u592e\u5b97", "symbolSize": 15, "label": {"normal": {"show": true}}, "category": 7}, {"id": 108, "name": "\u4e3d\u8389\u65af_\u65fa", "symbolSize": 15, "label": {"normal": {"show": true}}, "category": 4}, {"id": 109, "name": "\u871c\u8c46\u8c46\u6c99", "symbolSize": 15, "label": {"normal": {"show": true}}, "category": 0}, {"id": 110, "name": "\u730b\u730b\u5927\u961f\u957f", "symbolSize": 15, "label": {"normal": {"show": true}}, "category": 4}, {"id": 111, "name": "\u7231\u5154\u8054\u76df\u4e00\u53f7\u536b", "symbolSize": 15, "label": {"normal": {"show": true}}, "category": 6}, {"id": 112, "name": "\u6218\u5154\u4ef0\u6155\u8005", "symbolSize": 15, "label": {"normal": {"show": true}}, "category": 5}, {"id": 113, "name": "\u7ec8\u751f\u7231\u5154\u4eba\u58eb", "symbolSize": 15, "label": {"normal": {"show": true}}, "category": 4}], "links": [{"source": 1, "target": 2, "time": "2023-01-21 10:05:14"}, {"source": 3, "target": 2, "time": "2023-01-21 10:05:30"}, {"source": 4, "target": 1, "time": "2023-01-21 10:05:33"}, {"source": 5, "target": 2, "time": "2023-01-21 10:05:48"}, {"source": 6, "target": 2, "time": "2023-01-21 10:05:50"}, {"source": 7, "target": 2, "time": "2023-01-21 10:06:10"}, {"source": 8, "target": 2, "time": "2023-01-21 10:06:18"}, {"source": 9, "target": 2, "time": "2023-01-21 10:06:33"}, {"source": 10, "target": 1, "time": "2023-01-21 10:06:34"}, {"source": 11, "target": 2, "time": "2023-01-21 10:07:03"}, {"source": 12, "target": 1, "time": "2023-01-21 10:07:52"}, {"source": 13, "target": 4, "time": "2023-01-21 10:08:46"}, {"source": 14, "target": 1, "time": "2023-01-21 10:08:47"}, {"source": 15, "target": 2, "time": "2023-01-21 10:08:48"}, {"source": 16, "target": 1, "time": "2023-01-21 10:08:51"}, {"source": 17, "target": 8, "time": "2023-01-21 10:09:07"}, {"source": 18, "target": 2, "time": "2023-01-21 10:09:23"}, {"source": 19, "target": 6, "time": "2023-01-21 10:09:36"}, {"source": 7, "target": 6, "time": "2023-01-21 10:10:04"}, {"source": 20, "target": 5, "time": "2023-01-21 10:10:07"}, {"source": 20, "target": 6, "time": "2023-01-21 10:10:15"}, {"source": 21, "target": 8, "time": "2023-01-21 10:11:08"}, {"source": 22, "target": 1, "time": "2023-01-21 10:11:44"}, {"source": 16, "target": 6, "time": "2023-01-21 10:12:18"}, {"source": 16, "target": 18, "time": "2023-01-21 10:12:45"}, {"source": 16, "target": 3, "time": "2023-01-21 10:12:58"}, {"source": 15, "target": 8, "time": "2023-01-21 10:13:57"}, {"source": 20, "target": 3, "time": "2023-01-21 10:14:04"}, {"source": 20, "target": 8, "time": "2023-01-21 10:14:11"}, {"source": 20, "target": 18, "time": "2023-01-21 10:14:18"}, {"source": 23, "target": 6, "time": "2023-01-21 10:14:47"}, {"source": 24, "target": 15, "time": "2023-01-21 10:14:55"}, {"source": 25, "target": 6, "time": "2023-01-21 10:15:55"}, {"source": 16, "target": 15, "time": "2023-01-21 10:16:55"}, {"source": 26, "target": 3, "time": "2023-01-21 10:18:32"}, {"source": 27, "target": 1, "time": "2023-01-21 10:19:40"}, {"source": 26, "target": 18, "time": "2023-01-21 10:22:27"}, {"source": 28, "target": 7, "time": "2023-01-21 10:23:15"}, {"source": 29, "target": 1, "time": "2023-01-21 10:23:19"}, {"source": 30, "target": 1, "time": "2023-01-21 10:41:17"}, {"source": 31, "target": 19, "time": "2023-01-21 10:42:41"}, {"source": 32, "target": 6, "time": "2023-01-21 10:51:28"}, {"source": 33, "target": 6, "time": "2023-01-21 10:52:09"}, {"source": 34, "target": 7, "time": "2023-01-21 10:58:47"}, {"source": 35, "target": 3, "time": "2023-01-21 11:04:10"}, {"source": 36, "target": 15, "time": "2023-01-21 11:04:17"}, {"source": 37, "target": 15, "time": "2023-01-21 11:08:22"}, {"source": 38, "target": 6, "time": "2023-01-21 11:13:37"}, {"source": 39, "target": 18, "time": "2023-01-21 11:18:11"}, {"source": 40, "target": 12, "time": "2023-01-21 11:24:20"}, {"source": 41, "target": 7, "time": "2023-01-21 11:50:22"}, {"source": 42, "target": 6, "time": "2023-01-21 12:15:45"}, {"source": 43, "target": 21, "time": "2023-01-21 12:49:27"}, {"source": 44, "target": 20, "time": "2023-01-21 13:10:24"}, {"source": 45, "target": 8, "time": "2023-01-21 13:19:39"}, {"source": 45, "target": 15, "time": "2023-01-21 13:21:45"}, {"source": 37, "target": 20, "time": "2023-01-21 14:42:01"}, {"source": 46, "target": 20, "time": "2023-01-21 15:10:44"}, {"source": 47, "target": 1, "time": "2023-01-21 15:23:48"}, {"source": 48, "target": 21, "time": "2023-01-21 15:39:48"}, {"source": 49, "target": 45, "time": "2023-01-21 16:27:54"}, {"source": 50, "target": 45, "time": "2023-01-21 16:30:01"}, {"source": 51, "target": 16, "time": "2023-01-21 16:50:55"}, {"source": 51, "target": 20, "time": "2023-01-21 16:51:00"}, {"source": 51, "target": 25, "time": "2023-01-21 16:51:03"}, {"source": 51, "target": 32, "time": "2023-01-21 16:51:08"}, {"source": 52, "target": 16, "time": "2023-01-21 16:55:27"}, {"source": 53, "target": 20, "time": "2023-01-21 16:59:28"}, {"source": 54, "target": 20, "time": "2023-01-21 17:06:04"}, {"source": 55, "target": 32, "time": "2023-01-21 17:06:56"}, {"source": 56, "target": 20, "time": "2023-01-21 17:07:14"}, {"source": 57, "target": 16, "time": "2023-01-21 17:09:28"}, {"source": 58, "target": 42, "time": "2023-01-21 17:13:51"}, {"source": 58, "target": 26, "time": "2023-01-21 17:15:10"}, {"source": 58, "target": 20, "time": "2023-01-21 17:16:18"}, {"source": 58, "target": 45, "time": "2023-01-21 17:20:10"}, {"source": 58, "target": 20, "time": "2023-01-21 17:20:57"}, {"source": 59, "target": 30, "time": "2023-01-21 19:09:38"}, {"source": 59, "target": 16, "time": "2023-01-21 19:10:02"}, {"source": 59, "target": 23, "time": "2023-01-21 19:10:05"}, {"source": 59, "target": 20, "time": "2023-01-21 19:10:09"}, {"source": 59, "target": 42, "time": "2023-01-21 19:10:12"}, {"source": 59, "target": 32, "time": "2023-01-21 19:10:16"}, {"source": 59, "target": 20, "time": "2023-01-21 19:10:35"}, {"source": 59, "target": 16, "time": "2023-01-21 19:10:55"}, {"source": 59, "target": 20, "time": "2023-01-21 19:11:10"}, {"source": 60, "target": 21, "time": "2023-01-21 19:12:59"}, {"source": 61, "target": 23, "time": "2023-01-21 19:28:01"}, {"source": 61, "target": 42, "time": "2023-01-21 19:28:07"}, {"source": 62, "target": 42, "time": "2023-01-21 19:28:39"}, {"source": 62, "target": 23, "time": "2023-01-21 19:29:01"}, {"source": 63, "target": 20, "time": "2023-01-21 19:40:57"}, {"source": 63, "target": 16, "time": "2023-01-21 19:41:09"}, {"source": 63, "target": 20, "time": "2023-01-21 19:46:02"}, {"source": 63, "target": 16, "time": "2023-01-21 19:46:06"}, {"source": 64, "target": 20, "time": "2023-01-21 19:46:19"}, {"source": 65, "target": 16, "time": "2023-01-21 20:12:31"}, {"source": 66, "target": 12, "time": "2023-01-21 20:16:39"}, {"source": 66, "target": 47, "time": "2023-01-21 20:16:51"}, {"source": 66, "target": 30, "time": "2023-01-21 20:17:17"}, {"source": 66, "target": 12, "time": "2023-01-21 20:18:47"}, {"source": 66, "target": 47, "time": "2023-01-21 20:18:51"}, {"source": 66, "target": 30, "time": "2023-01-21 20:18:54"}, {"source": 67, "target": 35, "time": "2023-01-21 20:52:10"}, {"source": 68, "target": 20, "time": "2023-01-21 20:58:57"}, {"source": 69, "target": 26, "time": "2023-01-21 21:11:16"}, {"source": 70, "target": 20, "time": "2023-01-21 21:17:54"}, {"source": 71, "target": 16, "time": "2023-01-21 21:37:29"}, {"source": 72, "target": 39, "time": "2023-01-21 21:45:05"}, {"source": 73, "target": 15, "time": "2023-01-21 21:49:51"}, {"source": 74, "target": 15, "time": "2023-01-21 21:56:51"}, {"source": 75, "target": 26, "time": "2023-01-21 22:03:51"}, {"source": 76, "target": 15, "time": "2023-01-21 22:13:40"}, {"source": 77, "target": 33, "time": "2023-01-21 22:28:59"}, {"source": 78, "target": 35, "time": "2023-01-21 22:39:33"}, {"source": 79, "target": 38, "time": "2023-01-21 22:44:49"}, {"source": 80, "target": 16, "time": "2023-01-21 22:49:33"}, {"source": 81, "target": 10, "time": "2023-01-21 22:51:03"}, {"source": 82, "target": 10, "time": "2023-01-21 23:04:32"}, {"source": 63, "target": 26, "time": "2023-01-21 23:06:06"}, {"source": 83, "target": 29, "time": "2023-01-21 23:10:25"}, {"source": 84, "target": 26, "time": "2023-01-21 23:14:53"}, {"source": 85, "target": 38, "time": "2023-01-21 23:15:27"}, {"source": 86, "target": 12, "time": "2023-01-21 23:16:18"}, {"source": 87, "target": 26, "time": "2023-01-21 23:34:46"}, {"source": 88, "target": 20, "time": "2023-01-21 23:40:47"}, {"source": 89, "target": 20, "time": "2023-01-21 23:41:40"}, {"source": 90, "target": 33, "time": "2023-01-21 23:42:59"}, {"source": 90, "target": 25, "time": "2023-01-21 23:43:16"}, {"source": 90, "target": 32, "time": "2023-01-21 23:43:20"}, {"source": 91, "target": 15, "time": "2023-01-21 23:44:07"}, {"source": 92, "target": 20, "time": "2023-01-21 23:47:14"}, {"source": 93, "target": 20, "time": "2023-01-21 23:53:56"}, {"source": 93, "target": 16, "time": "2023-01-21 23:54:02"}, {"source": 94, "target": 26, "time": "2023-01-21 23:54:50"}, {"source": 95, "target": 26, "time": "2023-01-21 23:55:48"}, {"source": 95, "target": 20, "time": "2023-01-21 23:56:50"}, {"source": 96, "target": 19, "time": "2023-01-22 00:28:54"}, {"source": 97, "target": 19, "time": "2023-01-22 00:29:41"}, {"source": 98, "target": 19, "time": "2023-01-22 00:40:40"}, {"source": 99, "target": 19, "time": "2023-01-22 00:46:36"}, {"source": 100, "target": 45, "time": "2023-01-22 01:11:26"}, {"source": 101, "target": 45, "time": "2023-01-22 01:14:24"}, {"source": 102, "target": 16, "time": "2023-01-22 01:19:36"}, {"source": 103, "target": 16, "time": "2023-01-22 01:34:32"}, {"source": 104, "target": 16, "time": "2023-01-22 02:05:07"}, {"source": 105, "target": 14, "time": "2023-01-22 07:23:33"}, {"source": 106, "target": 22, "time": "2023-01-22 15:31:28"}, {"source": 107, "target": 29, "time": "2023-01-22 17:20:34"}, {"source": 98, "target": 16, "time": "2023-01-22 20:33:30"}, {"source": 108, "target": 14, "time": "2023-01-22 20:36:09"}, {"source": 109, "target": 4, "time": "2023-01-23 07:26:09"}, {"source": 110, "target": 1, "time": "2023-01-23 22:59:35"}, {"source": 110, "target": 6, "time": "2023-01-23 22:59:40"}, {"source": 110, "target": 18, "time": "2023-01-23 22:59:46"}, {"source": 111, "target": 1, "time": "2023-01-23 23:16:35"}, {"source": 111, "target": 110, "time": "2023-01-23 23:16:35"}, {"source": 111, "target": 6, "time": "2023-01-23 23:16:40"}, {"source": 111, "target": 110, "time": "2023-01-23 23:16:40"}, {"source": 111, "target": 18, "time": "2023-01-23 23:16:44"}, {"source": 111, "target": 110, "time": "2023-01-23 23:16:44"}, {"source": 112, "target": 1, "time": "2023-01-23 23:20:08"}, {"source": 112, "target": 111, "time": "2023-01-23 23:20:08"}, {"source": 112, "target": 110, "time": "2023-01-23 23:20:08"}, {"source": 112, "target": 6, "time": "2023-01-23 23:20:16"}, {"source": 112, "target": 111, "time": "2023-01-23 23:20:16"}, {"source": 112, "target": 110, "time": "2023-01-23 23:20:16"}, {"source": 112, "target": 18, "time": "2023-01-23 23:20:20"}, {"source": 112, "target": 111, "time": "2023-01-23 23:20:20"}, {"source": 112, "target": 110, "time": "2023-01-23 23:20:20"}, {"source": 113, "target": 112, "time": "2023-01-23 23:25:26"}, {"source": 113, "target": 111, "time": "2023-01-23 23:25:26"}, {"source": 113, "target": 110, "time": "2023-01-23 23:25:26"}, {"source": 113, "target": 112, "time": "2023-01-23 23:25:30"}, {"source": 113, "target": 111, "time": "2023-01-23 23:25:30"}, {"source": 113, "target": 110, "time": "2023-01-23 23:25:30"}, {"source": 113, "target": 112, "time": "2023-01-23 23:25:36"}, {"source": 113, "target": 111, "time": "2023-01-23 23:25:36"}, {"source": 113, "target": 110, "time": "2023-01-23 23:25:36"}]}